i,j,nfrag_i,nfrag_j,window_cells,workload_stratum,sample_rank
6429,23563,102,93,9486,full_family_coverage,1
4607,24683,444,121,53724,full_family_coverage,2
15975,21509,126,126,15876,full_family_coverage,3
17931,19328,870,202,175740,full_family_coverage,4
7394,17051,10,107,1070,full_family_coverage,5
7673,16365,141,130,18330,full_family_coverage,6
6260,24327,165,143,23595,full_family_coverage,7
394,16935,146,45,6570,full_family_coverage,8
3063,4125,216,67,14472,full_family_coverage,9
16002,24340,181,590,106790,full_family_coverage,10
1063,19445,233,281,65473,full_family_coverage,11
2743,23332,134,51,6834,full_family_coverage,12
6824,16764,175,99,17325,full_family_coverage,13
10485,13952,519,140,72660,full_family_coverage,14
13270,23074,117,193,22581,full_family_coverage,15
12060,14193,81,85,6885,full_family_coverage,16
10574,25180,15,80,1200,full_family_coverage,17
2745,9856,54,205,11070,full_family_coverage,18
4120,14683,1019,273,278187,full_family_coverage,19
795,7656,52,188,9776,full_family_coverage,20
6455,23995,127,485,61595,full_family_coverage,21
3887,15739,148,287,42476,full_family_coverage,22
1349,23101,14,74,1036,full_family_coverage,23
3250,17395,417,92,38364,full_family_coverage,24
9141,17155,183,100,18300,full_family_coverage,25
15219,23328,114,33,3762,full_family_coverage,26
13233,14143,79,93,7347,full_family_coverage,27
8194,21385,103,74,7622,full_family_coverage,28
3341,9106,260,80,20800,full_family_coverage,29
16321,21977,59,109,6431,full_family_coverage,30
953,8787,431,245,105595,full_family_coverage,31
7782,8409,28,79,2212,full_family_coverage,32
6718,11714,121,195,23595,full_family_coverage,33
4767,21374,83,185,15355,full_family_coverage,34
3170,11378,79,176,13904,full_family_coverage,35
9984,18864,129,165,21285,full_family_coverage,36
10118,16818,55,101,5555,full_family_coverage,37
11218,21060,412,41,16892,full_family_coverage,38
6533,6889,54,247,13338,full_family_coverage,39
18044,22865,434,61,26474,full_family_coverage,40
1117,2704,83,216,17928,full_family_coverage,41
6259,12027,336,270,90720,full_family_coverage,42
69,5537,157,35,5495,full_family_coverage,43
11735,21759,1337,197,263389,full_family_coverage,44
11387,11552,64,102,6528,full_family_coverage,45
1503,9814,499,137,68363,full_family_coverage,46
8092,11485,122,217,26474,full_family_coverage,47
10692,22067,79,53,4187,full_family_coverage,48
3616,18386,308,217,66836,full_family_coverage,49
18479,23347,76,64,4864,full_family_coverage,50
5888,15749,69,55,3795,full_family_coverage,51
262,11576,106,157,16642,full_family_coverage,52
2338,9322,444,330,146520,full_family_coverage,53
1871,10903,371,41,15211,full_family_coverage,54
4353,19474,44,212,9328,full_family_coverage,55
14045,22981,30,192,5760,full_family_coverage,56
7098,23355,335,179,59965,full_family_coverage,57
9163,19580,87,157,13659,full_family_coverage,58
1177,18342,27,33,891,full_family_coverage,59
13824,16972,51,191,9741,full_family_coverage,60
4355,11299,62,196,12152,full_family_coverage,61
18918,24424,57,130,7410,full_family_coverage,62
142,12800,294,225,66150,full_family_coverage,63
6396,10009,62,54,3348,full_family_coverage,64
8226,22381,126,101,12726,full_family_coverage,65
20283,22548,74,204,15096,full_family_coverage,66
1247,10268,327,149,48723,full_family_coverage,67
4519,13993,191,174,33234,full_family_coverage,68
5188,22696,127,159,20193,full_family_coverage,69
656,5776,259,69,17871,full_family_coverage,70
8799,17128,605,227,137335,full_family_coverage,71
6564,11880,296,91,26936,full_family_coverage,72
4211,13981,109,259,28231,full_family_coverage,73
6654,24166,70,187,13090,full_family_coverage,74
7324,9567,12,107,1284,full_family_coverage,75
9909,19232,33,64,2112,full_family_coverage,76
19137,23604,121,69,8349,full_family_coverage,77
2310,11537,177,130,23010,full_family_coverage,78
1401,5238,43,106,4558,full_family_coverage,79
1683,12226,235,77,18095,full_family_coverage,80
2296,17899,192,605,116160,full_family_coverage,81
23247,24196,74,142,10508,full_family_coverage,82
6153,13830,240,45,10800,full_family_coverage,83
3775,4618,147,530,77910,full_family_coverage,84
10745,22988,58,101,5858,full_family_coverage,85
1463,16892,194,110,21340,full_family_coverage,86
6168,20454,144,117,16848,full_family_coverage,87
16253,24788,88,45,3960,full_family_coverage,88
12603,16584,317,134,42478,full_family_coverage,89
13262,18491,114,124,14136,full_family_coverage,90
1160,12980,133,133,17689,full_family_coverage,91
9205,14862,141,72,10152,full_family_coverage,92
14147,24465,147,303,44541,full_family_coverage,93
16219,17616,215,46,9890,full_family_coverage,94
7851,12388,87,299,26013,full_family_coverage,95
16948,18852,175,69,12075,full_family_coverage,96
13581,18948,55,82,4510,full_family_coverage,97
1211,15728,229,85,19465,full_family_coverage,98
1047,22874,353,60,21180,full_family_coverage,99
399,7273,154,169,26026,full_family_coverage,100
7523,24639,54,250,13500,full_family_coverage,101
11134,13370,182,254,46228,full_family_coverage,102
8994,18446,301,195,58695,full_family_coverage,103
9849,16768,281,140,39340,full_family_coverage,104
7391,16652,20,204,4080,full_family_coverage,105
17732,23507,124,30,3720,full_family_coverage,106
15662,18497,78,140,10920,full_family_coverage,107
657,23008,92,148,13616,full_family_coverage,108
5407,8702,269,21,5649,full_family_coverage,109
21284,23028,133,41,5453,full_family_coverage,110
1318,1950,55,273,15015,full_family_coverage,111
14732,15880,109,100,10900,full_family_coverage,112
1285,6118,61,47,2867,full_family_coverage,113
5566,15994,31,207,6417,full_family_coverage,114
13506,25160,90,140,12600,full_family_coverage,115
9653,16866,168,66,11088,full_family_coverage,116
7840,21573,142,93,13206,full_family_coverage,117
20270,20900,14,35,490,full_family_coverage,118
13955,17963,130,54,7020,full_family_coverage,119
3277,3641,147,44,6468,full_family_coverage,120
12693,24752,140,45,6300,full_family_coverage,121
20838,24323,443,60,26580,full_family_coverage,122
8707,9237,118,65,7670,full_family_coverage,123
17054,23584,128,227,29056,full_family_coverage,124
19350,24395,122,240,29280,full_family_coverage,125
12117,20422,63,104,6552,full_family_coverage,126
5693,13338,235,132,31020,full_family_coverage,127
2142,8396,239,52,12428,full_family_coverage,128
14514,15419,551,140,77140,full_family_coverage,129
10067,12985,92,39,3588,full_family_coverage,130
1699,11149,306,303,92718,full_family_coverage,131
21833,22210,239,65,15535,full_family_coverage,132
2010,16687,559,223,124657,full_family_coverage,133
12220,24034,36,161,5796,full_family_coverage,134
5440,8990,192,144,27648,full_family_coverage,135
16308,22773,91,54,4914,full_family_coverage,136
1179,16101,118,91,10738,full_family_coverage,137
7757,23543,272,88,23936,full_family_coverage,138
6427,21440,114,151,17214,full_family_coverage,139
16288,25375,385,123,47355,full_family_coverage,140
997,3577,105,122,12810,full_family_coverage,141
13697,17440,99,117,11583,full_family_coverage,142
8240,9098,289,350,101150,full_family_coverage,143
12322,19880,219,31,6789,full_family_coverage,144
3935,12591,141,19,2679,full_family_coverage,145
8259,8660,81,59,4779,full_family_coverage,146
7773,24924,225,209,47025,full_family_coverage,147
5969,24012,105,211,22155,full_family_coverage,148
2978,19752,222,87,19314,full_family_coverage,149
3187,12321,60,200,12000,full_family_coverage,150
3507,18218,160,821,131360,full_family_coverage,151
2521,17772,308,138,42504,full_family_coverage,152
7878,21437,95,270,25650,full_family_coverage,153
3778,22528,140,12,1680,full_family_coverage,154
6624,11645,296,344,101824,full_family_coverage,155
6679,13577,134,173,23182,full_family_coverage,156
20778,23772,123,98,12054,full_family_coverage,157
9379,17122,109,184,20056,full_family_coverage,158
5312,16011,495,175,86625,full_family_coverage,159
5051,10434,203,84,17052,full_family_coverage,160
10946,25364,134,111,14874,full_family_coverage,161
14358,22580,126,31,3906,full_family_coverage,162
9165,14639,118,27,3186,full_family_coverage,163
10829,12057,112,104,11648,full_family_coverage,164
22925,25323,56,125,7000,full_family_coverage,165
16209,21547,146,173,25258,full_family_coverage,166
2289,15530,38,25,950,full_family_coverage,167
9108,15420,167,200,33400,full_family_coverage,168
3297,11362,389,195,75855,full_family_coverage,169
1996,11592,174,102,17748,full_family_coverage,170
6120,10865,173,69,11937,full_family_coverage,171
1539,13332,56,139,7784,full_family_coverage,172
12789,14298,273,222,60606,full_family_coverage,173
5008,7847,73,167,12191,full_family_coverage,174
14903,17612,96,112,10752,full_family_coverage,175
10683,14613,143,126,18018,full_family_coverage,176
12175,18942,68,256,17408,full_family_coverage,177
1250,25257,105,168,17640,full_family_coverage,178
1419,9868,166,74,12284,full_family_coverage,179
15031,16439,224,101,22624,full_family_coverage,180
1504,25540,128,30,3840,full_family_coverage,181
20686,25413,316,261,82476,full_family_coverage,182
21676,24746,59,69,4071,full_family_coverage,183
62,20406,672,117,78624,full_family_coverage,184
17094,18045,137,93,12741,full_family_coverage,185
679,14916,80,253,20240,full_family_coverage,186
706,1890,275,140,38500,full_family_coverage,187
8342,23338,21,102,2142,full_family_coverage,188
1624,16611,172,337,57964,full_family_coverage,189
498,4056,284,38,10792,full_family_coverage,190
4110,22568,381,93,35433,full_family_coverage,191
4416,16698,103,74,7622,full_family_coverage,192
10945,16271,201,317,63717,full_family_coverage,193
1894,21441,480,150,72000,full_family_coverage,194
2433,22958,317,34,10778,full_family_coverage,195
4419,17668,120,61,7320,full_family_coverage,196
21655,23389,184,188,34592,full_family_coverage,197
48,25471,80,105,8400,full_family_coverage,198
3367,22111,96,156,14976,full_family_coverage,199
23399,24313,131,85,11135,full_family_coverage,200
6276,21477,25,110,2750,full_family_coverage,201
2957,12827,181,85,15385,full_family_coverage,202
751,12332,102,174,17748,full_family_coverage,203
15325,22301,464,73,33872,full_family_coverage,204
1088,9422,108,127,13716,full_family_coverage,205
3004,12620,321,294,94374,full_family_coverage,206
153,13569,67,91,6097,full_family_coverage,207
4437,19070,500,573,286500,full_family_coverage,208
2463,13706,212,218,46216,full_family_coverage,209
17347,22570,61,103,6283,full_family_coverage,210
8936,15203,101,156,15756,full_family_coverage,211
776,17137,140,156,21840,full_family_coverage,212
9397,15491,164,592,97088,full_family_coverage,213
11757,11867,51,96,4896,full_family_coverage,214
7713,14012,75,175,13125,full_family_coverage,215
15168,15471,373,273,101829,full_family_coverage,216
11479,17419,39,236,9204,full_family_coverage,217
4157,13600,509,116,59044,full_family_coverage,218
648,19914,295,130,38350,full_family_coverage,219
9687,14282,75,127,9525,full_family_coverage,220
2566,17455,175,22,3850,full_family_coverage,221
4092,22355,35,106,3710,full_family_coverage,222
11245,12802,18,187,3366,full_family_coverage,223
3537,19296,266,108,28728,full_family_coverage,224
18020,24726,186,101,18786,full_family_coverage,225
13101,13382,267,52,13884,full_family_coverage,226
10081,20974,224,163,36512,full_family_coverage,227
16998,20685,105,160,16800,full_family_coverage,228
3829,4036,148,315,46620,full_family_coverage,229
12867,18092,78,82,6396,full_family_coverage,230
13224,20702,102,334,34068,full_family_coverage,231
1977,7701,198,212,41976,full_family_coverage,232
10797,21983,133,40,5320,full_family_coverage,233
5635,24027,85,172,14620,full_family_coverage,234
3351,23114,328,240,78720,full_family_coverage,235
22463,22605,65,95,6175,full_family_coverage,236
833,13221,290,105,30450,full_family_coverage,237
10892,15741,79,95,7505,full_family_coverage,238
4400,18835,115,64,7360,full_family_coverage,239
6754,10839,285,262,74670,full_family_coverage,240
4447,22016,83,52,4316,full_family_coverage,241
5998,6000,88,308,27104,full_family_coverage,242
18014,21644,34,40,1360,full_family_coverage,243
5447,10634,102,76,7752,full_family_coverage,244
23554,23910,116,42,4872,full_family_coverage,245
20536,21761,79,199,15721,full_family_coverage,246
5852,10350,130,70,9100,full_family_coverage,247
47,14006,55,127,6985,full_family_coverage,248
4710,6092,532,120,63840,full_family_coverage,249
3528,3988,282,68,19176,full_family_coverage,250
3019,19552,200,124,24800,full_family_coverage,251
16303,19902,73,163,11899,full_family_coverage,252
18747,19931,397,269,106793,full_family_coverage,253
9607,19543,44,38,1672,full_family_coverage,254
991,17187,219,171,37449,full_family_coverage,255
8553,14798,109,47,5123,full_family_coverage,256
2091,11427,140,179,25060,full_family_coverage,257
13372,14869,71,134,9514,full_family_coverage,258
13588,23243,86,137,11782,full_family_coverage,259
14274,24650,877,351,307827,full_family_coverage,260
22088,22807,115,93,10695,full_family_coverage,261
1112,20902,258,96,24768,full_family_coverage,262
4846,22501,74,348,25752,full_family_coverage,263
4547,21654,71,158,11218,full_family_coverage,264
12255,17374,708,156,110448,full_family_coverage,265
16648,21089,111,163,18093,full_family_coverage,266
2535,4834,123,244,30012,full_family_coverage,267
1654,3730,102,91,9282,full_family_coverage,268
17894,20143,62,187,11594,full_family_coverage,269
8725,20196,100,91,9100,full_family_coverage,270
8842,13384,70,144,10080,full_family_coverage,271
2018,24482,297,103,30591,full_family_coverage,272
16221,19697,65,48,3120,full_family_coverage,273
18756,24883,370,65,24050,full_family_coverage,274
18810,20548,45,248,11160,full_family_coverage,275
7883,9454,327,83,27141,full_family_coverage,276
1265,3542,113,157,17741,full_family_coverage,277
20524,20565,100,115,11500,full_family_coverage,278
10721,14053,35,132,4620,full_family_coverage,279
1806,18846,174,244,42456,full_family_coverage,280
3667,23821,356,87,30972,full_family_coverage,281
1536,6972,214,620,132680,full_family_coverage,282
10867,13667,141,99,13959,full_family_coverage,283
1709,4318,127,90,11430,full_family_coverage,284
1057,14235,117,64,7488,full_family_coverage,285
4314,4942,168,315,52920,full_family_coverage,286
995,24428,355,310,110050,full_family_coverage,287
16277,19751,248,159,39432,full_family_coverage,288
1155,4126,124,151,18724,full_family_coverage,289
2243,18848,85,107,9095,full_family_coverage,290
10039,25086,144,126,18144,full_family_coverage,291
12975,21151,134,93,12462,full_family_coverage,292
2487,4841,132,35,4620,full_family_coverage,293
20098,23343,55,34,1870,full_family_coverage,294
1367,5225,165,290,47850,full_family_coverage,295
5367,13646,126,211,26586,full_family_coverage,296
1313,16801,76,21,1596,full_family_coverage,297
15578,21907,182,20,3640,full_family_coverage,298
4858,7099,161,82,13202,full_family_coverage,299
7458,10554,26,34,884,full_family_coverage,300
20058,24379,167,95,15865,full_family_coverage,301
23081,23736,30,76,2280,full_family_coverage,302
6294,24244,198,169,33462,full_family_coverage,303
7031,18629,307,205,62935,full_family_coverage,304
6281,16520,302,68,20536,full_family_coverage,305
675,18818,306,178,54468,full_family_coverage,306
2212,8557,270,148,39960,full_family_coverage,307
3069,14923,9,118,1062,full_family_coverage,308
15635,17021,121,106,12826,full_family_coverage,309
3462,16678,1073,196,210308,full_family_coverage,310
4754,14081,491,42,20622,full_family_coverage,311
14135,24283,106,335,35510,full_family_coverage,312
7726,13341,70,70,4900,full_family_coverage,313
7552,8134,347,107,37129,full_family_coverage,314
15543,19850,66,130,8580,full_family_coverage,315
11523,13462,94,114,10716,full_family_coverage,316
6229,20233,188,64,12032,full_family_coverage,317
9125,21068,93,71,6603,full_family_coverage,318
13511,21451,35,181,6335,full_family_coverage,319
1453,8766,26,57,1482,full_family_coverage,320
5387,18380,134,163,21842,full_family_coverage,321
9521,20941,54,73,3942,full_family_coverage,322
17872,19342,108,101,10908,full_family_coverage,323
9778,18688,154,54,8316,full_family_coverage,324
4156,11874,63,288,18144,full_family_coverage,325
10165,10181,270,76,20520,full_family_coverage,326
2238,8244,43,43,1849,full_family_coverage,327
20873,21934,139,151,20989,full_family_coverage,328
21479,23801,100,112,11200,full_family_coverage,329
10844,16461,149,74,11026,full_family_coverage,330
21046,21728,151,154,23254,full_family_coverage,331
6719,25408,227,135,30645,full_family_coverage,332
2082,24140,244,130,31720,full_family_coverage,333
782,6472,33,208,6864,full_family_coverage,334
6122,22137,779,51,39729,full_family_coverage,335
12182,20735,167,22,3674,full_family_coverage,336
10,4610,97,130,12610,full_family_coverage,337
32,5822,184,2043,375912,full_family_coverage,338
15097,19690,138,124,17112,full_family_coverage,339
1597,7964,382,51,19482,full_family_coverage,340
9928,20033,159,59,9381,full_family_coverage,341
2772,10177,77,141,10857,full_family_coverage,342
108,23042,73,83,6059,full_family_coverage,343
554,13476,544,131,71264,full_family_coverage,344
20169,22723,170,847,143990,full_family_coverage,345
9654,14922,284,62,17608,full_family_coverage,346
10126,23521,62,53,3286,full_family_coverage,347
10353,12788,169,219,37011,full_family_coverage,348
722,10696,96,147,14112,full_family_coverage,349
824,9356,384,353,135552,full_family_coverage,350
5996,22275,195,73,14235,full_family_coverage,351
7848,19380,202,127,25654,full_family_coverage,352
6358,10652,164,104,17056,full_family_coverage,353
82,19901,51,149,7599,full_family_coverage,354
10024,14522,211,514,108454,full_family_coverage,355
19404,21216,202,94,18988,full_family_coverage,356
3279,17556,717,67,48039,full_family_coverage,357
4357,6152,95,243,23085,full_family_coverage,358
12532,19425,152,162,24624,full_family_coverage,359
15729,17474,186,159,29574,full_family_coverage,360
1896,8585,488,79,38552,full_family_coverage,361
5184,16589,66,118,7788,full_family_coverage,362
2907,19617,246,218,53628,full_family_coverage,363
18018,24029,127,105,13335,full_family_coverage,364
6254,18181,321,180,57780,full_family_coverage,365
7337,7454,431,51,21981,full_family_coverage,366
9220,12790,317,50,15850,full_family_coverage,367
12663,17086,79,337,26623,full_family_coverage,368
16699,24271,58,79,4582,full_family_coverage,369
11794,21523,104,52,5408,full_family_coverage,370
355,14180,63,94,5922,full_family_coverage,371
17414,21765,50,43,2150,full_family_coverage,372
11398,21899,42,70,2940,full_family_coverage,373
9341,21280,499,60,29940,full_family_coverage,374
6338,6345,48,213,10224,full_family_coverage,375
494,2683,29,104,3016,full_family_coverage,376
2719,23871,170,84,14280,full_family_coverage,377
4195,16296,202,108,21816,full_family_coverage,378
4418,22142,54,82,4428,full_family_coverage,379
8685,12054,119,123,14637,full_family_coverage,380
17816,22224,119,305,36295,full_family_coverage,381
2454,12173,156,19,2964,full_family_coverage,382
3692,24963,64,83,5312,full_family_coverage,383
7611,22080,62,76,4712,full_family_coverage,384
11170,24775,421,119,50099,full_family_coverage,385
16578,19259,357,111,39627,full_family_coverage,386
4260,12879,181,57,10317,full_family_coverage,387
6674,11314,213,124,26412,full_family_coverage,388
4339,8500,180,371,66780,full_family_coverage,389
16786,22240,75,35,2625,full_family_coverage,390
4375,19980,56,224,12544,full_family_coverage,391
2381,19837,229,333,76257,full_family_coverage,392
3010,15601,112,87,9744,full_family_coverage,393
2421,12895,328,538,176464,full_family_coverage,394
7936,9226,137,162,22194,full_family_coverage,395
473,20659,219,177,38763,full_family_coverage,396
3609,16376,53,138,7314,full_family_coverage,397
11468,17590,148,100,14800,full_family_coverage,398
14010,22537,133,106,14098,full_family_coverage,399
7617,21916,250,42,10500,full_family_coverage,400
959,9972,122,70,8540,full_family_coverage,401
1354,23870,196,94,18424,full_family_coverage,402
2807,21535,433,125,54125,full_family_coverage,403
7995,10804,96,112,10752,full_family_coverage,404
10431,12468,309,415,128235,full_family_coverage,405
22846,23183,175,60,10500,full_family_coverage,406
1589,3824,121,251,30371,full_family_coverage,407
8154,20938,120,50,6000,full_family_coverage,408
1091,1889,212,85,18020,full_family_coverage,409
15479,23009,62,67,4154,full_family_coverage,410
8168,17012,125,82,10250,full_family_coverage,411
3820,17979,47,124,5828,full_family_coverage,412
13479,23749,87,143,12441,full_family_coverage,413
9589,18748,136,40,5440,full_family_coverage,414
14962,24582,239,181,43259,full_family_coverage,415
1142,24116,128,107,13696,full_family_coverage,416
13750,25403,75,283,21225,full_family_coverage,417
14702,21910,75,202,15150,full_family_coverage,418
5615,17822,36,10,360,full_family_coverage,419
2108,10266,60,97,5820,full_family_coverage,420
1100,18178,550,260,143000,full_family_coverage,421
8658,15059,82,250,20500,full_family_coverage,422
4162,10704,186,134,24924,full_family_coverage,423
1466,7601,150,78,11700,full_family_coverage,424
1071,5500,82,523,42886,full_family_coverage,425
4678,12445,310,109,33790,full_family_coverage,426
14285,16490,172,164,28208,full_family_coverage,427
24483,24555,56,214,11984,full_family_coverage,428
8111,15945,103,55,5665,full_family_coverage,429
11324,21630,151,49,7399,full_family_coverage,430
275,2669,355,211,74905,full_family_coverage,431
6655,25194,59,52,3068,full_family_coverage,432
1436,15058,361,59,21299,full_family_coverage,433
19700,21595,50,218,10900,full_family_coverage,434
2564,22484,98,25,2450,full_family_coverage,435
4972,18095,173,109,18857,full_family_coverage,436
3370,22238,237,37,8769,full_family_coverage,437
5614,20142,145,103,14935,full_family_coverage,438
7386,18369,11,211,2321,full_family_coverage,439
6524,14163,176,107,18832,full_family_coverage,440
11008,22309,107,66,7062,full_family_coverage,441
977,5967,42,345,14490,full_family_coverage,442
2542,20844,80,107,8560,full_family_coverage,443
10528,18205,54,124,6696,full_family_coverage,444
12447,22265,112,140,15680,full_family_coverage,445
13380,18787,46,181,8326,full_family_coverage,446
49,21259,44,118,5192,full_family_coverage,447
2763,24434,123,25,3075,full_family_coverage,448
7360,19599,420,66,27720,full_family_coverage,449
10261,23402,195,125,24375,full_family_coverage,450
3184,10482,152,76,11552,full_family_coverage,451
15845,20479,95,86,8170,full_family_coverage,452
3313,10646,223,99,22077,full_family_coverage,453
7738,17652,125,110,13750,full_family_coverage,454
3459,21495,133,71,9443,full_family_coverage,455
2078,8419,43,65,2795,full_family_coverage,456
5352,12024,523,122,63806,full_family_coverage,457
13065,24526,70,124,8680,full_family_coverage,458
1665,7630,475,93,44175,full_family_coverage,459
298,8646,157,204,32028,full_family_coverage,460
90,8744,170,158,26860,full_family_coverage,461
1137,15637,92,116,10672,full_family_coverage,462
3636,14997,135,113,15255,full_family_coverage,463
6525,7955,93,107,9951,full_family_coverage,464
281,5195,289,509,147101,full_family_coverage,465
14215,19921,116,827,95932,full_family_coverage,466
12373,13778,138,99,13662,full_family_coverage,467
4657,24427,36,122,4392,full_family_coverage,468
1166,16117,174,269,46806,full_family_coverage,469
204,6263,518,239,123802,full_family_coverage,470
8287,13375,88,292,25696,full_family_coverage,471
21214,24664,156,270,42120,full_family_coverage,472
5086,15918,711,53,37683,full_family_coverage,473
9508,16094,258,68,17544,full_family_coverage,474
4951,20498,72,79,5688,full_family_coverage,475
12280,17747,71,136,9656,full_family_coverage,476
6155,6959,157,23,3611,full_family_coverage,477
8845,25136,185,133,24605,full_family_coverage,478
14510,24854,97,51,4947,full_family_coverage,479
5073,14588,55,209,11495,full_family_coverage,480
70,8911,107,82,8774,full_family_coverage,481
15178,22970,173,41,7093,full_family_coverage,482
721,22908,42,47,1974,full_family_coverage,483
2833,21146,152,161,24472,full_family_coverage,484
2786,22788,236,99,23364,full_family_coverage,485
8219,9979,126,70,8820,full_family_coverage,486
21837,25537,198,152,30096,full_family_coverage,487
12767,16377,491,111,54501,full_family_coverage,488
21055,23996,346,119,41174,full_family_coverage,489
11088,11341,131,62,8122,full_family_coverage,490
7334,20762,160,346,55360,full_family_coverage,491
17,25250,43,48,2064,full_family_coverage,492
3093,24089,199,25,4975,full_family_coverage,493
332,13163,709,55,38995,full_family_coverage,494
19109,23023,1049,193,202457,full_family_coverage,495
9696,11497,165,144,23760,full_family_coverage,496
3572,4814,45,258,11610,full_family_coverage,497
5478,5923,424,338,143312,full_family_coverage,498
2840,10827,232,645,149640,full_family_coverage,499
563,15596,110,46,5060,full_family_coverage,500
16393,22563,178,53,9434,full_family_coverage,501
6876,21152,55,95,5225,full_family_coverage,502
4479,17611,214,111,23754,full_family_coverage,503
5599,23044,346,67,23182,full_family_coverage,504
16538,18556,39,518,20202,full_family_coverage,505
15392,16237,94,156,14664,full_family_coverage,506
12891,19469,60,50,3000,full_family_coverage,507
5508,18028,28,79,2212,full_family_coverage,508
9784,15217,169,175,29575,full_family_coverage,509
16,21656,72,87,6264,full_family_coverage,510
22132,24713,25,123,3075,full_family_coverage,511
19839,24692,56,103,5768,full_family_coverage,512
9775,18815,293,140,41020,full_family_coverage,513
2876,8541,326,131,42706,full_family_coverage,514
7305,13699,79,66,5214,full_family_coverage,515
6512,23357,119,34,4046,full_family_coverage,516
3109,24774,438,47,20586,full_family_coverage,517
418,16204,318,72,22896,full_family_coverage,518
11753,18589,225,77,17325,full_family_coverage,519
7400,10174,9,370,3330,full_family_coverage,520
16842,22954,102,72,7344,full_family_coverage,521
14056,21063,272,92,25024,full_family_coverage,522
2012,17996,325,168,54600,full_family_coverage,523
7861,25461,75,20,1500,full_family_coverage,524
3105,15064,3,118,354,full_family_coverage,525
1622,25418,181,194,35114,full_family_coverage,526
5911,13051,165,66,10890,full_family_coverage,527
3204,4757,121,227,27467,full_family_coverage,528
1403,9023,111,126,13986,full_family_coverage,529
20056,22642,93,115,10695,full_family_coverage,530
6219,13049,60,161,9660,full_family_coverage,531
3089,5077,183,62,11346,full_family_coverage,532
15405,22670,152,514,78128,full_family_coverage,533
3045,14300,262,258,67596,full_family_coverage,534
3975,13942,134,142,19028,full_family_coverage,535
5083,20882,472,63,29736,full_family_coverage,536
184,25038,122,257,31354,full_family_coverage,537
4855,22232,68,180,12240,full_family_coverage,538
4284,5196,54,290,15660,full_family_coverage,539
24268,25478,116,85,9860,full_family_coverage,540
105,5965,255,105,26775,full_family_coverage,541
8316,10614,100,26,2600,full_family_coverage,542
3005,4932,163,103,16789,full_family_coverage,543
1391,15244,35,68,2380,full_family_coverage,544
9826,20767,81,114,9234,full_family_coverage,545
13786,21671,142,144,20448,full_family_coverage,546
21530,25169,77,117,9009,full_family_coverage,547
7707,25051,51,66,3366,full_family_coverage,548
6744,19684,174,52,9048,full_family_coverage,549
20813,23251,213,41,8733,full_family_coverage,550
16218,24147,57,275,15675,full_family_coverage,551
450,1905,39,44,1716,full_family_coverage,552
5641,14934,112,57,6384,full_family_coverage,553
6761,8993,83,407,33781,full_family_coverage,554
6884,15992,111,252,27972,full_family_coverage,555
2422,15649,236,148,34928,full_family_coverage,556
24689,25196,236,59,13924,full_family_coverage,557
5733,19405,432,78,33696,full_family_coverage,558
14476,15043,130,147,19110,full_family_coverage,559
11720,12490,74,64,4736,full_family_coverage,560
2202,10296,29,140,4060,full_family_coverage,561
8205,10521,70,100,7000,full_family_coverage,562
6645,18989,259,147,38073,full_family_coverage,563
21424,23912,158,121,19118,full_family_coverage,564
11227,14327,174,132,22968,full_family_coverage,565
9036,24001,158,184,29072,full_family_coverage,566
7198,18895,319,102,32538,full_family_coverage,567
12498,16756,173,67,11591,full_family_coverage,568
7248,23086,588,47,27636,full_family_coverage,569
9013,16561,254,111,28194,full_family_coverage,570
8628,14186,128,70,8960,full_family_coverage,571
3333,19450,391,38,14858,full_family_coverage,572
3071,7239,643,337,216691,full_family_coverage,573
10747,12575,118,215,25370,full_family_coverage,574
4736,16758,80,77,6160,full_family_coverage,575
1030,24079,410,108,44280,full_family_coverage,576
221,24794,185,155,28675,full_family_coverage,577
1575,16339,210,86,18060,full_family_coverage,578
4065,18532,51,341,17391,full_family_coverage,579
1198,4922,208,106,22048,full_family_coverage,580
5150,15331,147,124,18228,full_family_coverage,581
10423,25443,58,54,3132,full_family_coverage,582
313,14249,472,230,108560,full_family_coverage,583
4941,5531,92,642,59064,full_family_coverage,584
14528,21000,228,21,4788,full_family_coverage,585
3162,16445,535,82,43870,full_family_coverage,586
1790,23277,87,52,4524,full_family_coverage,587
6354,14134,153,177,27081,full_family_coverage,588
11666,16513,47,116,5452,full_family_coverage,589
13751,20560,126,155,19530,full_family_coverage,590
10022,20955,113,224,25312,full_family_coverage,591
19263,21739,97,258,25026,full_family_coverage,592
7001,16693,38,286,10868,full_family_coverage,593
15705,22542,109,102,11118,full_family_coverage,594
7710,24863,558,87,48546,full_family_coverage,595
1995,16733,181,47,8507,full_family_coverage,596
10198,21512,127,109,13843,full_family_coverage,597
10409,19608,140,82,11480,full_family_coverage,598
575,23316,212,161,34132,full_family_coverage,599
7356,8956,415,78,32370,full_family_coverage,600
6055,12456,120,96,11520,full_family_coverage,601
1087,4949,409,37,15133,full_family_coverage,602
755,4681,76,109,8284,full_family_coverage,603
9209,21708,118,24,2832,full_family_coverage,604
6760,16475,133,339,45087,full_family_coverage,605
20075,23925,114,544,62016,full_family_coverage,606
133,13621,452,260,117520,full_family_coverage,607
308,1408,43,223,9589,full_family_coverage,608
3848,4616,288,438,126144,full_family_coverage,609
5867,11563,81,1093,88533,full_family_coverage,610
15835,22767,63,127,8001,full_family_coverage,611
13742,18233,85,120,10200,full_family_coverage,612
1331,19086,170,91,15470,full_family_coverage,613
5324,16378,457,93,42501,full_family_coverage,614
11050,22229,247,150,37050,full_family_coverage,615
15362,16206,139,126,17514,full_family_coverage,616
3496,6298,38,174,6612,full_family_coverage,617
2050,22588,100,34,3400,full_family_coverage,618
1495,10564,238,78,18564,full_family_coverage,619
6577,8877,155,291,45105,full_family_coverage,620
16270,22886,130,47,6110,full_family_coverage,621
11215,20839,85,93,7905,full_family_coverage,622
10310,23134,177,102,18054,full_family_coverage,623
1422,22650,78,127,9906,full_family_coverage,624
13199,21975,177,115,20355,full_family_coverage,625
8810,13701,361,31,11191,full_family_coverage,626
6214,23683,210,181,38010,full_family_coverage,627
5005,17886,123,668,82164,full_family_coverage,628
10398,20030,184,111,20424,full_family_coverage,629
677,24397,38,117,4446,full_family_coverage,630
11346,11625,76,61,4636,full_family_coverage,631
4361,6651,186,467,86862,full_family_coverage,632
5871,23372,31,30,930,full_family_coverage,633
5922,14411,273,1075,293475,full_family_coverage,634
3083,9699,112,206,23072,full_family_coverage,635
8821,13612,106,170,18020,full_family_coverage,636
9961,10435,87,272,23664,full_family_coverage,637
4612,6956,184,66,12144,full_family_coverage,638
1533,11791,108,271,29268,full_family_coverage,639
8890,17562,62,251,15562,full_family_coverage,640
15816,17399,78,76,5928,full_family_coverage,641
15505,25361,72,60,4320,full_family_coverage,642
10511,17495,78,47,3666,full_family_coverage,643
9002,13892,387,134,51858,full_family_coverage,644
19571,21256,24,59,1416,full_family_coverage,645
1998,7376,40,91,3640,full_family_coverage,646
4466,15346,170,74,12580,full_family_coverage,647
7135,7433,85,34,2890,full_family_coverage,648
1054,19449,62,89,5518,full_family_coverage,649
5189,20354,502,105,52710,full_family_coverage,650
4576,18406,76,180,13680,full_family_coverage,651
6686,23124,123,63,7749,full_family_coverage,652
17041,25229,219,154,33726,full_family_coverage,653
10273,20895,88,68,5984,full_family_coverage,654
4902,20065,168,68,11424,full_family_coverage,655
18268,22350,117,72,8424,full_family_coverage,656
4521,6077,248,352,87296,full_family_coverage,657
1521,20478,235,52,12220,full_family_coverage,658
13537,21970,231,109,25179,full_family_coverage,659
17661,25370,145,76,11020,full_family_coverage,660
5588,18891,175,58,10150,full_family_coverage,661
5958,18814,165,218,35970,full_family_coverage,662
4546,14069,176,152,26752,full_family_coverage,663
687,23550,332,135,44820,full_family_coverage,664
46,22550,77,121,9317,full_family_coverage,665
10738,20692,315,282,88830,full_family_coverage,666
13458,22331,49,102,4998,full_family_coverage,667
3383,21599,188,34,6392,full_family_coverage,668
128,11987,60,228,13680,full_family_coverage,669
12035,17700,237,196,46452,full_family_coverage,670
11085,19223,487,121,58927,full_family_coverage,671
10726,25146,31,189,5859,full_family_coverage,672
8589,21384,102,197,20094,full_family_coverage,673
4870,7023,213,309,65817,full_family_coverage,674
11689,13891,127,50,6350,full_family_coverage,675
9924,22059,78,149,11622,full_family_coverage,676
22180,24074,275,60,16500,full_family_coverage,677
3853,16039,86,195,16770,full_family_coverage,678
6724,9876,109,105,11445,full_family_coverage,679
621,4037,38,231,8778,full_family_coverage,680
22151,25310,189,86,16254,full_family_coverage,681
3489,10877,205,87,17835,full_family_coverage,682
15099,19999,153,226,34578,full_family_coverage,683
4167,14118,218,83,18094,full_family_coverage,684
24945,25107,128,55,7040,full_family_coverage,685
19488,24052,81,142,11502,full_family_coverage,686
10441,23404,95,59,5605,full_family_coverage,687
2092,5143,252,157,39564,full_family_coverage,688
16128,22867,99,171,16929,full_family_coverage,689
3800,8802,164,175,28700,full_family_coverage,690
18280,23859,23,90,2070,full_family_coverage,691
9255,20724,136,124,16864,full_family_coverage,692
11005,18662,176,151,26576,full_family_coverage,693
13220,21990,310,66,20460,full_family_coverage,694
9022,22361,166,79,13114,full_family_coverage,695
8907,21927,105,30,3150,full_family_coverage,696
15787,24861,116,82,9512,full_family_coverage,697
836,6188,374,217,81158,full_family_coverage,698
5350,16826,172,48,8256,full_family_coverage,699
12358,24306,100,34,3400,full_family_coverage,700
9155,13393,555,61,33855,full_family_coverage,701
23605,24518,106,71,7526,full_family_coverage,702
5988,13681,358,377,134966,full_family_coverage,703
11962,14480,204,444,90576,full_family_coverage,704
1291,4327,63,69,4347,full_family_coverage,705
8940,21685,116,129,14964,full_family_coverage,706
314,13693,27,186,5022,full_family_coverage,707
2297,13032,437,119,52003,full_family_coverage,708
1731,10143,99,70,6930,full_family_coverage,709
5310,16469,145,169,24505,full_family_coverage,710
14276,17317,198,39,7722,full_family_coverage,711
6823,9729,82,122,10004,full_family_coverage,712
6888,19030,46,114,5244,full_family_coverage,713
8221,11476,77,67,5159,full_family_coverage,714
13105,18396,133,117,15561,full_family_coverage,715
8165,13770,61,299,18239,full_family_coverage,716
16742,21359,92,39,3588,full_family_coverage,717
6963,15184,299,280,83720,full_family_coverage,718
2201,18940,300,268,80400,full_family_coverage,719
5439,7660,213,128,27264,full_family_coverage,720
14630,24460,255,70,17850,full_family_coverage,721
7922,18972,90,200,18000,full_family_coverage,722
9507,18172,58,361,20938,full_family_coverage,723
8216,16287,106,111,11766,full_family_coverage,724
7588,18180,14,131,1834,full_family_coverage,725
3016,25483,149,85,12665,full_family_coverage,726
2025,10191,8,162,1296,full_family_coverage,727
2846,23733,519,165,85635,full_family_coverage,728
7234,7514,483,47,22701,full_family_coverage,729
2207,10416,67,208,13936,full_family_coverage,730
8022,23418,83,112,9296,full_family_coverage,731
1284,5696,209,217,45353,full_family_coverage,732
391,4969,53,17,901,full_family_coverage,733
13985,22221,130,90,11700,full_family_coverage,734
4362,16744,142,79,11218,full_family_coverage,735
13078,24362,93,194,18042,full_family_coverage,736
7286,24766,87,75,6525,full_family_coverage,737
3060,9446,161,186,29946,full_family_coverage,738
7472,8466,34,62,2108,full_family_coverage,739
15949,20661,129,75,9675,full_family_coverage,740
9762,13443,249,58,14442,full_family_coverage,741
257,25011,366,89,32574,full_family_coverage,742
1208,14435,72,204,14688,full_family_coverage,743
3453,9010,182,208,37856,full_family_coverage,744
8703,25357,134,84,11256,full_family_coverage,745
20797,22435,129,52,6708,full_family_coverage,746
1430,1475,147,172,25284,full_family_coverage,747
3350,11977,223,139,30997,full_family_coverage,748
2637,11991,160,77,12320,full_family_coverage,749
19960,22186,80,70,5600,full_family_coverage,750
14787,18817,54,188,10152,full_family_coverage,751
16316,22290,140,76,10640,full_family_coverage,752
11698,12752,77,194,14938,full_family_coverage,753
15500,24158,98,88,8624,full_family_coverage,754
6519,21857,195,147,28665,full_family_coverage,755
899,9590,231,73,16863,full_family_coverage,756
1488,3631,262,197,51614,full_family_coverage,757
15105,24917,124,71,8804,full_family_coverage,758
12845,17227,32,36,1152,full_family_coverage,759
4142,8538,41,62,2542,full_family_coverage,760
17114,18487,261,124,32364,full_family_coverage,761
1758,12715,112,303,33936,full_family_coverage,762
4532,14344,105,231,24255,full_family_coverage,763
3861,4424,234,300,70200,full_family_coverage,764
13306,22347,49,253,12397,full_family_coverage,765
1953,20205,227,85,19295,full_family_coverage,766
4715,15707,201,110,22110,full_family_coverage,767
20684,22831,57,278,15846,full_family_coverage,768
10895,23082,167,154,25718,full_family_coverage,769
13622,21370,161,123,19803,full_family_coverage,770
20257,20336,58,97,5626,full_family_coverage,771
6891,23474,300,195,58500,full_family_coverage,772
17869,20501,160,58,9280,full_family_coverage,773
6266,23038,61,100,6100,full_family_coverage,774
8472,23224,135,105,14175,full_family_coverage,775
4066,8544,57,240,13680,full_family_coverage,776
20334,24708,113,186,21018,full_family_coverage,777
8171,8347,114,106,12084,full_family_coverage,778
13753,23527,162,134,21708,full_family_coverage,779
18282,21494,133,71,9443,full_family_coverage,780
17015,17083,199,119,23681,full_family_coverage,781
16860,24028,34,135,4590,full_family_coverage,782
13660,17709,200,155,31000,full_family_coverage,783
1125,6506,176,697,122672,full_family_coverage,784
2271,9615,387,53,20511,full_family_coverage,785
5270,13939,258,371,95718,full_family_coverage,786
5862,6853,101,118,11918,full_family_coverage,787
5402,16036,330,1281,422730,full_family_coverage,788
10048,20405,95,94,8930,full_family_coverage,789
15140,19181,181,99,17919,full_family_coverage,790
20828,23264,48,77,3696,full_family_coverage,791
14545,21881,98,104,10192,full_family_coverage,792
10796,23301,69,106,7314,full_family_coverage,793
1812,8561,222,105,23310,full_family_coverage,794
20095,23350,89,126,11214,full_family_coverage,795
1736,17837,37,86,3182,full_family_coverage,796
18373,19034,221,56,12376,full_family_coverage,797
1075,12116,117,68,7956,full_family_coverage,798
1076,22784,216,72,15552,full_family_coverage,799
4298,6745,93,95,8835,full_family_coverage,800
2165,8232,108,68,7344,full_family_coverage,801
16851,19871,109,262,28558,full_family_coverage,802
3192,7669,90,114,10260,full_family_coverage,803
5290,10077,213,232,49416,full_family_coverage,804
9461,15689,176,159,27984,full_family_coverage,805
12383,21505,161,88,14168,full_family_coverage,806
7954,24128,291,160,46560,full_family_coverage,807
13544,20788,85,223,18955,full_family_coverage,808
14256,23602,149,72,10728,full_family_coverage,809
15958,19346,166,188,31208,full_family_coverage,810
7526,24687,43,237,10191,full_family_coverage,811
2920,3753,71,169,11999,full_family_coverage,812
3607,9974,207,150,31050,full_family_coverage,813
2230,11585,77,55,4235,full_family_coverage,814
4865,19833,129,380,49020,full_family_coverage,815
986,11861,283,120,33960,full_family_coverage,816
6957,14042,130,559,72670,full_family_coverage,817
9801,22122,105,68,7140,full_family_coverage,818
5549,7632,56,353,19768,full_family_coverage,819
3806,17127,304,85,25840,full_family_coverage,820
17617,19110,85,198,16830,full_family_coverage,821
5846,21358,10,34,340,full_family_coverage,822
1326,8523,79,49,3871,full_family_coverage,823
14137,24962,247,53,13091,full_family_coverage,824
11335,22136,122,64,7808,full_family_coverage,825
6808,11144,123,68,8364,full_family_coverage,826
5897,16496,84,84,7056,full_family_coverage,827
11331,16492,74,216,15984,full_family_coverage,828
5240,9041,152,243,36936,full_family_coverage,829
12739,16037,109,61,6649,full_family_coverage,830
659,5113,238,75,17850,full_family_coverage,831
8841,24993,74,58,4292,full_family_coverage,832
7026,18884,32,109,3488,full_family_coverage,833
6050,23165,153,65,9945,full_family_coverage,834
374,12454,110,136,14960,full_family_coverage,835
2337,18153,104,143,14872,full_family_coverage,836
9441,22979,687,94,64578,full_family_coverage,837
12200,13366,101,76,7676,full_family_coverage,838
12967,16729,175,121,21175,full_family_coverage,839
9462,20480,108,53,5724,full_family_coverage,840
5853,7839,126,71,8946,full_family_coverage,841
11723,22681,182,110,20020,full_family_coverage,842
1722,22311,79,164,12956,full_family_coverage,843
22900,24459,45,254,11430,full_family_coverage,844
1218,17754,86,40,3440,full_family_coverage,845
4451,9770,226,23,5198,full_family_coverage,846
3344,24047,61,345,21045,full_family_coverage,847
5845,19226,15,698,10470,full_family_coverage,848
5887,24989,186,46,8556,full_family_coverage,849
16665,17406,85,52,4420,full_family_coverage,850
9799,19994,112,94,10528,full_family_coverage,851
8874,16906,373,85,31705,full_family_coverage,852
2504,19157,91,42,3822,full_family_coverage,853
6581,23496,117,426,49842,full_family_coverage,854
3452,23040,24,283,6792,full_family_coverage,855
19315,19710,212,93,19716,full_family_coverage,856
4686,18866,143,279,39897,full_family_coverage,857
13510,21059,116,141,16356,full_family_coverage,858
17344,25031,83,41,3403,full_family_coverage,859
20747,22683,50,36,1800,full_family_coverage,860
5243,21489,232,905,209960,full_family_coverage,861
3307,6856,169,348,58812,full_family_coverage,862
3701,16719,160,94,15040,full_family_coverage,863
1792,14372,138,81,11178,full_family_coverage,864
10688,19725,206,96,19776,full_family_coverage,865
3122,23681,162,155,25110,full_family_coverage,866
3611,14657,36,97,3492,full_family_coverage,867
1395,4632,14,211,2954,full_family_coverage,868
801,7170,232,53,12296,full_family_coverage,869
14187,15515,262,150,39300,full_family_coverage,870
9931,25247,398,80,31840,full_family_coverage,871
9491,10014,354,466,164964,full_family_coverage,872
1178,14986,81,193,15633,full_family_coverage,873
6777,20708,340,30,10200,full_family_coverage,874
3072,13444,141,47,6627,full_family_coverage,875
20173,22972,76,96,7296,full_family_coverage,876
9251,10841,73,198,14454,full_family_coverage,877
11127,18335,205,90,18450,full_family_coverage,878
12471,18031,70,76,5320,full_family_coverage,879
5885,22707,199,78,15522,full_family_coverage,880
14115,23041,420,74,31080,full_family_coverage,881
9027,22930,823,86,70778,full_family_coverage,882
18419,18855,179,118,21122,full_family_coverage,883
1910,21361,49,194,9506,full_family_coverage,884
754,4270,88,44,3872,full_family_coverage,885
5125,10617,289,186,53754,full_family_coverage,886
6883,9114,42,207,8694,full_family_coverage,887
7332,17397,69,58,4002,full_family_coverage,888
7940,17918,46,871,40066,full_family_coverage,889
13764,20363,95,166,15770,full_family_coverage,890
12367,17523,168,38,6384,full_family_coverage,891
3745,7341,249,189,47061,full_family_coverage,892
1038,19629,205,62,12710,full_family_coverage,893
8624,22737,111,115,12765,full_family_coverage,894
3516,25470,300,73,21900,full_family_coverage,895
15953,17993,252,41,10332,full_family_coverage,896
11705,16871,84,103,8652,full_family_coverage,897
10832,23959,149,190,28310,full_family_coverage,898
8968,21590,171,36,6156,full_family_coverage,899
6541,19973,323,203,65569,full_family_coverage,900
7314,11443,455,42,19110,full_family_coverage,901
5395,15540,313,80,25040,full_family_coverage,902
8296,17601,131,292,38252,full_family_coverage,903
1034,23262,47,150,7050,full_family_coverage,904
14641,23895,63,298,18774,full_family_coverage,905
5030,25271,94,136,12784,full_family_coverage,906
4609,20340,201,55,11055,full_family_coverage,907
21,2008,380,133,50540,full_family_coverage,908
4916,5441,191,396,75636,full_family_coverage,909
3095,9660,449,29,13021,full_family_coverage,910
3223,23188,84,263,22092,full_family_coverage,911
11460,17013,287,135,38745,full_family_coverage,912
8043,22541,325,103,33475,full_family_coverage,913
4688,13413,376,72,27072,full_family_coverage,914
4443,10522,113,184,20792,full_family_coverage,915
21604,23058,139,343,47677,full_family_coverage,916
2090,5103,56,111,6216,full_family_coverage,917
9034,14907,182,343,62426,full_family_coverage,918
13126,13647,108,41,4428,full_family_coverage,919
13160,23546,93,120,11160,full_family_coverage,920
16245,25386,48,144,6912,full_family_coverage,921
931,13659,446,104,46384,full_family_coverage,922
14201,20162,113,155,17515,full_family_coverage,923
5881,10030,182,122,22204,full_family_coverage,924
8824,18737,86,190,16340,full_family_coverage,925
7901,18154,94,268,25192,full_family_coverage,926
7125,16554,209,82,17138,full_family_coverage,927
4634,12709,86,226,19436,full_family_coverage,928
3396,15652,136,78,10608,full_family_coverage,929
23164,24589,50,53,2650,full_family_coverage,930
4708,18124,95,157,14915,full_family_coverage,931
8878,15900,323,29,9367,full_family_coverage,932
10592,16417,122,148,18056,full_family_coverage,933
2111,17036,289,79,22831,full_family_coverage,934
16064,20999,215,203,43645,full_family_coverage,935
102,22645,65,125,8125,full_family_coverage,936
13415,22521,128,105,13440,full_family_coverage,937
968,14736,177,189,33453,full_family_coverage,938
3557,14473,45,94,4230,full_family_coverage,939
25197,25441,113,251,28363,full_family_coverage,940
17102,24585,60,87,5220,full_family_coverage,941
19739,24110,141,79,11139,full_family_coverage,942
5891,23987,31,68,2108,full_family_coverage,943
15344,17212,105,107,11235,full_family_coverage,944
12946,14230,328,54,17712,full_family_coverage,945
7342,17446,307,116,35612,full_family_coverage,946
3209,9161,235,107,25145,full_family_coverage,947
56,22209,32,44,1408,full_family_coverage,948
1328,8294,576,75,43200,full_family_coverage,949
12813,22631,63,237,14931,full_family_coverage,950
7060,8800,98,99,9702,full_family_coverage,951
8823,22544,191,40,7640,full_family_coverage,952
8736,14739,40,138,5520,full_family_coverage,953
19717,21723,118,375,44250,full_family_coverage,954
5490,7128,153,92,14076,full_family_coverage,955
10927,16192,203,212,43036,full_family_coverage,956
1271,3656,92,83,7636,full_family_coverage,957
929,17748,94,57,5358,full_family_coverage,958
1986,21729,435,384,167040,full_family_coverage,959
2523,8360,200,84,16800,full_family_coverage,960
16970,24321,79,38,3002,full_family_coverage,961
12797,21293,300,68,20400,full_family_coverage,962
976,3049,379,119,45101,full_family_coverage,963
9870,23625,106,153,16218,full_family_coverage,964
586,17607,74,78,5772,full_family_coverage,965
1609,5889,155,84,13020,full_family_coverage,966
6753,8768,101,72,7272,full_family_coverage,967
10383,10687,584,45,26280,full_family_coverage,968
12309,13565,91,283,25753,full_family_coverage,969
4160,8952,33,35,1155,full_family_coverage,970
12829,22749,55,172,9460,full_family_coverage,971
30,7263,87,584,50808,full_family_coverage,972
15376,19247,148,351,51948,full_family_coverage,973
17970,22263,73,349,25477,full_family_coverage,974
6999,23762,57,84,4788,full_family_coverage,975
2258,18450,104,135,14040,full_family_coverage,976
2674,13073,141,71,10011,full_family_coverage,977
11993,12701,416,192,79872,full_family_coverage,978
6545,14238,302,223,67346,full_family_coverage,979
8422,21131,88,137,12056,full_family_coverage,980
20799,21383,85,56,4760,full_family_coverage,981
2235,23429,130,120,15600,full_family_coverage,982
6004,12046,151,175,26425,full_family_coverage,983
9658,21250,693,130,90090,full_family_coverage,984
7465,22828,200,71,14200,full_family_coverage,985
14913,19478,93,49,4557,full_family_coverage,986
3418,15265,241,174,41934,full_family_coverage,987
21024,22657,88,179,15752,full_family_coverage,988
6226,7469,193,35,6755,full_family_coverage,989
9520,14558,198,65,12870,full_family_coverage,990
2597,4429,57,254,14478,full_family_coverage,991
6953,14744,561,324,181764,full_family_coverage,992
3657,23559,206,80,16480,full_family_coverage,993
7511,21329,251,32,8032,full_family_coverage,994
2351,9839,310,144,44640,full_family_coverage,995
9178,11836,177,90,15930,full_family_coverage,996
6431,13440,78,145,11310,full_family_coverage,997
13607,20635,71,66,4686,full_family_coverage,998
18266,23236,304,90,27360,full_family_coverage,999
579,1752,205,278,56990,full_family_coverage,1000
1393,16470,52,184,9568,full_family_coverage,1001
1005,9985,377,50,18850,full_family_coverage,1002
13347,23951,204,150,30600,full_family_coverage,1003
304,5428,209,242,50578,full_family_coverage,1004
5344,23147,280,174,48720,full_family_coverage,1005
7903,10062,102,135,13770,full_family_coverage,1006
2562,23238,148,58,8584,full_family_coverage,1007
7826,24216,122,184,22448,full_family_coverage,1008
1594,23805,39,53,2067,full_family_coverage,1009
2102,3238,259,61,15799,full_family_coverage,1010
7121,8407,111,71,7881,full_family_coverage,1011
539,4326,372,305,113460,full_family_coverage,1012
24804,25391,84,197,16548,full_family_coverage,1013
22736,24206,110,171,18810,full_family_coverage,1014
2687,12070,78,87,6786,full_family_coverage,1015
1310,3320,50,150,7500,full_family_coverage,1016
6693,18163,183,348,63684,full_family_coverage,1017
14796,24020,65,103,6695,full_family_coverage,1018
11863,16706,41,76,3116,full_family_coverage,1019
14345,18316,164,172,28208,full_family_coverage,1020
6076,17358,67,67,4489,full_family_coverage,1021
9673,15193,229,60,13740,full_family_coverage,1022
569,9227,435,210,91350,full_family_coverage,1023
18383,20751,381,131,49911,full_family_coverage,1024
1362,11814,197,123,24231,full_family_coverage,1025
12427,20150,239,29,6931,full_family_coverage,1026
11056,20658,207,148,30636,full_family_coverage,1027
4685,13052,159,129,20511,full_family_coverage,1028
7566,11267,35,125,4375,full_family_coverage,1029
8789,22819,279,72,20088,full_family_coverage,1030
2848,4827,296,260,76960,full_family_coverage,1031
5052,6221,121,75,9075,full_family_coverage,1032
3484,22531,18,362,6516,full_family_coverage,1033
8814,25446,213,80,17040,full_family_coverage,1034
4173,6989,231,24,5544,full_family_coverage,1035
8710,15919,75,202,15150,full_family_coverage,1036
10021,18782,62,95,5890,full_family_coverage,1037
4266,11444,66,69,4554,full_family_coverage,1038
4602,20570,152,116,17632,full_family_coverage,1039
18314,22454,124,34,4216,full_family_coverage,1040
16081,22443,102,150,15300,full_family_coverage,1041
4820,24743,294,195,57330,full_family_coverage,1042
2711,3522,126,244,30744,full_family_coverage,1043
13525,21600,231,72,16632,full_family_coverage,1044
515,5741,50,129,6450,full_family_coverage,1045
8616,19971,386,115,44390,full_family_coverage,1046
19385,20153,63,41,2583,full_family_coverage,1047
5711,9085,133,47,6251,full_family_coverage,1048
12622,21789,217,70,15190,full_family_coverage,1049
2369,13088,148,82,12136,full_family_coverage,1050
2520,22077,154,223,34342,full_family_coverage,1051
18160,19302,37,173,6401,full_family_coverage,1052
15348,23519,58,139,8062,full_family_coverage,1053
4349,23245,259,101,26159,full_family_coverage,1054
3464,18533,146,125,18250,full_family_coverage,1055
8338,15906,121,569,68849,full_family_coverage,1056
14669,24560,84,433,36372,full_family_coverage,1057
11936,21077,144,324,46656,full_family_coverage,1058
12045,23761,25,55,1375,full_family_coverage,1059
3910,9970,107,99,10593,full_family_coverage,1060
9860,18213,63,452,28476,full_family_coverage,1061
1164,18148,90,104,9360,full_family_coverage,1062
24559,24884,112,242,27104,full_family_coverage,1063
5169,9795,72,127,9144,full_family_coverage,1064
14361,22695,233,52,12116,full_family_coverage,1065
10505,21519,137,55,7535,full_family_coverage,1066
4829,18054,457,123,56211,full_family_coverage,1067
13696,19389,103,62,6386,full_family_coverage,1068
21553,24828,50,293,14650,full_family_coverage,1069
328,6521,141,92,12972,full_family_coverage,1070
10163,15436,37,99,3663,full_family_coverage,1071
12473,14105,306,200,61200,full_family_coverage,1072
1468,12913,91,114,10374,full_family_coverage,1073
6340,16726,59,87,5133,full_family_coverage,1074
11383,13887,169,535,90415,full_family_coverage,1075
12465,17831,146,17,2482,full_family_coverage,1076
8265,22662,40,224,8960,full_family_coverage,1077
7213,20476,57,118,6726,full_family_coverage,1078
4238,8716,229,166,38014,full_family_coverage,1079
10387,12962,136,20,2720,full_family_coverage,1080
1324,11500,187,132,24684,full_family_coverage,1081
11296,16235,32,65,2080,full_family_coverage,1082
6904,24360,63,213,13419,full_family_coverage,1083
955,23528,481,136,65416,full_family_coverage,1084
2067,13822,180,104,18720,full_family_coverage,1085
9782,15011,63,174,10962,full_family_coverage,1086
3123,13846,88,675,59400,full_family_coverage,1087
3324,18853,177,306,54162,full_family_coverage,1088
2850,8709,381,124,47244,full_family_coverage,1089
12705,22730,46,83,3818,full_family_coverage,1090
18693,24132,147,69,10143,full_family_coverage,1091
6371,22756,175,56,9800,full_family_coverage,1092
10129,21641,31,168,5208,full_family_coverage,1093
12028,15631,165,92,15180,full_family_coverage,1094
3474,12852,225,147,33075,full_family_coverage,1095
4209,22121,82,178,14596,full_family_coverage,1096
118,20730,240,190,45600,full_family_coverage,1097
4677,14926,344,278,95632,full_family_coverage,1098
18728,21367,217,179,38843,full_family_coverage,1099
6797,24344,80,160,12800,full_family_coverage,1100
4929,17276,100,57,5700,full_family_coverage,1101
4877,15664,203,57,11571,full_family_coverage,1102
4145,8030,128,170,21760,full_family_coverage,1103
7902,9306,59,168,9912,full_family_coverage,1104
4401,5801,309,91,28119,full_family_coverage,1105
17357,17901,104,156,16224,full_family_coverage,1106
11518,15359,120,113,13560,full_family_coverage,1107
1293,24355,196,408,79968,full_family_coverage,1108
8032,24238,82,176,14432,full_family_coverage,1109
14155,18974,221,174,38454,full_family_coverage,1110
2972,4662,346,480,166080,full_family_coverage,1111
4675,9636,628,157,98596,full_family_coverage,1112
6319,10469,97,179,17363,full_family_coverage,1113
19051,21496,48,65,3120,full_family_coverage,1114
11910,13905,47,212,9964,full_family_coverage,1115
10028,14747,151,120,18120,full_family_coverage,1116
9511,21719,59,93,5487,full_family_coverage,1117
15504,20687,102,112,11424,full_family_coverage,1118
9095,23541,128,107,13696,full_family_coverage,1119
7292,13307,77,39,3003,full_family_coverage,1120
6929,7590,172,9,1548,full_family_coverage,1121
2388,24198,90,135,12150,full_family_coverage,1122
20250,24896,78,70,5460,full_family_coverage,1123
2414,11831,70,744,52080,full_family_coverage,1124
6225,13251,35,41,1435,full_family_coverage,1125
12420,23844,149,31,4619,full_family_coverage,1126
5000,9958,75,133,9975,full_family_coverage,1127
9308,21301,84,58,4872,full_family_coverage,1128
7344,16184,246,12,2952,full_family_coverage,1129
1706,24085,21,206,4326,full_family_coverage,1130
1196,4469,246,48,11808,full_family_coverage,1131
2792,4079,222,154,34188,full_family_coverage,1132
8770,15812,58,86,4988,full_family_coverage,1133
2112,5326,372,131,48732,full_family_coverage,1134
9943,15697,129,96,12384,full_family_coverage,1135
4278,25274,440,172,75680,full_family_coverage,1136
1082,8929,387,85,32895,full_family_coverage,1137
4557,10223,88,110,9680,full_family_coverage,1138
3836,24501,125,100,12500,full_family_coverage,1139
8271,23219,100,260,26000,full_family_coverage,1140
9249,12352,35,249,8715,full_family_coverage,1141
3954,20052,62,425,26350,full_family_coverage,1142
6148,23997,51,483,24633,full_family_coverage,1143
3035,9571,195,36,7020,full_family_coverage,1144
592,18963,174,104,18096,full_family_coverage,1145
714,8875,527,262,138074,full_family_coverage,1146
6445,8099,88,92,8096,full_family_coverage,1147
12400,14831,92,105,9660,full_family_coverage,1148
4214,12325,63,71,4473,full_family_coverage,1149
12745,24908,84,115,9660,full_family_coverage,1150
5064,10526,127,349,44323,full_family_coverage,1151
19347,23879,113,64,7232,full_family_coverage,1152
16852,21344,162,40,6480,full_family_coverage,1153
9470,22569,88,67,5896,full_family_coverage,1154
106,12304,248,30,7440,full_family_coverage,1155
15273,24142,84,115,9660,full_family_coverage,1156
7690,12157,138,90,12420,full_family_coverage,1157
5,13302,211,118,24898,full_family_coverage,1158
24007,24815,265,143,37895,full_family_coverage,1159
24312,25089,28,102,2856,full_family_coverage,1160
6295,17310,143,29,4147,full_family_coverage,1161
8927,21540,175,99,17325,full_family_coverage,1162
8745,12784,258,42,10836,full_family_coverage,1163
14799,23469,36,256,9216,full_family_coverage,1164
17637,23571,76,36,2736,full_family_coverage,1165
5940,14454,57,483,27531,full_family_coverage,1166
524,11025,94,1688,158672,full_family_coverage,1167
15429,23848,119,200,23800,full_family_coverage,1168
16024,17789,370,57,21090,full_family_coverage,1169
1312,18351,115,77,8855,full_family_coverage,1170
373,8177,122,262,31964,full_family_coverage,1171
3259,6100,64,82,5248,full_family_coverage,1172
36,25335,19,22,418,full_family_coverage,1173
14755,25213,271,194,52574,full_family_coverage,1174
11560,15808,125,41,5125,full_family_coverage,1175
2241,5762,119,152,18088,full_family_coverage,1176
1234,17953,124,133,16492,full_family_coverage,1177
15935,23358,162,102,16524,full_family_coverage,1178
8386,14987,168,44,7392,full_family_coverage,1179
14001,23235,98,175,17150,full_family_coverage,1180
920,2621,119,35,4165,full_family_coverage,1181
21768,25225,275,139,38225,full_family_coverage,1182
12659,21551,81,228,18468,full_family_coverage,1183
15363,20951,137,949,130013,full_family_coverage,1184
16666,20749,119,39,4641,full_family_coverage,1185
1053,22420,177,31,5487,full_family_coverage,1186
8448,17683,140,154,21560,full_family_coverage,1187
16580,17704,127,201,25527,full_family_coverage,1188
2790,16739,134,89,11926,full_family_coverage,1189
11359,24248,485,91,44135,full_family_coverage,1190
788,17595,161,129,20769,full_family_coverage,1191
4258,7850,729,142,103518,full_family_coverage,1192
256,10773,172,59,10148,full_family_coverage,1193
1027,20496,156,105,16380,full_family_coverage,1194
12115,17630,160,101,16160,full_family_coverage,1195
3360,13217,318,127,40386,full_family_coverage,1196
1783,24154,214,40,8560,full_family_coverage,1197
10490,16005,60,43,2580,full_family_coverage,1198
10954,12572,64,80,5120,full_family_coverage,1199
8572,16680,191,67,12797,full_family_coverage,1200
3666,22982,108,190,20520,full_family_coverage,1201
1688,15595,60,141,8460,full_family_coverage,1202
1535,17207,80,84,6720,full_family_coverage,1203
14591,23400,228,61,13908,full_family_coverage,1204
8116,25175,213,131,27903,full_family_coverage,1205
7593,7822,2,365,730,full_family_coverage,1206
5155,13920,206,98,20188,full_family_coverage,1207
14777,18721,578,180,104040,full_family_coverage,1208
12642,24056,174,50,8700,full_family_coverage,1209
123,17097,55,68,3740,full_family_coverage,1210
6567,25487,164,77,12628,full_family_coverage,1211
3136,4670,321,673,216033,full_family_coverage,1212
127,3809,49,726,35574,full_family_coverage,1213
12176,24148,103,73,7519,full_family_coverage,1214
2446,9597,91,382,34762,full_family_coverage,1215
4830,10298,130,202,26260,full_family_coverage,1216
8270,25315,111,119,13209,full_family_coverage,1217
5296,13563,61,113,6893,full_family_coverage,1218
1506,19533,124,251,31124,full_family_coverage,1219
19972,25419,107,116,12412,full_family_coverage,1220
5962,6381,222,118,26196,full_family_coverage,1221
7345,12430,131,422,55282,full_family_coverage,1222
17432,24840,179,205,36695,full_family_coverage,1223
13501,21488,98,148,14504,full_family_coverage,1224
8957,14516,31,135,4185,full_family_coverage,1225
3309,11724,246,112,27552,full_family_coverage,1226
5017,11381,134,605,81070,full_family_coverage,1227
22230,23630,99,62,6138,full_family_coverage,1228
3293,5321,400,199,79600,full_family_coverage,1229
16681,17982,140,39,5460,full_family_coverage,1230
15355,21018,98,82,8036,full_family_coverage,1231
74,6669,65,130,8450,full_family_coverage,1232
1110,4999,50,158,7900,full_family_coverage,1233
4350,16059,94,54,5076,full_family_coverage,1234
1585,19730,93,284,26412,full_family_coverage,1235
7556,18043,52,323,16796,full_family_coverage,1236
11388,15287,61,97,5917,full_family_coverage,1237
1141,11007,59,266,15694,full_family_coverage,1238
1270,9942,163,60,9780,full_family_coverage,1239
19071,20182,80,244,19520,full_family_coverage,1240
6608,14212,130,85,11050,full_family_coverage,1241
9223,12229,238,110,26180,full_family_coverage,1242
12099,13191,90,56,5040,full_family_coverage,1243
5236,10131,472,116,54752,full_family_coverage,1244
10319,19511,147,143,21021,full_family_coverage,1245
13457,13651,168,68,11424,full_family_coverage,1246
13401,24393,294,398,117012,full_family_coverage,1247
15798,17170,62,89,5518,full_family_coverage,1248
1938,19821,50,90,4500,full_family_coverage,1249
15560,18281,140,73,10220,full_family_coverage,1250
9934,24186,83,381,31623,full_family_coverage,1251
10859,17854,161,150,24150,full_family_coverage,1252
417,18221,43,217,9331,full_family_coverage,1253
10986,11090,469,223,104587,full_family_coverage,1254
7998,16831,285,76,21660,full_family_coverage,1255
17365,22855,145,108,15660,full_family_coverage,1256
8651,24330,262,76,19912,full_family_coverage,1257
6785,16586,366,137,50142,full_family_coverage,1258
7513,22168,136,61,8296,full_family_coverage,1259
2462,4267,149,22,3278,full_family_coverage,1260
15254,23702,100,141,14100,full_family_coverage,1261
4393,15314,220,52,11440,full_family_coverage,1262
2642,13977,122,98,11956,full_family_coverage,1263
16960,24723,90,56,5040,full_family_coverage,1264
12680,17707,306,137,41922,full_family_coverage,1265
11262,14912,237,152,36024,full_family_coverage,1266
3898,24866,78,113,8814,full_family_coverage,1267
14152,20127,88,24,2112,full_family_coverage,1268
255,13498,218,118,25724,full_family_coverage,1269
378,17090,67,261,17487,full_family_coverage,1270
10133,21159,235,110,25850,full_family_coverage,1271
11506,20264,207,37,7659,full_family_coverage,1272
1966,2902,241,407,98087,full_family_coverage,1273
14905,19261,163,106,17278,full_family_coverage,1274
1565,21490,352,71,24992,full_family_coverage,1275
23211,24682,84,152,12768,full_family_coverage,1276
9210,24515,176,242,42592,full_family_coverage,1277
10926,13229,185,52,9620,full_family_coverage,1278
1131,11120,94,334,31396,full_family_coverage,1279
412,1432,83,174,14442,full_family_coverage,1280
15962,17445,112,90,10080,full_family_coverage,1281
7700,9524,53,187,9911,full_family_coverage,1282
7242,10173,45,74,3330,full_family_coverage,1283
16981,19724,94,259,24346,full_family_coverage,1284
406,1359,506,453,229218,full_family_coverage,1285
9669,16415,52,179,9308,full_family_coverage,1286
23645,23982,32,80,2560,full_family_coverage,1287
5886,17669,106,185,19610,full_family_coverage,1288
2746,10838,114,331,37734,full_family_coverage,1289
5622,11344,72,41,2952,full_family_coverage,1290
8605,16171,53,107,5671,full_family_coverage,1291
439,13137,329,65,21385,full_family_coverage,1292
5634,22174,50,308,15400,full_family_coverage,1293
1120,14311,59,587,34633,full_family_coverage,1294
9889,11379,71,281,19951,full_family_coverage,1295
19961,22699,90,98,8820,full_family_coverage,1296
16131,19361,78,297,23166,full_family_coverage,1297
14526,20320,56,136,7616,full_family_coverage,1298
2225,21646,44,172,7568,full_family_coverage,1299
4645,14466,78,357,27846,full_family_coverage,1300
9829,14875,139,85,11815,full_family_coverage,1301
4508,5856,168,106,17808,full_family_coverage,1302
3998,10749,190,114,21660,full_family_coverage,1303
23993,25456,155,44,6820,full_family_coverage,1304
9346,23190,238,116,27608,full_family_coverage,1305
12470,24050,138,32,4416,full_family_coverage,1306
20527,24063,121,63,7623,full_family_coverage,1307
13914,21339,104,75,7800,full_family_coverage,1308
20516,25442,66,337,22242,full_family_coverage,1309
4212,22225,391,163,63733,full_family_coverage,1310
5893,6816,78,353,27534,full_family_coverage,1311
17675,19486,163,159,25917,full_family_coverage,1312
3430,23727,100,70,7000,full_family_coverage,1313
2585,18454,209,285,59565,full_family_coverage,1314
5751,6088,176,54,9504,full_family_coverage,1315
8198,21567,71,363,25773,full_family_coverage,1316
2963,23113,389,165,64185,full_family_coverage,1317
15280,18125,369,162,59778,full_family_coverage,1318
7222,8057,92,124,11408,full_family_coverage,1319
16389,25349,55,59,3245,full_family_coverage,1320
16203,24558,72,631,45432,full_family_coverage,1321
1316,3763,182,118,21476,full_family_coverage,1322
8772,22115,184,139,25576,full_family_coverage,1323
4825,19558,469,76,35644,full_family_coverage,1324
6593,10852,64,157,10048,full_family_coverage,1325
1188,12296,177,204,36108,full_family_coverage,1326
8708,21662,135,255,34425,full_family_coverage,1327
20,18298,77,315,24255,full_family_coverage,1328
3322,19848,284,47,13348,full_family_coverage,1329
5516,17213,374,27,10098,full_family_coverage,1330
14535,22983,200,56,11200,full_family_coverage,1331
620,3112,81,276,22356,full_family_coverage,1332
1369,3986,231,435,100485,full_family_coverage,1333
4895,12674,27,180,4860,full_family_coverage,1334
13152,19493,111,164,18204,full_family_coverage,1335
19813,22763,280,45,12600,full_family_coverage,1336
5904,13662,213,149,31737,full_family_coverage,1337
3391,22314,387,249,96363,full_family_coverage,1338
4926,25354,553,80,44240,full_family_coverage,1339
7655,9038,271,119,32249,full_family_coverage,1340
21054,21760,60,163,9780,full_family_coverage,1341
1765,21267,114,78,8892,full_family_coverage,1342
11877,15585,41,76,3116,full_family_coverage,1343
8679,13881,105,28,2940,full_family_coverage,1344
4345,14781,47,570,26790,full_family_coverage,1345
1139,19990,77,53,4081,full_family_coverage,1346
7712,13746,41,68,2788,full_family_coverage,1347
13630,16963,108,24,2592,full_family_coverage,1348
14456,14604,150,107,16050,full_family_coverage,1349
9451,16362,227,156,35412,full_family_coverage,1350
6297,21738,111,173,19203,full_family_coverage,1351
5089,19795,305,58,17690,full_family_coverage,1352
18627,23826,136,56,7616,full_family_coverage,1353
864,17695,501,191,95691,full_family_coverage,1354
11617,25320,1152,100,115200,full_family_coverage,1355
7770,9405,178,125,22250,full_family_coverage,1356
7767,14508,241,79,19039,full_family_coverage,1357
4574,22223,285,100,28500,full_family_coverage,1358
536,14606,195,113,22035,full_family_coverage,1359
13448,15153,65,112,7280,full_family_coverage,1360
8623,15821,69,141,9729,full_family_coverage,1361
8717,20876,78,220,17160,full_family_coverage,1362
3593,24257,122,84,10248,full_family_coverage,1363
3454,20027,234,45,10530,full_family_coverage,1364
2640,7048,117,200,23400,full_family_coverage,1365
4623,19257,84,135,11340,full_family_coverage,1366
4100,18941,373,80,29840,full_family_coverage,1367
14366,25117,211,136,28696,full_family_coverage,1368
4494,18393,152,65,9880,full_family_coverage,1369
12688,14176,130,71,9230,full_family_coverage,1370
14871,23962,21,140,2940,full_family_coverage,1371
4542,22417,435,74,32190,full_family_coverage,1372
12124,24242,287,140,40180,full_family_coverage,1373
3126,23813,877,120,105240,full_family_coverage,1374
13642,24266,189,116,21924,full_family_coverage,1375
19028,20914,115,47,5405,full_family_coverage,1376
18030,24551,121,23,2783,full_family_coverage,1377
10366,16519,77,65,5005,full_family_coverage,1378
11572,23700,442,287,126854,full_family_coverage,1379
2125,15309,306,164,50184,full_family_coverage,1380
1167,3709,101,216,21816,full_family_coverage,1381
8857,24655,233,64,14912,full_family_coverage,1382
9399,22693,183,64,11712,full_family_coverage,1383
10565,12506,30,98,2940,full_family_coverage,1384
6342,23800,171,114,19494,full_family_coverage,1385
2280,25174,552,165,91080,full_family_coverage,1386
910,13110,126,139,17514,full_family_coverage,1387
23916,24552,895,252,225540,full_family_coverage,1388
9741,17081,109,76,8284,full_family_coverage,1389
9287,19782,199,114,22686,full_family_coverage,1390
550,15148,188,118,22184,full_family_coverage,1391
4621,20948,9,30,270,full_family_coverage,1392
8825,23970,351,84,29484,full_family_coverage,1393
8829,22245,157,99,15543,full_family_coverage,1394
377,17506,177,83,14691,full_family_coverage,1395
6189,17416,268,93,24924,full_family_coverage,1396
3756,19686,227,134,30418,full_family_coverage,1397
23281,25138,78,200,15600,full_family_coverage,1398
6204,15255,144,607,87408,full_family_coverage,1399
3008,13906,116,172,19952,full_family_coverage,1400
18375,25211,810,312,252720,full_family_coverage,1401
7797,24400,184,252,46368,full_family_coverage,1402
8298,23768,37,54,1998,full_family_coverage,1403
4991,13292,107,159,17013,full_family_coverage,1404
5974,12425,98,73,7154,full_family_coverage,1405
12339,14433,28,126,3528,full_family_coverage,1406
15636,18741,114,191,21774,full_family_coverage,1407
5074,16333,67,59,3953,full_family_coverage,1408
16872,21295,95,130,12350,full_family_coverage,1409
4031,17505,123,30,3690,full_family_coverage,1410
12854,15571,86,48,4128,full_family_coverage,1411
7758,21013,153,177,27081,full_family_coverage,1412
9406,10066,58,147,8526,full_family_coverage,1413
8423,23093,92,36,3312,full_family_coverage,1414
2339,4312,225,99,22275,full_family_coverage,1415
6234,8925,83,502,41666,full_family_coverage,1416
3326,3875,27,526,14202,full_family_coverage,1417
20114,22688,92,508,46736,full_family_coverage,1418
3374,23222,122,112,13664,full_family_coverage,1419
12908,21508,162,164,26568,full_family_coverage,1420
11496,20156,386,97,37442,full_family_coverage,1421
18228,18880,477,64,30528,full_family_coverage,1422
15087,16730,111,66,7326,full_family_coverage,1423
13963,20021,114,37,4218,full_family_coverage,1424
7383,12610,53,253,13409,full_family_coverage,1425
20271,23909,83,25,2075,full_family_coverage,1426
10509,24233,79,270,21330,full_family_coverage,1427
155,15893,31,215,6665,full_family_coverage,1428
14465,16267,254,327,83058,full_family_coverage,1429
8621,21286,47,103,4841,full_family_coverage,1430
9144,24931,101,110,11110,full_family_coverage,1431
2616,8494,143,82,11726,full_family_coverage,1432
4652,5249,154,264,40656,full_family_coverage,1433
4158,23977,220,100,22000,full_family_coverage,1434
9168,20215,294,19,5586,full_family_coverage,1435
15795,17839,120,49,5880,full_family_coverage,1436
3321,11718,382,58,22156,full_family_coverage,1437
12006,16162,115,295,33925,full_family_coverage,1438
16947,18750,136,74,10064,full_family_coverage,1439
1516,3802,408,493,201144,full_family_coverage,1440
7785,24301,152,138,20976,full_family_coverage,1441
6514,20543,228,77,17556,full_family_coverage,1442
1727,25014,34,110,3740,full_family_coverage,1443
12239,25235,81,50,4050,full_family_coverage,1444
12163,16991,65,94,6110,full_family_coverage,1445
2806,4581,279,332,92628,full_family_coverage,1446
3950,6701,239,205,48995,full_family_coverage,1447
6442,14225,77,69,5313,full_family_coverage,1448
3867,19180,307,97,29779,full_family_coverage,1449
3591,12205,39,66,2574,full_family_coverage,1450
8997,11974,228,345,78660,full_family_coverage,1451
11662,23696,38,140,5320,full_family_coverage,1452
2764,13745,137,43,5891,full_family_coverage,1453
22614,23503,53,180,9540,full_family_coverage,1454
761,13403,256,28,7168,full_family_coverage,1455
6356,12469,102,158,16116,full_family_coverage,1456
8382,22810,161,105,16905,full_family_coverage,1457
9080,24793,127,142,18034,full_family_coverage,1458
10456,22064,200,80,16000,full_family_coverage,1459
2492,3110,127,210,26670,full_family_coverage,1460
13094,17166,62,19,1178,full_family_coverage,1461
311,5682,24,161,3864,full_family_coverage,1462
14597,20956,125,141,17625,full_family_coverage,1463
18055,20976,69,82,5658,full_family_coverage,1464
4182,24342,215,120,25800,full_family_coverage,1465
9500,16369,32,235,7520,full_family_coverage,1466
15161,21182,74,69,5106,full_family_coverage,1467
1486,21357,132,250,33000,full_family_coverage,1468
6668,7972,147,100,14700,full_family_coverage,1469
18946,24308,344,85,29240,full_family_coverage,1470
6592,15374,62,81,5022,full_family_coverage,1471
8820,10267,293,126,36918,full_family_coverage,1472
22368,25350,91,268,24388,full_family_coverage,1473
14616,20193,148,70,10360,full_family_coverage,1474
18415,18754,122,82,10004,full_family_coverage,1475
12495,23818,276,80,22080,full_family_coverage,1476
247,15703,89,81,7209,full_family_coverage,1477
2856,7569,93,68,6324,full_family_coverage,1478
2164,15529,370,107,39590,full_family_coverage,1479
419,24215,100,70,7000,full_family_coverage,1480
15844,22344,244,74,18056,full_family_coverage,1481
477,20568,64,126,8064,full_family_coverage,1482
8012,23080,138,268,36984,full_family_coverage,1483
2275,8695,111,451,50061,full_family_coverage,1484
5906,12014,210,650,136500,full_family_coverage,1485
2808,18362,196,86,16856,full_family_coverage,1486
9418,21675,219,95,20805,full_family_coverage,1487
770,6392,152,368,55936,full_family_coverage,1488
6181,18086,322,33,10626,full_family_coverage,1489
5164,6711,62,102,6324,full_family_coverage,1490
3531,19031,52,96,4992,full_family_coverage,1491
4394,19621,53,231,12243,full_family_coverage,1492
19442,23379,290,192,55680,full_family_coverage,1493
547,9837,63,99,6237,full_family_coverage,1494
13063,25404,124,150,18600,full_family_coverage,1495
11745,14423,136,59,8024,full_family_coverage,1496
13202,21467,58,217,12586,full_family_coverage,1497
12451,15465,53,42,2226,full_family_coverage,1498
12295,22766,131,137,17947,full_family_coverage,1499
14756,19089,220,69,15180,full_family_coverage,1500
1524,20929,150,140,21000,full_family_coverage,1501
2688,23196,152,420,63840,full_family_coverage,1502
8964,14065,64,108,6912,full_family_coverage,1503
23268,24786,52,105,5460,full_family_coverage,1504
7829,10175,22,112,2464,full_family_coverage,1505
17339,25085,78,128,9984,full_family_coverage,1506
1049,4908,85,146,12410,full_family_coverage,1507
341,4934,80,50,4000,full_family_coverage,1508
465,13903,151,97,14647,full_family_coverage,1509
13097,17322,55,47,2585,full_family_coverage,1510
14383,20325,58,44,2552,full_family_coverage,1511
6397,10026,71,108,7668,full_family_coverage,1512
12164,17577,32,60,1920,full_family_coverage,1513
9574,16889,46,78,3588,full_family_coverage,1514
13641,20627,81,95,7695,full_family_coverage,1515
8818,24368,197,86,16942,full_family_coverage,1516
19383,21011,122,74,9028,full_family_coverage,1517
7398,10055,13,76,988,full_family_coverage,1518
14741,18418,126,195,24570,full_family_coverage,1519
2911,10013,98,44,4312,full_family_coverage,1520
1670,1797,80,62,4960,full_family_coverage,1521
13170,19997,176,137,24112,full_family_coverage,1522
7009,16466,272,88,23936,full_family_coverage,1523
6119,13237,63,74,4662,full_family_coverage,1524
1259,17949,323,103,33269,full_family_coverage,1525
3222,16113,329,182,59878,full_family_coverage,1526
16493,20042,144,91,13104,full_family_coverage,1527
13937,17048,134,73,9782,full_family_coverage,1528
4203,5480,54,99,5346,full_family_coverage,1529
4102,14592,225,87,19575,full_family_coverage,1530
2349,17650,464,133,61712,full_family_coverage,1531
12860,15550,99,150,14850,full_family_coverage,1532
13999,14490,154,74,11396,full_family_coverage,1533
6598,23108,43,273,11739,full_family_coverage,1534
16172,23073,44,126,5544,full_family_coverage,1535
151,4351,358,491,175778,full_family_coverage,1536
2453,4053,201,172,34572,full_family_coverage,1537
11138,24630,169,90,15210,full_family_coverage,1538
11068,13420,91,198,18018,full_family_coverage,1539
3210,3718,103,22,2266,full_family_coverage,1540
5369,24645,75,159,11925,full_family_coverage,1541
2613,18244,57,182,10374,full_family_coverage,1542
14928,16857,204,80,16320,full_family_coverage,1543
20360,23439,29,25,725,full_family_coverage,1544
5785,7403,470,30,14100,full_family_coverage,1545
1150,9232,228,215,49020,full_family_coverage,1546
5556,9145,196,135,26460,full_family_coverage,1547
16855,22630,60,163,9780,full_family_coverage,1548
10743,18700,87,166,14442,full_family_coverage,1549
11354,22863,369,105,38745,full_family_coverage,1550
5712,13740,72,33,2376,full_family_coverage,1551
17631,23001,168,73,12264,full_family_coverage,1552
20492,21691,141,172,24252,full_family_coverage,1553
1740,4896,204,77,15708,full_family_coverage,1554
10489,21422,217,221,47957,full_family_coverage,1555
12718,24135,85,50,4250,full_family_coverage,1556
3675,16639,344,178,61232,full_family_coverage,1557
7172,23448,194,84,16296,full_family_coverage,1558
23944,25079,75,91,6825,full_family_coverage,1559
8531,20183,209,115,24035,full_family_coverage,1560
3554,4064,271,148,40108,full_family_coverage,1561
13122,24487,207,163,33741,full_family_coverage,1562
16673,19995,319,105,33495,full_family_coverage,1563
18656,18987,235,70,16450,full_family_coverage,1564
7133,10023,186,58,10788,full_family_coverage,1565
13749,24936,177,56,9912,full_family_coverage,1566
6484,7443,205,419,85895,full_family_coverage,1567
4390,22876,199,230,45770,full_family_coverage,1568
10096,19597,156,228,35568,full_family_coverage,1569
20234,25336,66,67,4422,full_family_coverage,1570
3860,17521,71,123,8733,full_family_coverage,1571
2693,5092,49,94,4606,full_family_coverage,1572
1272,16913,308,84,25872,full_family_coverage,1573
2265,22583,109,103,11227,full_family_coverage,1574
5717,25536,172,98,16856,full_family_coverage,1575
21962,22258,40,22,880,full_family_coverage,1576
7467,13411,185,93,17205,full_family_coverage,1577
4241,22747,132,20,2640,full_family_coverage,1578
6369,7944,107,198,21186,full_family_coverage,1579
7872,11119,232,358,83056,full_family_coverage,1580
20281,25001,22,78,1716,full_family_coverage,1581
12770,21829,197,384,75648,full_family_coverage,1582
7895,23960,65,86,5590,full_family_coverage,1583
19669,19872,119,46,5474,full_family_coverage,1584
7183,17857,173,51,8823,full_family_coverage,1585
16072,23269,18,83,1494,full_family_coverage,1586
16414,21162,146,54,7884,full_family_coverage,1587
7817,13215,78,54,4212,full_family_coverage,1588
11264,16067,107,50,5350,full_family_coverage,1589
17657,20644,219,238,52122,full_family_coverage,1590
2593,4985,14,14,196,full_family_coverage,1591
7008,23526,73,219,15987,full_family_coverage,1592
15755,23956,196,204,39984,full_family_coverage,1593
16950,24521,168,261,43848,full_family_coverage,1594
2494,21215,72,57,4104,full_family_coverage,1595
2083,9711,68,99,6732,full_family_coverage,1596
20236,25021,89,85,7565,full_family_coverage,1597
6689,16646,191,227,43357,full_family_coverage,1598
6713,19152,89,721,64169,full_family_coverage,1599
15783,20638,196,123,24108,full_family_coverage,1600
8454,12016,118,161,18998,full_family_coverage,1601
67,8995,259,576,149184,full_family_coverage,1602
5187,19092,99,42,4158,full_family_coverage,1603
12263,13386,367,87,31929,full_family_coverage,1604
1435,5413,174,247,42978,full_family_coverage,1605
17123,17954,161,224,36064,full_family_coverage,1606
329,8600,114,152,17328,full_family_coverage,1607
8947,24438,139,180,25020,full_family_coverage,1608
14590,15343,264,192,50688,full_family_coverage,1609
11166,17113,150,78,11700,full_family_coverage,1610
7434,13145,33,209,6897,full_family_coverage,1611
7691,13359,302,306,92412,full_family_coverage,1612
1287,19145,76,73,5548,full_family_coverage,1613
9097,22847,444,414,183816,full_family_coverage,1614
11843,13716,58,83,4814,full_family_coverage,1615
19926,20262,181,58,10498,full_family_coverage,1616
5079,7086,112,255,28560,full_family_coverage,1617
2791,14725,268,131,35108,full_family_coverage,1618
3018,21439,187,66,12342,full_family_coverage,1619
8038,17572,707,72,50904,full_family_coverage,1620
9940,19225,130,108,14040,full_family_coverage,1621
10360,13435,141,208,29328,full_family_coverage,1622
9880,12360,180,60,10800,full_family_coverage,1623
14396,22050,98,135,13230,full_family_coverage,1624
2942,3683,102,421,42942,full_family_coverage,1625
1668,18894,119,284,33796,full_family_coverage,1626
15472,20259,176,48,8448,full_family_coverage,1627
13253,24095,43,230,9890,full_family_coverage,1628
1084,1358,228,200,45600,full_family_coverage,1629
5001,5218,159,253,40227,full_family_coverage,1630
13929,18169,85,313,26605,full_family_coverage,1631
5764,25459,113,115,12995,full_family_coverage,1632
3749,4113,96,83,7968,full_family_coverage,1633
14485,14974,257,269,69133,full_family_coverage,1634
5782,18344,497,45,22365,full_family_coverage,1635
9657,10597,61,134,8174,full_family_coverage,1636
6261,22273,114,274,31236,full_family_coverage,1637
3508,18146,216,64,13824,full_family_coverage,1638
6352,15660,216,47,10152,full_family_coverage,1639
23963,24758,266,121,32186,full_family_coverage,1640
10977,24750,186,311,57846,full_family_coverage,1641
5824,17384,109,62,6758,full_family_coverage,1642
10040,20870,96,21,2016,full_family_coverage,1643
16243,23103,97,50,4850,full_family_coverage,1644
10681,14178,75,114,8550,full_family_coverage,1645
16702,20750,149,179,26671,full_family_coverage,1646
5840,15000,147,451,66297,full_family_coverage,1647
2661,22163,215,44,9460,full_family_coverage,1648
2372,12963,110,137,15070,full_family_coverage,1649
18763,20338,293,83,24319,full_family_coverage,1650
9133,12597,78,128,9984,full_family_coverage,1651
20966,25113,64,146,9344,full_family_coverage,1652
3075,17636,281,90,25290,full_family_coverage,1653
1229,25036,460,104,47840,full_family_coverage,1654
4282,22498,255,75,19125,full_family_coverage,1655
15807,17433,213,69,14697,full_family_coverage,1656
7065,13029,371,83,30793,full_family_coverage,1657
8525,13407,154,94,14476,full_family_coverage,1658
10145,23556,80,175,14000,full_family_coverage,1659
14784,17154,390,21,8190,full_family_coverage,1660
19072,23306,154,65,10010,full_family_coverage,1661
8753,10083,373,80,29840,full_family_coverage,1662
19811,21576,119,223,26537,full_family_coverage,1663
12165,15999,67,59,3953,full_family_coverage,1664
1240,10389,28,113,3164,full_family_coverage,1665
23220,25144,104,82,8528,full_family_coverage,1666
9334,22813,146,153,22338,full_family_coverage,1667
14612,19817,202,119,24038,full_family_coverage,1668
6316,10251,633,62,39246,full_family_coverage,1669
6821,12509,289,100,28900,full_family_coverage,1670
19221,22118,202,645,130290,full_family_coverage,1671
598,3689,161,73,11753,full_family_coverage,1672
5818,10488,85,577,49045,full_family_coverage,1673
16735,24890,56,72,4032,full_family_coverage,1674
7881,15225,84,66,5544,full_family_coverage,1675
2157,2765,64,219,14016,full_family_coverage,1676
2820,11139,321,158,50718,full_family_coverage,1677
1097,23260,418,116,48488,full_family_coverage,1678
5972,17409,170,90,15300,full_family_coverage,1679
10706,13823,131,66,8646,full_family_coverage,1680
7853,19583,332,80,26560,full_family_coverage,1681
6085,10658,43,70,3010,full_family_coverage,1682
2401,8027,70,192,13440,full_family_coverage,1683
1225,2211,348,497,172956,full_family_coverage,1684
2335,16042,107,223,23861,full_family_coverage,1685
13551,17156,225,74,16650,full_family_coverage,1686
19753,20845,117,153,17901,full_family_coverage,1687
2914,19343,96,74,7104,full_family_coverage,1688
5363,22980,189,86,16254,full_family_coverage,1689
7271,21254,53,95,5035,full_family_coverage,1690
844,10853,23,24,552,full_family_coverage,1691
2624,14771,87,102,8874,full_family_coverage,1692
904,6522,398,744,296112,full_family_coverage,1693
17902,23532,53,45,2385,full_family_coverage,1694
7502,16868,384,45,17280,full_family_coverage,1695
8934,10513,128,76,9728,full_family_coverage,1696
23374,24406,110,135,14850,full_family_coverage,1697
4800,24892,31,50,1550,full_family_coverage,1698
985,14393,105,1292,135660,full_family_coverage,1699
3014,16089,137,82,11234,full_family_coverage,1700
15938,24258,138,130,17940,full_family_coverage,1701
5957,16285,187,106,19822,full_family_coverage,1702
8110,13636,70,44,3080,full_family_coverage,1703
3247,12323,73,53,3869,full_family_coverage,1704
5267,18426,201,58,11658,full_family_coverage,1705
944,14342,166,1277,211982,full_family_coverage,1706
6240,22404,155,44,6820,full_family_coverage,1707
13481,15277,53,131,6943,full_family_coverage,1708
8297,22343,69,76,5244,full_family_coverage,1709
8339,14898,30,267,8010,full_family_coverage,1710
14102,14729,69,186,12834,full_family_coverage,1711
2177,19369,216,58,12528,full_family_coverage,1712
13729,24564,64,191,12224,full_family_coverage,1713
11565,16606,40,43,1720,full_family_coverage,1714
16927,23191,185,55,10175,full_family_coverage,1715
12561,13617,62,60,3720,full_family_coverage,1716
16803,24848,38,128,4864,full_family_coverage,1717
9313,20279,151,96,14496,full_family_coverage,1718
11876,13204,299,253,75647,full_family_coverage,1719
5203,20906,192,147,28224,full_family_coverage,1720
1159,7801,97,43,4171,full_family_coverage,1721
9579,24144,44,76,3344,full_family_coverage,1722
771,2198,35,82,2870,full_family_coverage,1723
12554,19744,134,235,31490,full_family_coverage,1724
14773,16290,162,93,15066,full_family_coverage,1725
4226,6237,126,60,7560,full_family_coverage,1726
19019,20049,269,105,28245,full_family_coverage,1727
3224,11646,34,51,1734,full_family_coverage,1728
13324,22829,105,99,10395,full_family_coverage,1729
948,1003,156,136,21216,full_family_coverage,1730
18573,23289,73,254,18542,full_family_coverage,1731
9283,22075,44,125,5500,full_family_coverage,1732
13633,16542,78,48,3744,full_family_coverage,1733
7663,14805,103,80,8240,full_family_coverage,1734
2110,12535,97,71,6887,full_family_coverage,1735
5120,7592,79,4,316,full_family_coverage,1736
13645,23398,158,131,20698,full_family_coverage,1737
11475,20227,158,187,29546,full_family_coverage,1738
13676,16311,109,91,9919,full_family_coverage,1739
4608,25440,131,123,16113,full_family_coverage,1740
10306,11439,130,211,27430,full_family_coverage,1741
3708,9945,145,64,9280,full_family_coverage,1742
15871,18089,62,174,10788,full_family_coverage,1743
7837,12361,135,55,7425,full_family_coverage,1744
3262,16246,282,260,73320,full_family_coverage,1745
13067,22160,50,65,3250,full_family_coverage,1746
820,5535,197,257,50629,full_family_coverage,1747
3524,17079,314,94,29516,full_family_coverage,1748
113,21368,115,139,15985,full_family_coverage,1749
14940,17194,90,21,1890,full_family_coverage,1750
13023,14388,62,83,5146,full_family_coverage,1751
18564,24363,58,43,2494,full_family_coverage,1752
7736,11960,39,60,2340,full_family_coverage,1753
21658,22408,87,85,7395,full_family_coverage,1754
12504,16962,452,77,34804,full_family_coverage,1755
12312,17737,158,49,7742,full_family_coverage,1756
1932,2322,401,319,127919,full_family_coverage,1757
12724,17349,70,131,9170,full_family_coverage,1758
17481,18923,61,134,8174,full_family_coverage,1759
15036,20084,88,23,2024,full_family_coverage,1760
13243,19197,366,279,102114,full_family_coverage,1761
3394,5498,152,347,52744,full_family_coverage,1762
19763,21246,73,61,4453,full_family_coverage,1763
3403,20947,169,50,8450,full_family_coverage,1764
10246,25505,49,216,10584,full_family_coverage,1765
10842,24851,371,68,25228,full_family_coverage,1766
285,14509,320,120,38400,full_family_coverage,1767
14804,16975,216,97,20952,full_family_coverage,1768
1821,11588,230,43,9890,full_family_coverage,1769
3584,16552,110,79,8690,full_family_coverage,1770
1674,11049,64,83,5312,full_family_coverage,1771
6616,14512,86,267,22962,full_family_coverage,1772
2789,13408,41,30,1230,full_family_coverage,1773
9946,16187,323,73,23579,full_family_coverage,1774
10635,17687,87,91,7917,full_family_coverage,1775
12127,22045,56,50,2800,full_family_coverage,1776
8975,25374,114,132,15048,full_family_coverage,1777
1561,5323,229,313,71677,full_family_coverage,1778
1210,16174,243,193,46899,full_family_coverage,1779
8427,13843,91,80,7280,full_family_coverage,1780
7876,15810,50,49,2450,full_family_coverage,1781
8806,24405,101,115,11615,full_family_coverage,1782
5666,23253,24,132,3168,full_family_coverage,1783
23087,25504,62,99,6138,full_family_coverage,1784
11200,19937,34,108,3672,full_family_coverage,1785
8068,21992,194,79,15326,full_family_coverage,1786
5608,10760,129,76,9804,full_family_coverage,1787
1471,1930,156,7,1092,full_family_coverage,1788
17417,19195,137,387,53019,full_family_coverage,1789
18457,18762,136,88,11968,full_family_coverage,1790
1039,11602,132,130,17160,full_family_coverage,1791
12560,17373,158,85,13430,full_family_coverage,1792
8786,11857,172,416,71552,full_family_coverage,1793
1195,13079,33,183,6039,full_family_coverage,1794
10932,14334,142,166,23572,full_family_coverage,1795
4739,21409,567,484,274428,full_family_coverage,1796
17321,18410,73,394,28762,full_family_coverage,1797
6462,18127,37,63,2331,full_family_coverage,1798
13534,21980,255,92,23460,full_family_coverage,1799
5494,16999,300,67,20100,full_family_coverage,1800
18272,20308,172,69,11868,full_family_coverage,1801
14978,20357,88,53,4664,full_family_coverage,1802
22857,23877,152,86,13072,full_family_coverage,1803
24100,24157,42,177,7434,full_family_coverage,1804
9430,23176,115,137,15755,full_family_coverage,1805
9998,24885,71,39,2769,full_family_coverage,1806
20643,25142,188,79,14852,full_family_coverage,1807
1205,22518,222,77,17094,full_family_coverage,1808
3854,6875,166,261,43326,full_family_coverage,1809
2308,8976,507,49,24843,full_family_coverage,1810
15611,21831,76,96,7296,full_family_coverage,1811
120,13323,24,139,3336,full_family_coverage,1812
18033,20952,194,17,3298,full_family_coverage,1813
19704,21419,296,78,23088,full_family_coverage,1814
8861,20761,63,217,13671,full_family_coverage,1815
2615,14076,92,127,11684,full_family_coverage,1816
3138,7103,207,150,31050,full_family_coverage,1817
8649,9343,69,86,5934,full_family_coverage,1818
3051,5474,214,114,24396,full_family_coverage,1819
6230,21956,359,88,31592,full_family_coverage,1820
11835,22300,174,172,29928,full_family_coverage,1821
4471,20773,47,190,8930,full_family_coverage,1822
2459,9028,92,155,14260,full_family_coverage,1823
5927,12580,405,171,69255,full_family_coverage,1824
9222,11838,143,88,12584,full_family_coverage,1825
15327,17766,338,98,33124,full_family_coverage,1826
22856,24235,995,241,239795,full_family_coverage,1827
13915,18985,81,219,17739,full_family_coverage,1828
7440,20231,22,39,858,full_family_coverage,1829
6206,13665,79,210,16590,full_family_coverage,1830
2432,21116,80,131,10480,full_family_coverage,1831
5172,15744,121,112,13552,full_family_coverage,1832
3285,11273,182,25,4550,full_family_coverage,1833
14400,22916,189,492,92988,full_family_coverage,1834
11878,20784,322,161,51842,full_family_coverage,1835
893,18334,107,69,7383,full_family_coverage,1836
658,24517,200,150,30000,full_family_coverage,1837
18460,22131,111,26,2886,full_family_coverage,1838
7442,9562,81,180,14580,full_family_coverage,1839
20827,21811,167,164,27388,full_family_coverage,1840
17162,18243,75,196,14700,full_family_coverage,1841
5198,13796,366,89,32574,full_family_coverage,1842
15210,20239,175,104,18200,full_family_coverage,1843
6304,18544,177,101,17877,full_family_coverage,1844
7421,19664,67,261,17487,full_family_coverage,1845
5735,9021,49,155,7595,full_family_coverage,1846
21445,25191,187,279,52173,full_family_coverage,1847
3996,17151,56,128,7168,full_family_coverage,1848
8570,8743,51,87,4437,full_family_coverage,1849
4558,4789,763,59,45017,full_family_coverage,1850
9565,13848,119,106,12614,full_family_coverage,1851
15340,20982,82,149,12218,full_family_coverage,1852
1323,10765,34,95,3230,full_family_coverage,1853
11622,13595,54,37,1998,full_family_coverage,1854
3845,14819,384,235,90240,full_family_coverage,1855
7259,24145,409,76,31084,full_family_coverage,1856
5674,15792,104,148,15392,full_family_coverage,1857
6233,14328,395,244,96380,full_family_coverage,1858
16533,23242,154,79,12166,full_family_coverage,1859
2629,8673,207,134,27738,full_family_coverage,1860
21203,23591,80,68,5440,full_family_coverage,1861
10210,18772,220,385,84700,full_family_coverage,1862
9083,22812,169,151,25519,full_family_coverage,1863
14047,17591,324,127,41148,full_family_coverage,1864
19234,24416,61,91,5551,full_family_coverage,1865
9552,16188,89,47,4183,full_family_coverage,1866
22289,22757,401,105,42105,full_family_coverage,1867
5472,11796,46,114,5244,full_family_coverage,1868
2040,2368,176,128,22528,full_family_coverage,1869
18097,23716,76,149,11324,full_family_coverage,1870
14802,17549,69,74,5106,full_family_coverage,1871
14098,14542,81,93,7533,full_family_coverage,1872
1768,22748,221,56,12376,full_family_coverage,1873
5723,6830,343,50,17150,full_family_coverage,1874
1915,10422,343,53,18179,full_family_coverage,1875
8451,23438,60,165,9900,full_family_coverage,1876
1343,3373,103,141,14523,full_family_coverage,1877
665,17983,126,118,14868,full_family_coverage,1878
16435,21491,222,82,18204,full_family_coverage,1879
17208,19461,106,686,72716,full_family_coverage,1880
2609,8647,173,150,25950,full_family_coverage,1881
11401,17525,192,42,8064,full_family_coverage,1882
10474,19318,83,251,20833,full_family_coverage,1883
3764,5673,140,351,49140,full_family_coverage,1884
19015,22661,173,348,60204,full_family_coverage,1885
2567,11648,119,63,7497,full_family_coverage,1886
2439,3881,231,120,27720,full_family_coverage,1887
2987,9885,166,571,94786,full_family_coverage,1888
4565,15799,161,147,23667,full_family_coverage,1889
15094,24486,71,304,21584,full_family_coverage,1890
8996,9150,101,250,25250,full_family_coverage,1891
4256,23201,65,265,17225,full_family_coverage,1892
10399,11366,94,49,4606,full_family_coverage,1893
671,15496,81,95,7695,full_family_coverage,1894
372,22222,49,136,6664,full_family_coverage,1895
2536,20121,44,87,3828,full_family_coverage,1896
11055,17294,364,115,41860,full_family_coverage,1897
6566,23773,187,103,19261,full_family_coverage,1898
10159,23079,106,150,15900,full_family_coverage,1899
215,2998,4,86,344,full_family_coverage,1900
10433,16569,72,156,11232,full_family_coverage,1901
14227,24239,176,126,22176,full_family_coverage,1902
2993,19184,470,189,88830,full_family_coverage,1903
1366,5318,123,47,5781,full_family_coverage,1904
11384,20311,246,66,16236,full_family_coverage,1905
2826,19858,429,44,18876,full_family_coverage,1906
6996,7193,251,47,11797,full_family_coverage,1907
789,7615,160,55,8800,full_family_coverage,1908
12871,20756,34,125,4250,full_family_coverage,1909
17185,22190,118,68,8024,full_family_coverage,1910
85,18062,67,59,3953,full_family_coverage,1911
5677,10008,98,93,9114,full_family_coverage,1912
11818,25365,147,120,17640,full_family_coverage,1913
17460,22071,61,56,3416,full_family_coverage,1914
1317,22459,101,47,4747,full_family_coverage,1915
9937,18740,117,221,25857,full_family_coverage,1916
2796,16535,209,466,97394,full_family_coverage,1917
11203,11948,149,80,11920,full_family_coverage,1918
2859,5097,54,148,7992,full_family_coverage,1919
11557,23160,94,37,3478,full_family_coverage,1920
18757,19095,482,152,73264,full_family_coverage,1921
5561,16551,167,77,12859,full_family_coverage,1922
9664,25232,133,147,19551,full_family_coverage,1923
708,14605,47,157,7379,full_family_coverage,1924
7643,19156,48,213,10224,full_family_coverage,1925
357,19645,363,79,28677,full_family_coverage,1926
12896,19457,221,34,7514,full_family_coverage,1927
1342,13827,147,247,36309,full_family_coverage,1928
7692,8773,34,139,4726,full_family_coverage,1929
7169,9365,83,869,72127,full_family_coverage,1930
2489,5303,102,126,12852,full_family_coverage,1931
7670,11002,94,131,12314,full_family_coverage,1932
783,14291,146,1481,216226,full_family_coverage,1933
2668,15580,642,56,35952,full_family_coverage,1934
277,16299,280,229,64120,full_family_coverage,1935
13841,22351,80,77,6160,full_family_coverage,1936
996,12780,116,32,3712,full_family_coverage,1937
5159,10068,67,48,3216,full_family_coverage,1938
11180,21965,279,213,59427,full_family_coverage,1939
1596,15195,233,58,13514,full_family_coverage,1940
5194,17980,184,96,17664,full_family_coverage,1941
16996,25382,77,115,8855,full_family_coverage,1942
1988,23352,115,65,7475,full_family_coverage,1943
3621,21696,86,118,10148,full_family_coverage,1944
9767,14971,64,231,14784,full_family_coverage,1945
1550,22652,126,390,49140,full_family_coverage,1946
8568,8843,22,154,3388,full_family_coverage,1947
19562,22667,45,63,2835,full_family_coverage,1948
8676,15613,58,150,8700,full_family_coverage,1949
2821,15889,98,222,21756,full_family_coverage,1950
12941,22572,57,49,2793,full_family_coverage,1951
634,20366,94,97,9118,full_family_coverage,1952
3311,13361,164,185,30340,full_family_coverage,1953
19738,21482,75,124,9300,full_family_coverage,1954
3847,12141,140,90,12600,full_family_coverage,1955
8365,15152,188,149,28012,full_family_coverage,1956
280,16918,254,69,17526,full_family_coverage,1957
11248,21242,61,99,6039,full_family_coverage,1958
7763,25161,102,89,9078,full_family_coverage,1959
6863,8864,218,166,36188,full_family_coverage,1960
6108,10546,365,97,35405,full_family_coverage,1961
19911,22138,55,54,2970,full_family_coverage,1962
6552,16449,437,50,21850,full_family_coverage,1963
3328,11984,456,137,62472,full_family_coverage,1964
8844,19481,182,89,16198,full_family_coverage,1965
10625,18851,119,158,18802,full_family_coverage,1966
16284,24119,142,225,31950,full_family_coverage,1967
570,22959,36,90,3240,full_family_coverage,1968
9376,13528,264,251,66264,full_family_coverage,1969
4884,17676,161,277,44597,full_family_coverage,1970
11304,18612,29,97,2813,full_family_coverage,1971
4730,13414,26,45,1170,full_family_coverage,1972
18652,23500,189,70,13230,full_family_coverage,1973
804,17280,429,187,80223,full_family_coverage,1974
13423,23167,65,125,8125,full_family_coverage,1975
9898,12808,56,152,8512,full_family_coverage,1976
9763,18578,7,72,504,full_family_coverage,1977
8153,22259,108,76,8208,full_family_coverage,1978
10233,20984,121,96,11616,full_family_coverage,1979
18921,19604,90,71,6390,full_family_coverage,1980
606,10208,63,314,19782,full_family_coverage,1981
3978,19412,168,150,25200,full_family_coverage,1982
898,2076,339,44,14916,full_family_coverage,1983
4323,20725,575,163,93725,full_family_coverage,1984
8576,16899,76,197,14972,full_family_coverage,1985
11,17950,594,80,47520,full_family_coverage,1986
12951,25187,123,123,15129,full_family_coverage,1987
3353,10559,366,77,28182,full_family_coverage,1988
21391,21717,55,118,6490,full_family_coverage,1989
3526,12491,49,43,2107,full_family_coverage,1990
6386,10496,134,57,7638,full_family_coverage,1991
12355,20179,83,59,4897,full_family_coverage,1992
19793,23258,53,79,4187,full_family_coverage,1993
10752,21337,25,351,8775,full_family_coverage,1994
5521,20798,188,106,19928,full_family_coverage,1995
1582,6864,45,199,8955,full_family_coverage,1996
2951,5142,396,113,44748,full_family_coverage,1997
2419,10845,133,73,9709,full_family_coverage,1998
3900,14506,461,209,96349,full_family_coverage,1999
5372,21563,327,47,15369,full_family_coverage,2000
18842,23186,155,110,17050,full_family_coverage,2001
3876,22530,252,40,10080,full_family_coverage,2002
14932,20636,295,85,25075,full_family_coverage,2003
600,14636,177,53,9381,full_family_coverage,2004
14173,24341,253,25,6325,full_family_coverage,2005
22125,25072,48,188,9024,full_family_coverage,2006
5035,8979,74,36,2664,full_family_coverage,2007
5170,10998,85,325,27625,full_family_coverage,2008
6594,19264,70,97,6790,full_family_coverage,2009
672,8124,284,88,24992,full_family_coverage,2010
2222,20110,73,46,3358,full_family_coverage,2011
6652,14052,128,65,8320,full_family_coverage,2012
5192,5287,357,77,27489,full_family_coverage,2013
11193,18767,165,124,20460,full_family_coverage,2014
16275,18079,122,150,18300,full_family_coverage,2015
6393,17498,230,99,22770,full_family_coverage,2016
12779,20453,222,68,15096,full_family_coverage,2017
1394,7635,69,97,6693,full_family_coverage,2018
14301,23809,188,109,20492,full_family_coverage,2019
11019,24415,137,100,13700,full_family_coverage,2020
11116,24134,348,35,12180,full_family_coverage,2021
3174,14431,200,441,88200,full_family_coverage,2022
5924,14303,199,20,3980,full_family_coverage,2023
10329,18182,74,110,8140,full_family_coverage,2024
14007,18644,46,71,3266,full_family_coverage,2025
23490,24282,51,363,18513,full_family_coverage,2026
4199,13978,81,371,30051,full_family_coverage,2027
9818,18469,109,416,45344,full_family_coverage,2028
5774,24197,92,76,6992,full_family_coverage,2029
5943,9691,268,82,21976,full_family_coverage,2030
1619,17847,73,238,17374,full_family_coverage,2031
12306,19784,142,163,23146,full_family_coverage,2032
15499,21640,51,91,4641,full_family_coverage,2033
10871,23611,108,129,13932,full_family_coverage,2034
14823,18414,269,230,61870,full_family_coverage,2035
4063,14064,151,164,24764,full_family_coverage,2036
1712,3421,77,127,9779,full_family_coverage,2037
11997,17501,20,55,1100,full_family_coverage,2038
1882,8199,114,210,23940,full_family_coverage,2039
10271,23786,51,115,5865,full_family_coverage,2040
1304,9786,97,683,66251,full_family_coverage,2041
3024,6677,143,55,7865,full_family_coverage,2042
4138,21102,223,112,24976,full_family_coverage,2043
5111,20365,83,73,6059,full_family_coverage,2044
7038,19867,193,437,84341,full_family_coverage,2045
12079,13901,80,804,64320,full_family_coverage,2046
873,17177,102,103,10506,full_family_coverage,2047
7974,11817,63,184,11592,full_family_coverage,2048
16942,22554,143,167,23881,full_family_coverage,2049
5015,10649,55,257,14135,full_family_coverage,2050
8540,10523,188,284,53392,full_family_coverage,2051
7110,9138,108,54,5832,full_family_coverage,2052
4553,12499,184,150,27600,full_family_coverage,2053
16713,20225,104,96,9984,full_family_coverage,2054
17072,19745,128,113,14464,full_family_coverage,2055
1685,2011,320,10,3200,full_family_coverage,2056
14419,15535,47,149,7003,full_family_coverage,2057
7924,13552,156,170,26520,full_family_coverage,2058
4399,6971,141,269,37929,full_family_coverage,2059
2762,19374,13,60,780,full_family_coverage,2060
16409,17609,114,106,12084,full_family_coverage,2061
4691,14359,168,55,9240,full_family_coverage,2062
4255,10345,155,63,9765,full_family_coverage,2063
8713,10086,176,52,9152,full_family_coverage,2064
13158,19610,117,102,11934,full_family_coverage,2065
8277,24809,43,139,5977,full_family_coverage,2066
14381,20166,129,53,6837,full_family_coverage,2067
2404,14963,73,794,57962,full_family_coverage,2068
7545,11884,53,254,13462,full_family_coverage,2069
3327,19796,362,105,38010,full_family_coverage,2070
7066,10274,80,79,6320,full_family_coverage,2071
21570,24996,86,158,13588,full_family_coverage,2072
2402,4427,359,318,114162,full_family_coverage,2073
2801,14016,332,145,48140,full_family_coverage,2074
3467,23802,66,279,18414,full_family_coverage,2075
8142,19746,323,56,18088,full_family_coverage,2076
8933,16641,223,209,46607,full_family_coverage,2077
11028,21241,104,75,7800,full_family_coverage,2078
4229,6623,243,40,9720,full_family_coverage,2079
3235,10549,157,34,5338,full_family_coverage,2080
4130,7116,145,235,34075,full_family_coverage,2081
18285,21757,310,345,106950,full_family_coverage,2082
6978,20337,124,59,7316,full_family_coverage,2083
15564,18252,86,249,21414,full_family_coverage,2084
18982,19866,97,238,23086,full_family_coverage,2085
13514,23981,67,102,6834,full_family_coverage,2086
15827,22073,46,25,1150,full_family_coverage,2087
15384,22313,66,178,11748,full_family_coverage,2088
4735,25533,62,121,7502,full_family_coverage,2089
23955,25500,217,110,23870,full_family_coverage,2090
8622,22527,74,115,8510,full_family_coverage,2091
8049,9345,182,312,56784,full_family_coverage,2092
21076,24877,125,95,11875,full_family_coverage,2093
6509,17940,97,58,5626,full_family_coverage,2094
12346,12494,212,199,42188,full_family_coverage,2095
1308,2802,50,109,5450,full_family_coverage,2096
2865,19487,119,321,38199,full_family_coverage,2097
20102,20389,149,52,7748,full_family_coverage,2098
3819,20306,108,71,7668,full_family_coverage,2099
8224,14154,280,119,33320,full_family_coverage,2100
1365,12730,76,97,7372,full_family_coverage,2101
11065,13465,164,132,21648,full_family_coverage,2102
14041,17941,298,79,23542,full_family_coverage,2103
1635,6695,190,154,29260,full_family_coverage,2104
14754,21935,354,237,83898,full_family_coverage,2105
4784,11809,164,90,14760,full_family_coverage,2106
2561,8026,179,78,13962,full_family_coverage,2107
20347,21703,34,178,6052,full_family_coverage,2108
10443,17378,50,30,1500,full_family_coverage,2109
7327,14245,316,95,30020,full_family_coverage,2110
20571,22715,311,37,11507,full_family_coverage,2111
2316,14808,90,123,11070,full_family_coverage,2112
16799,20258,436,112,48832,full_family_coverage,2113
193,698,228,111,25308,full_family_coverage,2114
274,20439,34,82,2788,full_family_coverage,2115
6464,15304,30,128,3840,full_family_coverage,2116
6379,18455,179,117,20943,full_family_coverage,2117
4322,16048,98,460,45080,full_family_coverage,2118
1360,13548,213,125,26625,full_family_coverage,2119
2855,16009,236,258,60888,full_family_coverage,2120
12238,23847,241,72,17352,full_family_coverage,2121
5555,17483,360,77,27720,full_family_coverage,2122
20879,24699,76,197,14972,full_family_coverage,2123
12199,18517,104,57,5928,full_family_coverage,2124
294,615,42,135,5670,full_family_coverage,2125
11528,13712,48,202,9696,full_family_coverage,2126
13356,23812,56,162,9072,full_family_coverage,2127
17513,20342,98,85,8330,full_family_coverage,2128
16332,22051,942,65,61230,full_family_coverage,2129
4523,11733,154,48,7392,full_family_coverage,2130
3335,7076,260,21,5460,full_family_coverage,2131
1810,19046,299,151,45149,full_family_coverage,2132
9110,12565,199,41,8159,full_family_coverage,2133
21564,23025,139,60,8340,full_family_coverage,2134
3583,15976,283,142,40186,full_family_coverage,2135
6022,24944,145,146,21170,full_family_coverage,2136
8954,23088,155,82,12710,full_family_coverage,2137
1048,4068,85,24,2040,full_family_coverage,2138
3831,23112,870,35,30450,full_family_coverage,2139
14086,16317,105,217,22785,full_family_coverage,2140
11696,15209,86,410,35260,full_family_coverage,2141
8139,19132,95,97,9215,full_family_coverage,2142
2456,18527,117,81,9477,full_family_coverage,2143
20295,24264,38,85,3230,full_family_coverage,2144
8126,15959,159,210,33390,full_family_coverage,2145
3603,17125,126,65,8190,full_family_coverage,2146
8607,13811,79,83,6557,full_family_coverage,2147
18088,19035,122,167,20374,full_family_coverage,2148
10318,19618,110,166,18260,full_family_coverage,2149
14507,23624,94,67,6298,full_family_coverage,2150
16031,19692,94,368,34592,full_family_coverage,2151
5618,10624,164,105,17220,full_family_coverage,2152
349,19314,178,289,51442,full_family_coverage,2153
4854,10127,211,53,11183,full_family_coverage,2154
4946,10878,233,63,14679,full_family_coverage,2155
12211,14505,121,276,33396,full_family_coverage,2156
4714,14893,113,230,25990,full_family_coverage,2157
3598,14699,193,83,16019,full_family_coverage,2158
13769,17805,102,193,19686,full_family_coverage,2159
15654,20551,356,65,23140,full_family_coverage,2160
9773,12761,38,89,3382,full_family_coverage,2161
1588,7232,456,25,11400,full_family_coverage,2162
24620,24818,319,122,38918,full_family_coverage,2163
2027,3147,21,274,5754,full_family_coverage,2164
8227,13883,102,113,11526,full_family_coverage,2165
12564,17240,166,120,19920,full_family_coverage,2166
2001,15498,106,105,11130,full_family_coverage,2167
5409,6475,163,380,61940,full_family_coverage,2168
3908,14296,224,81,18144,full_family_coverage,2169
17887,24676,479,75,35925,full_family_coverage,2170
17061,25131,30,167,5010,full_family_coverage,2171
9348,18424,160,143,22880,full_family_coverage,2172
6886,25410,85,52,4420,full_family_coverage,2173
8207,8656,318,285,90630,full_family_coverage,2174
18773,25106,93,61,5673,full_family_coverage,2175
11806,23116,341,148,50468,full_family_coverage,2176
3363,9177,83,235,19505,full_family_coverage,2177
18251,21185,163,57,9291,full_family_coverage,2178
10561,17271,18,84,1512,full_family_coverage,2179
4590,7793,48,38,1824,full_family_coverage,2180
18384,18525,544,188,102272,full_family_coverage,2181
3415,16815,48,40,1920,full_family_coverage,2182
4457,5651,91,139,12649,full_family_coverage,2183
15284,20710,84,83,6972,full_family_coverage,2184
1679,18914,210,43,9030,full_family_coverage,2185
12849,19309,151,101,15251,full_family_coverage,2186
19489,24490,306,306,93636,full_family_coverage,2187
13353,23874,265,284,75260,full_family_coverage,2188
10365,17298,42,48,2016,full_family_coverage,2189
2698,16509,276,52,14352,full_family_coverage,2190
11755,17157,77,104,8008,full_family_coverage,2191
1337,13379,228,125,28500,full_family_coverage,2192
8172,20934,144,152,21888,full_family_coverage,2193
12900,19925,86,73,6278,full_family_coverage,2194
15183,22044,48,249,11952,full_family_coverage,2195
14295,21507,85,96,8160,full_family_coverage,2196
3357,24504,226,58,13108,full_family_coverage,2197
6921,18084,87,112,9744,full_family_coverage,2198
14684,15268,57,47,2679,full_family_coverage,2199
7751,20932,261,141,36801,full_family_coverage,2200
9489,19683,96,151,14496,full_family_coverage,2201
3114,15252,148,470,69560,full_family_coverage,2202
10863,25181,71,148,10508,full_family_coverage,2203
13722,20754,107,53,5671,full_family_coverage,2204
2995,7462,180,30,5400,full_family_coverage,2205
9707,22601,169,21,3549,full_family_coverage,2206
1510,4659,199,165,32835,full_family_coverage,2207
10058,24986,52,60,3120,full_family_coverage,2208
7533,17662,38,48,1824,full_family_coverage,2209
8511,16765,150,111,16650,full_family_coverage,2210
1252,16408,182,82,14924,full_family_coverage,2211
16793,23551,42,117,4914,full_family_coverage,2212
21071,24597,52,306,15912,full_family_coverage,2213
7776,19776,154,165,25410,full_family_coverage,2214
7392,21377,27,72,1944,full_family_coverage,2215
212,21019,207,68,14076,full_family_coverage,2216
16260,19438,52,93,4836,full_family_coverage,2217
14618,15874,75,49,3675,full_family_coverage,2218
8050,21967,157,67,10519,full_family_coverage,2219
2550,21220,81,50,4050,full_family_coverage,2220
13491,23459,59,30,1770,full_family_coverage,2221
8522,17124,82,54,4428,full_family_coverage,2222
6493,16058,174,114,19836,full_family_coverage,2223
23231,24006,196,183,35868,full_family_coverage,2224
2088,8893,122,96,11712,full_family_coverage,2225
681,2741,186,179,33294,full_family_coverage,2226
13704,23740,154,41,6314,full_family_coverage,2227
19111,22165,109,63,6867,full_family_coverage,2228
10344,16286,126,106,13356,full_family_coverage,2229
4966,13102,82,65,5330,full_family_coverage,2230
18143,20077,132,93,12276,full_family_coverage,2231
4272,11403,244,139,33916,full_family_coverage,2232
10252,17299,88,90,7920,full_family_coverage,2233
8721,21160,59,226,13334,full_family_coverage,2234
10006,21321,156,106,16536,full_family_coverage,2235
5690,14308,136,301,40936,full_family_coverage,2236
14253,16310,147,80,11760,full_family_coverage,2237
4178,13389,140,336,47040,full_family_coverage,2238
12376,13248,268,52,13936,full_family_coverage,2239
984,16344,130,48,6240,full_family_coverage,2240
7272,7451,128,26,3328,full_family_coverage,2241
15666,17641,87,69,6003,full_family_coverage,2242
666,24476,395,31,12245,full_family_coverage,2243
19441,23210,99,97,9603,full_family_coverage,2244
631,12446,240,145,34800,full_family_coverage,2245
1424,18273,38,201,7638,full_family_coverage,2246
16966,17804,137,185,25345,full_family_coverage,2247
4939,16351,287,115,33005,full_family_coverage,2248
3348,5570,221,157,34697,full_family_coverage,2249
16737,21752,211,95,20045,full_family_coverage,2250
2044,21864,78,80,6240,full_family_coverage,2251
2999,8274,226,83,18758,full_family_coverage,2252
1876,15846,448,113,50624,full_family_coverage,2253
5171,13395,50,419,20950,full_family_coverage,2254
12822,15572,44,254,11176,full_family_coverage,2255
12270,18269,286,106,30316,full_family_coverage,2256
20141,23506,204,160,32640,full_family_coverage,2257
2748,21022,33,68,2244,full_family_coverage,2258
1480,5379,54,144,7776,full_family_coverage,2259
1579,7579,496,161,79856,full_family_coverage,2260
6172,10901,139,151,20989,full_family_coverage,2261
5532,11539,879,44,38676,full_family_coverage,2262
12698,13188,67,41,2747,full_family_coverage,2263
6680,17586,259,156,40404,full_family_coverage,2264
21740,22359,57,54,3078,full_family_coverage,2265
5178,14574,175,146,25550,full_family_coverage,2266
10594,23295,52,115,5980,full_family_coverage,2267
5585,13075,146,251,36646,full_family_coverage,2268
2634,18725,116,275,31900,full_family_coverage,2269
13885,22149,96,134,12864,full_family_coverage,2270
7728,19146,295,118,34810,full_family_coverage,2271
957,2883,107,87,9309,full_family_coverage,2272
8371,13322,101,153,15453,full_family_coverage,2273
2079,19913,48,129,6192,full_family_coverage,2274
4637,12546,180,212,38160,full_family_coverage,2275
16441,21136,98,84,8232,full_family_coverage,2276
7120,12103,396,131,51876,full_family_coverage,2277
12395,24839,188,158,29704,full_family_coverage,2278
149,5202,92,148,13616,full_family_coverage,2279
58,7820,103,88,9064,full_family_coverage,2280
9698,10799,151,100,15100,full_family_coverage,2281
6944,12686,72,110,7920,full_family_coverage,2282
2189,13438,96,129,12384,full_family_coverage,2283
20096,23803,19,81,1539,full_family_coverage,2284
9764,16671,75,188,14100,full_family_coverage,2285
4506,22607,95,1036,98420,full_family_coverage,2286
8166,15885,106,69,7314,full_family_coverage,2287
5454,13124,865,43,37195,full_family_coverage,2288
10558,14421,27,130,3510,full_family_coverage,2289
21602,24071,155,435,67425,full_family_coverage,2290
2288,13434,59,247,14573,full_family_coverage,2291
14055,18829,228,86,19608,full_family_coverage,2292
20416,25294,34,146,4964,full_family_coverage,2293
10042,21112,128,85,10880,full_family_coverage,2294
3578,14619,36,104,3744,full_family_coverage,2295
5100,23741,106,66,6996,full_family_coverage,2296
8366,20390,43,107,4601,full_family_coverage,2297
5510,15228,294,164,48216,full_family_coverage,2298
9771,11626,35,40,1400,full_family_coverage,2299
1455,18548,119,82,9758,full_family_coverage,2300
347,24542,122,326,39772,full_family_coverage,2301
21832,22006,111,380,42180,full_family_coverage,2302
12482,24469,142,358,50836,full_family_coverage,2303
12809,19393,120,207,24840,full_family_coverage,2304
3894,15902,136,73,9928,full_family_coverage,2305
918,4534,76,74,5624,full_family_coverage,2306
10007,19339,65,189,12285,full_family_coverage,2307
4139,23417,98,116,11368,full_family_coverage,2308
4380,22424,375,76,28500,full_family_coverage,2309
18687,22366,494,49,24206,full_family_coverage,2310
4849,21721,130,336,43680,full_family_coverage,2311
2835,17834,368,67,24656,full_family_coverage,2312
8380,9882,76,82,6232,full_family_coverage,2313
8963,16570,212,156,33072,full_family_coverage,2314
3145,22310,308,30,9240,full_family_coverage,2315
1542,4738,204,355,72420,full_family_coverage,2316
3375,24426,68,223,15164,full_family_coverage,2317
7492,14502,47,1134,53298,full_family_coverage,2318
6151,10263,34,123,4182,full_family_coverage,2319
2686,7627,61,124,7564,full_family_coverage,2320
2622,15970,138,287,39606,full_family_coverage,2321
10919,24371,114,40,4560,full_family_coverage,2322
12278,18308,97,161,15617,full_family_coverage,2323
8133,22373,101,186,18786,full_family_coverage,2324
3948,11480,197,299,58903,full_family_coverage,2325
10685,12257,47,190,8930,full_family_coverage,2326
1839,14387,286,106,30316,full_family_coverage,2327
414,18822,127,251,31877,full_family_coverage,2328
6495,14904,205,9,1845,full_family_coverage,2329
19822,23495,90,180,16200,full_family_coverage,2330
22956,25256,224,186,41664,full_family_coverage,2331
1223,13478,64,59,3776,full_family_coverage,2332
14441,19329,97,112,10864,full_family_coverage,2333
2587,16943,114,209,23826,full_family_coverage,2334
15342,20206,83,103,8549,full_family_coverage,2335
1936,13868,262,251,65762,full_family_coverage,2336
16536,25435,299,162,48438,full_family_coverage,2337
17302,17910,80,46,3680,full_family_coverage,2338
10414,19575,248,190,47120,full_family_coverage,2339
3435,8302,62,108,6696,full_family_coverage,2340
9382,20722,456,24,10944,full_family_coverage,2341
10847,20489,135,61,8235,full_family_coverage,2342
3443,18423,46,79,3634,full_family_coverage,2343
2023,10647,55,126,6930,full_family_coverage,2344
17570,25411,140,24,3360,full_family_coverage,2345
19103,22637,93,45,4185,full_family_coverage,2346
1199,15868,300,100,30000,full_family_coverage,2347
3562,16343,111,216,23976,full_family_coverage,2348
9845,11782,62,73,4526,full_family_coverage,2349
2063,24230,31,105,3255,full_family_coverage,2350
5766,17927,83,294,24402,full_family_coverage,2351
9717,18596,36,131,4716,full_family_coverage,2352
12039,20983,80,120,9600,full_family_coverage,2353
1151,9300,152,125,19000,full_family_coverage,2354
2707,17139,101,173,17473,full_family_coverage,2355
7741,20011,57,61,3477,full_family_coverage,2356
8504,20822,149,83,12367,full_family_coverage,2357
2101,12460,120,247,29640,full_family_coverage,2358
8593,22027,234,225,52650,full_family_coverage,2359
2958,23633,289,68,19652,full_family_coverage,2360
2927,9748,211,294,62034,full_family_coverage,2361
8636,10705,112,52,5824,full_family_coverage,2362
2970,14851,121,146,17666,full_family_coverage,2363
22105,22256,82,109,8938,full_family_coverage,2364
2172,17990,182,398,72436,full_family_coverage,2365
1681,13801,34,97,3298,full_family_coverage,2366
15870,25343,121,188,22748,full_family_coverage,2367
1459,2604,73,126,9198,full_family_coverage,2368
18694,20814,174,296,51504,full_family_coverage,2369
19154,21369,139,142,19738,full_family_coverage,2370
3566,16502,390,152,59280,full_family_coverage,2371
2066,7127,174,72,12528,full_family_coverage,2372
6832,8258,169,105,17745,full_family_coverage,2373
6720,19967,98,474,46452,full_family_coverage,2374
12282,17699,205,286,58630,full_family_coverage,2375
9123,10116,201,71,14271,full_family_coverage,2376
3398,8596,124,302,37448,full_family_coverage,2377
11164,24442,163,155,25265,full_family_coverage,2378
786,21381,256,48,12288,full_family_coverage,2379
10814,24082,32,72,2304,full_family_coverage,2380
7910,14204,218,84,18312,full_family_coverage,2381
2804,19877,186,70,13020,full_family_coverage,2382
22536,25152,181,108,19548,full_family_coverage,2383
8254,16144,72,197,14184,full_family_coverage,2384
7992,24204,75,92,6900,full_family_coverage,2385
4695,7359,96,220,21120,full_family_coverage,2386
12443,13964,91,174,15834,full_family_coverage,2387
2577,24061,83,330,27390,full_family_coverage,2388
16098,21296,182,80,14560,full_family_coverage,2389
7419,8439,12,29,348,full_family_coverage,2390
7935,18106,129,43,5547,full_family_coverage,2391
10579,17369,196,68,13328,full_family_coverage,2392
12159,24168,46,127,5842,full_family_coverage,2393
10525,10928,85,133,11305,full_family_coverage,2394
9709,21168,47,168,7896,full_family_coverage,2395
14892,19977,106,539,57134,full_family_coverage,2396
1092,10447,173,62,10726,full_family_coverage,2397
10226,19073,336,83,27888,full_family_coverage,2398
1809,21836,158,172,27176,full_family_coverage,2399
18868,20473,144,186,26784,full_family_coverage,2400
7480,7814,13,61,793,full_family_coverage,2401
6967,16407,132,49,6468,full_family_coverage,2402
2548,20621,163,61,9943,full_family_coverage,2403
8978,17771,46,64,2944,full_family_coverage,2404
17074,19040,164,75,12300,full_family_coverage,2405
7142,18291,128,254,32512,full_family_coverage,2406
7083,11415,63,296,18648,full_family_coverage,2407
693,3280,172,298,51256,full_family_coverage,2408
15,5280,294,41,12054,full_family_coverage,2409
18339,21756,72,81,5832,full_family_coverage,2410
210,24776,220,122,26840,full_family_coverage,2411
2032,4328,64,61,3904,full_family_coverage,2412
8724,10566,139,44,6116,full_family_coverage,2413
11623,21541,63,34,2142,full_family_coverage,2414
21461,21665,123,126,15498,full_family_coverage,2415
14014,17932,73,245,17885,full_family_coverage,2416
907,6213,1063,63,66969,full_family_coverage,2417
21668,24026,105,74,7770,full_family_coverage,2418
20335,20631,37,177,6549,full_family_coverage,2419
911,7218,253,67,16951,full_family_coverage,2420
5554,19134,118,108,12744,full_family_coverage,2421
4219,14365,49,224,10976,full_family_coverage,2422
16763,25525,79,76,6004,full_family_coverage,2423
10465,22199,154,50,7700,full_family_coverage,2424
6503,21634,136,73,9928,full_family_coverage,2425
8117,12720,160,107,17120,full_family_coverage,2426
7708,20430,29,32,928,full_family_coverage,2427
15940,18702,110,97,10670,full_family_coverage,2428
2752,21094,518,93,48174,full_family_coverage,2429
2844,11505,125,195,24375,full_family_coverage,2430
3139,5206,978,379,370662,full_family_coverage,2431
22948,24606,84,99,8316,full_family_coverage,2432
2295,22609,159,24,3816,full_family_coverage,2433
10390,15201,163,780,127140,full_family_coverage,2434
2501,3879,191,103,19673,full_family_coverage,2435
14283,21978,119,118,14042,full_family_coverage,2436
2118,6739,149,170,25330,full_family_coverage,2437
4054,21527,288,120,34560,full_family_coverage,2438
2737,23370,108,65,7020,full_family_coverage,2439
4798,6071,98,34,3332,full_family_coverage,2440
768,2681,258,111,28638,full_family_coverage,2441
1501,10321,81,51,4131,full_family_coverage,2442
1165,20317,231,188,43428,full_family_coverage,2443
8542,13545,25,191,4775,full_family_coverage,2444
11871,16029,229,180,41220,full_family_coverage,2445
22641,25463,345,104,35880,full_family_coverage,2446
5124,25261,193,31,5983,full_family_coverage,2447
7246,13026,215,163,35045,full_family_coverage,2448
6604,14797,48,490,23520,full_family_coverage,2449
5945,23704,224,148,33152,full_family_coverage,2450
13200,22628,83,167,13861,full_family_coverage,2451
11010,25316,72,122,8784,full_family_coverage,2452
8687,13096,161,80,12880,full_family_coverage,2453
7536,18378,43,142,6106,full_family_coverage,2454
3372,11952,130,179,23270,full_family_coverage,2455
10834,23377,54,100,5400,full_family_coverage,2456
2006,2877,249,360,89640,full_family_coverage,2457
3411,16358,45,102,4590,full_family_coverage,2458
15401,21687,306,222,67932,full_family_coverage,2459
12101,20878,40,38,1520,full_family_coverage,2460
2069,8333,86,63,5418,full_family_coverage,2461
1969,2644,260,132,34320,full_family_coverage,2462
9109,17381,64,113,7232,full_family_coverage,2463
20567,21631,66,153,10098,full_family_coverage,2464
1573,23548,145,85,12325,full_family_coverage,2465
12537,20623,61,273,16653,full_family_coverage,2466
4129,21623,223,179,39917,full_family_coverage,2467
1001,17830,55,112,6160,full_family_coverage,2468
2281,13962,151,86,12986,full_family_coverage,2469
596,14429,178,324,57672,full_family_coverage,2470
837,3068,1016,73,74168,full_family_coverage,2471
19536,21115,25,41,1025,full_family_coverage,2472
8989,11222,119,98,11662,full_family_coverage,2473
6178,11629,89,28,2492,full_family_coverage,2474
10889,19358,46,136,6256,full_family_coverage,2475
13674,24390,464,85,39440,full_family_coverage,2476
14608,18015,95,128,12160,full_family_coverage,2477
7174,18979,72,46,3312,full_family_coverage,2478
486,19207,94,159,14946,full_family_coverage,2479
136,21961,29,115,3335,full_family_coverage,2480
5396,14288,124,60,7440,full_family_coverage,2481
2658,21031,45,173,7785,full_family_coverage,2482
553,9200,105,687,72135,full_family_coverage,2483
8324,10256,73,134,9782,full_family_coverage,2484
11045,14461,86,45,3870,full_family_coverage,2485
11925,15403,159,226,35934,full_family_coverage,2486
15602,15674,65,112,7280,full_family_coverage,2487
16557,20057,92,57,5244,full_family_coverage,2488
8906,11185,116,325,37700,full_family_coverage,2489
18718,22380,105,30,3150,full_family_coverage,2490
2553,19174,138,147,20286,full_family_coverage,2491
874,1102,173,107,18511,full_family_coverage,2492
17290,23063,62,77,4774,full_family_coverage,2493
5814,12311,26,70,1820,full_family_coverage,2494
6969,16838,63,103,6489,full_family_coverage,2495
14037,18293,287,260,74620,full_family_coverage,2496
7830,13209,109,142,15478,full_family_coverage,2497
16033,16346,294,121,35574,full_family_coverage,2498
7674,9921,64,127,8128,full_family_coverage,2499
10080,12881,124,317,39308,full_family_coverage,2500
10975,17320,51,24,1224,full_family_coverage,2501
12313,16710,83,86,7138,full_family_coverage,2502
14164,20349,190,92,17480,full_family_coverage,2503
15857,18430,118,145,17110,full_family_coverage,2504
12820,20980,73,104,7592,full_family_coverage,2505
8425,13175,78,83,6474,full_family_coverage,2506
15582,16313,160,122,19520,full_family_coverage,2507
10557,23937,115,124,14260,full_family_coverage,2508
14644,18139,277,184,50968,full_family_coverage,2509
5786,11295,112,22,2464,full_family_coverage,2510
6881,13708,68,211,14348,full_family_coverage,2511
5932,21111,73,57,4161,full_family_coverage,2512
6417,11870,36,95,3420,full_family_coverage,2513
11105,21470,150,176,26400,full_family_coverage,2514
17888,19301,285,136,38760,full_family_coverage,2515
1669,10830,105,80,8400,full_family_coverage,2516
1106,22859,106,233,24698,full_family_coverage,2517
5221,11186,382,291,111162,full_family_coverage,2518
1264,10128,190,53,10070,full_family_coverage,2519
12236,15839,72,147,10584,full_family_coverage,2520
6194,18705,236,162,38232,full_family_coverage,2521
23430,24583,90,169,15210,full_family_coverage,2522
1696,7662,48,123,5904,full_family_coverage,2523
9886,16618,125,134,16750,full_family_coverage,2524
11356,13099,94,391,36754,full_family_coverage,2525
18394,23348,44,101,4444,full_family_coverage,2526
9774,25363,108,63,6804,full_family_coverage,2527
9962,24762,91,55,5005,full_family_coverage,2528
9621,23918,79,55,4345,full_family_coverage,2529
3092,12404,340,320,108800,full_family_coverage,2530
5381,11895,89,204,18156,full_family_coverage,2531
11374,15007,227,280,63560,full_family_coverage,2532
1801,12926,166,85,14110,full_family_coverage,2533
9235,10725,179,90,16110,full_family_coverage,2534
3558,10248,38,33,1254,full_family_coverage,2535
8020,10214,106,202,21412,full_family_coverage,2536
13719,22603,307,207,63549,full_family_coverage,2537
13954,16805,244,124,30256,full_family_coverage,2538
3931,19456,311,194,60334,full_family_coverage,2539
12475,16609,36,72,2592,full_family_coverage,2540
24445,25490,241,172,41452,full_family_coverage,2541
10626,14530,132,95,12540,full_family_coverage,2542
15763,15773,104,149,15496,full_family_coverage,2543
18050,20884,121,181,21901,full_family_coverage,2544
9846,10655,115,101,11615,full_family_coverage,2545
12268,18617,77,227,17479,full_family_coverage,2546
2380,10240,191,163,31133,full_family_coverage,2547
12873,22375,49,34,1666,full_family_coverage,2548
921,18477,105,167,17535,full_family_coverage,2549
5775,17724,80,32,2560,full_family_coverage,2550
21450,25488,72,20,1440,full_family_coverage,2551
14622,16273,259,309,80031,full_family_coverage,2552
5749,18958,110,179,19690,full_family_coverage,2553
2981,12096,93,178,16554,full_family_coverage,2554
18569,22742,124,121,15004,full_family_coverage,2555
18653,23854,62,115,7130,full_family_coverage,2556
4667,22409,169,43,7267,full_family_coverage,2557
779,1592,187,130,24310,full_family_coverage,2558
261,18542,171,105,17955,full_family_coverage,2559
10943,21945,147,311,45717,full_family_coverage,2560
11467,22145,222,68,15096,full_family_coverage,2561
12639,14389,141,123,17343,full_family_coverage,2562
9019,21984,84,110,9240,full_family_coverage,2563
7682,19702,348,44,15312,full_family_coverage,2564
12847,25417,112,121,13552,full_family_coverage,2565
2051,7355,23,314,7222,full_family_coverage,2566
23099,25390,90,211,18990,full_family_coverage,2567
4936,14569,620,247,153140,full_family_coverage,2568
15733,16229,72,66,4752,full_family_coverage,2569
13298,21447,194,84,16296,full_family_coverage,2570
23360,23686,55,299,16445,full_family_coverage,2571
1409,17792,133,162,21546,full_family_coverage,2572
13737,22666,55,112,6160,full_family_coverage,2573
15954,16731,116,42,4872,full_family_coverage,2574
2332,20417,362,176,63712,full_family_coverage,2575
15305,21030,124,162,20088,full_family_coverage,2576
269,18301,333,139,46287,full_family_coverage,2577
9557,22675,100,273,27300,full_family_coverage,2578
18584,23489,99,89,8811,full_family_coverage,2579
17736,18969,65,48,3120,full_family_coverage,2580
303,19774,61,127,7747,full_family_coverage,2581
2890,15607,396,57,22572,full_family_coverage,2582
3219,15876,43,86,3698,full_family_coverage,2583
11951,17053,399,133,53067,full_family_coverage,2584
14040,16667,70,189,13230,full_family_coverage,2585
11309,20923,107,67,7169,full_family_coverage,2586
6917,14870,78,165,12870,full_family_coverage,2587
8131,22884,59,197,11623,full_family_coverage,2588
2638,6710,67,132,8844,full_family_coverage,2589
12378,22495,74,85,6290,full_family_coverage,2590
22487,24728,66,120,7920,full_family_coverage,2591
2319,24150,75,165,12375,full_family_coverage,2592
6778,19032,175,427,74725,full_family_coverage,2593
7724,15366,129,137,17673,full_family_coverage,2594
7845,19400,114,187,21318,full_family_coverage,2595
7563,21504,40,385,15400,full_family_coverage,2596
4605,8193,161,227,36547,full_family_coverage,2597
10151,19373,81,788,63828,full_family_coverage,2598
238,24755,217,97,21049,full_family_coverage,2599
20908,24179,104,185,19240,full_family_coverage,2600
13014,14951,151,153,23103,full_family_coverage,2601
5130,18926,45,153,6885,full_family_coverage,2602
17108,21617,137,77,10549,full_family_coverage,2603
869,16157,254,42,10668,full_family_coverage,2604
2946,19715,113,158,17854,full_family_coverage,2605
6264,9990,97,76,7372,full_family_coverage,2606
5536,17117,436,116,50576,full_family_coverage,2607
11613,17620,161,104,16744,full_family_coverage,2608
15630,22928,126,57,7182,full_family_coverage,2609
17197,21135,142,99,14058,full_family_coverage,2610
3780,5215,194,722,140068,full_family_coverage,2611
1919,6492,112,125,14000,full_family_coverage,2612
4165,25171,374,115,43010,full_family_coverage,2613
5511,23140,10,131,1310,full_family_coverage,2614
7609,24703,26,47,1222,full_family_coverage,2615
11137,18576,64,77,4928,full_family_coverage,2616
12785,24049,230,73,16790,full_family_coverage,2617
2736,21023,92,126,11592,full_family_coverage,2618
8953,20315,225,87,19575,full_family_coverage,2619
7192,7518,112,39,4368,full_family_coverage,2620
16394,19829,61,391,23851,full_family_coverage,2621
3885,25130,213,117,24921,full_family_coverage,2622
13219,20410,46,64,2944,full_family_coverage,2623
6516,9289,193,32,6176,full_family_coverage,2624
6629,14434,548,154,84392,full_family_coverage,2625
13153,25045,104,108,11232,full_family_coverage,2626
2447,9014,275,144,39600,full_family_coverage,2627
7381,12439,36,142,5112,full_family_coverage,2628
2969,20140,117,115,13455,full_family_coverage,2629
5190,20352,62,27,1674,full_family_coverage,2630
2983,25228,134,93,12462,full_family_coverage,2631
3990,24401,282,291,82062,full_family_coverage,2632
14066,23621,19,60,1140,full_family_coverage,2633
9719,16453,86,101,8686,full_family_coverage,2634
9738,22337,48,122,5856,full_family_coverage,2635
7491,11955,71,170,12070,full_family_coverage,2636
2461,4954,126,57,7182,full_family_coverage,2637
6663,8279,645,118,76110,full_family_coverage,2638
13658,20885,117,105,12285,full_family_coverage,2639
1346,3893,130,160,20800,full_family_coverage,2640
4108,7371,192,129,24768,full_family_coverage,2641
3761,23323,77,143,11011,full_family_coverage,2642
21995,23864,198,75,14850,full_family_coverage,2643
12206,22419,80,32,2560,full_family_coverage,2644
11727,23542,68,101,6868,full_family_coverage,2645
1073,7748,140,130,18200,full_family_coverage,2646
12192,13873,153,95,14535,full_family_coverage,2647
5104,12034,424,70,29680,full_family_coverage,2648
10538,17359,117,88,10296,full_family_coverage,2649
7634,11179,57,442,25194,full_family_coverage,2650
4473,12036,43,178,7654,full_family_coverage,2651
5502,11287,176,175,30800,full_family_coverage,2652
2685,22576,66,74,4884,full_family_coverage,2653
7624,23215,90,121,10890,full_family_coverage,2654
20356,22708,42,145,6090,full_family_coverage,2655
10693,22047,76,75,5700,full_family_coverage,2656
12747,15006,62,62,3844,full_family_coverage,2657
21240,24988,72,74,5328,full_family_coverage,2658
805,22656,84,324,27216,full_family_coverage,2659
6021,25543,56,111,6216,full_family_coverage,2660
322,13017,60,303,18180,full_family_coverage,2661
20400,23884,111,74,8214,full_family_coverage,2662
110,6820,291,299,87009,full_family_coverage,2663
4070,17706,87,320,27840,full_family_coverage,2664
13879,23896,107,168,17976,full_family_coverage,2665
13468,18235,136,105,14280,full_family_coverage,2666
2180,13840,83,133,11039,full_family_coverage,2667
3500,8415,93,282,26226,full_family_coverage,2668
1695,9682,667,854,569618,full_family_coverage,2669
7244,7963,167,327,54609,full_family_coverage,2670
2359,13629,184,194,35696,full_family_coverage,2671
5488,25539,602,36,21672,full_family_coverage,2672
3891,7256,161,89,14329,full_family_coverage,2673
840,22109,326,95,30970,full_family_coverage,2674
24292,25168,155,77,11935,full_family_coverage,2675
4475,13772,405,188,76140,full_family_coverage,2676
5716,17741,29,172,4988,full_family_coverage,2677
15967,17878,371,99,36729,full_family_coverage,2678
12337,20680,177,122,21594,full_family_coverage,2679
3767,4549,84,390,32760,full_family_coverage,2680
9677,15263,195,141,27495,full_family_coverage,2681
852,17009,452,123,55596,full_family_coverage,2682
13731,15383,331,327,108237,full_family_coverage,2683
7088,21006,62,157,9734,full_family_coverage,2684
4737,21438,45,51,2295,full_family_coverage,2685
17032,18871,236,146,34456,full_family_coverage,2686
8532,19287,105,177,18585,full_family_coverage,2687
3065,5427,263,253,66539,full_family_coverage,2688
2626,22507,37,113,4181,full_family_coverage,2689
2750,22054,78,20,1560,full_family_coverage,2690
2527,21788,154,297,45738,full_family_coverage,2691
4236,6068,154,269,41426,full_family_coverage,2692
5784,10544,156,347,54132,full_family_coverage,2693
8070,20918,274,281,76994,full_family_coverage,2694
1759,24294,274,105,28770,full_family_coverage,2695
4021,20782,186,262,48732,full_family_coverage,2696
14248,14700,93,308,28644,full_family_coverage,2697
4009,5736,197,119,23443,full_family_coverage,2698
18315,21380,134,71,9514,full_family_coverage,2699
2352,2799,88,130,11440,full_family_coverage,2700
11182,14306,110,37,4070,full_family_coverage,2701
11174,19682,306,133,40698,full_family_coverage,2702
14513,20469,91,96,8736,full_family_coverage,2703
18193,19693,148,137,20276,full_family_coverage,2704
1079,23655,407,29,11803,full_family_coverage,2705
9606,14677,71,244,17324,full_family_coverage,2706
13349,15869,66,93,6138,full_family_coverage,2707
2754,9564,208,142,29536,full_family_coverage,2708
6039,18953,177,154,27258,full_family_coverage,2709
20958,21498,76,151,11476,full_family_coverage,2710
6625,19917,119,136,16184,full_family_coverage,2711
18049,20017,70,71,4970,full_family_coverage,2712
1956,6994,147,159,23373,full_family_coverage,2713
7166,23488,245,101,24745,full_family_coverage,2714
6128,18116,245,348,85260,full_family_coverage,2715
3387,20940,78,91,7098,full_family_coverage,2716
3654,22485,185,161,29785,full_family_coverage,2717
4193,8488,174,143,24882,full_family_coverage,2718
211,7717,85,395,33575,full_family_coverage,2719
3334,4317,179,172,30788,full_family_coverage,2720
13445,15640,58,110,6380,full_family_coverage,2721
14580,23315,80,132,10560,full_family_coverage,2722
1543,24383,233,23,5359,full_family_coverage,2723
1204,4847,550,73,40150,full_family_coverage,2724
5232,6980,298,158,47084,full_family_coverage,2725
10101,18078,35,143,5005,full_family_coverage,2726
10497,16825,252,94,23688,full_family_coverage,2727
7185,23763,58,142,8236,full_family_coverage,2728
12343,15537,251,54,13554,full_family_coverage,2729
7475,9901,32,123,3936,full_family_coverage,2730
16829,24276,69,105,7245,full_family_coverage,2731
21261,21928,137,41,5617,full_family_coverage,2732
7834,15256,24,310,7440,full_family_coverage,2733
286,10289,308,33,10164,full_family_coverage,2734
5386,19643,105,283,29715,full_family_coverage,2735
3084,24102,120,261,31320,full_family_coverage,2736
18209,24693,75,283,21225,full_family_coverage,2737
7323,8924,294,147,43218,full_family_coverage,2738
8575,17681,133,197,26201,full_family_coverage,2739
188,15742,87,109,9483,full_family_coverage,2740
10463,20191,79,177,13983,full_family_coverage,2741
14841,21839,51,155,7905,full_family_coverage,2742
1781,12123,101,72,7272,full_family_coverage,2743
3906,8627,154,115,17710,full_family_coverage,2744
4764,13797,299,76,22724,full_family_coverage,2745
2769,18200,147,537,78939,full_family_coverage,2746
12840,15715,133,68,9044,full_family_coverage,2747
6700,18660,125,236,29500,full_family_coverage,2748
1946,15873,173,87,15051,full_family_coverage,2749
7209,21737,43,181,7783,full_family_coverage,2750
8212,16213,120,116,13920,full_family_coverage,2751
10464,22524,45,110,4950,full_family_coverage,2752
15570,21906,28,145,4060,full_family_coverage,2753
11312,24947,58,166,9628,full_family_coverage,2754
15166,18841,168,63,10584,full_family_coverage,2755
4365,15779,24,30,720,full_family_coverage,2756
3619,15157,108,241,26028,full_family_coverage,2757
265,10769,344,71,24424,full_family_coverage,2758
13536,19740,43,225,9675,full_family_coverage,2759
5298,24756,159,70,11130,full_family_coverage,2760
5210,25267,234,177,41418,full_family_coverage,2761
13921,24249,156,126,19656,full_family_coverage,2762
17190,22324,142,80,11360,full_family_coverage,2763
767,19836,75,88,6600,full_family_coverage,2764
8641,12534,43,119,5117,full_family_coverage,2765
2590,17671,91,227,20657,full_family_coverage,2766
6772,9224,48,209,10032,full_family_coverage,2767
5640,19429,118,115,13570,full_family_coverage,2768
8128,24494,152,65,9880,full_family_coverage,2769
16327,24810,130,110,14300,full_family_coverage,2770
13046,19754,60,68,4080,full_family_coverage,2771
1385,16836,21,96,2016,full_family_coverage,2772
13585,19163,38,406,15428,full_family_coverage,2773
5898,12232,248,84,20832,full_family_coverage,2774
1441,3989,60,97,5820,full_family_coverage,2775
68,13255,78,59,4602,full_family_coverage,2776
2863,7457,70,30,2100,full_family_coverage,2777
361,1470,504,127,64008,full_family_coverage,2778
8635,14566,62,154,9548,full_family_coverage,2779
4595,25034,64,48,3072,full_family_coverage,2780
18064,19852,40,127,5080,full_family_coverage,2781
4114,23274,68,283,19244,full_family_coverage,2782
2689,10627,111,116,12876,full_family_coverage,2783
1614,1829,236,164,38704,full_family_coverage,2784
2075,2499,454,449,203846,full_family_coverage,2785
13635,23060,85,829,70465,full_family_coverage,2786
187,13205,61,80,4880,full_family_coverage,2787
11568,24769,36,80,2880,full_family_coverage,2788
647,21767,144,105,15120,full_family_coverage,2789
1464,2104,311,250,77750,full_family_coverage,2790
15221,19431,320,108,34560,full_family_coverage,2791
9614,11132,31,119,3689,full_family_coverage,2792
19151,24000,173,225,38925,full_family_coverage,2793
1898,10724,100,74,7400,full_family_coverage,2794
7117,11275,54,33,1782,full_family_coverage,2795
2375,15013,152,401,60952,full_family_coverage,2796
14491,16100,132,64,8448,full_family_coverage,2797
206,16634,178,299,53222,full_family_coverage,2798
4496,19970,358,54,19332,full_family_coverage,2799
11114,13179,82,247,20254,full_family_coverage,2800
10188,16069,101,39,3939,full_family_coverage,2801
9055,11562,68,168,11424,full_family_coverage,2802
4808,18615,137,104,14248,full_family_coverage,2803
11431,16987,170,132,22440,full_family_coverage,2804
741,18074,651,43,27993,full_family_coverage,2805
2234,8256,31,195,6045,full_family_coverage,2806
10286,20092,174,111,19314,full_family_coverage,2807
2869,16785,240,82,19680,full_family_coverage,2808
3665,14515,129,60,7740,full_family_coverage,2809
13834,17099,62,95,5890,full_family_coverage,2810
11900,14141,17,177,3009,full_family_coverage,2811
207,6171,26,69,1794,full_family_coverage,2812
2257,19922,196,120,23520,full_family_coverage,2813
18511,22228,121,70,8470,full_family_coverage,2814
2915,5949,610,294,179340,full_family_coverage,2815
4464,5288,163,206,33578,full_family_coverage,2816
7951,11478,81,28,2268,full_family_coverage,2817
14937,15307,89,428,38092,full_family_coverage,2818
8233,20786,113,112,12656,full_family_coverage,2819
9096,23972,99,205,20295,full_family_coverage,2820
11792,19056,228,154,35112,full_family_coverage,2821
16276,23364,113,80,9040,full_family_coverage,2822
14331,17463,137,250,34250,full_family_coverage,2823
9862,15727,17,342,5814,full_family_coverage,2824
8120,24478,112,24,2688,full_family_coverage,2825
3099,11708,51,96,4896,full_family_coverage,2826
7594,8665,6,142,852,full_family_coverage,2827
4047,6985,73,76,5548,full_family_coverage,2828
13412,25204,37,263,9731,full_family_coverage,2829
2500,11799,87,113,9831,full_family_coverage,2830
2651,4483,64,304,19456,full_family_coverage,2831
12333,17372,95,118,11210,full_family_coverage,2832
11965,24672,123,157,19311,full_family_coverage,2833
11464,14168,130,83,10790,full_family_coverage,2834
4176,24104,95,96,9120,full_family_coverage,2835
2093,8377,111,91,10101,full_family_coverage,2836
1427,11054,58,274,15892,full_family_coverage,2837
12315,22397,95,84,7980,full_family_coverage,2838
1838,14529,131,147,19257,full_family_coverage,2839
7807,20593,271,133,36043,full_family_coverage,2840
2024,23855,95,90,8550,full_family_coverage,2841
2363,11896,127,110,13970,full_family_coverage,2842
1767,19802,70,97,6790,full_family_coverage,2843
2203,5761,74,147,10878,full_family_coverage,2844
17180,23478,100,105,10500,full_family_coverage,2845
1591,2467,480,177,84960,full_family_coverage,2846
11548,18766,27,65,1755,full_family_coverage,2847
4431,22533,173,67,11591,full_family_coverage,2848
2410,25423,122,105,12810,full_family_coverage,2849
18625,22460,819,328,268632,full_family_coverage,2850
16281,23017,49,108,5292,full_family_coverage,2851
2064,9539,282,258,72756,full_family_coverage,2852
1068,19868,338,136,45968,full_family_coverage,2853
15158,19841,198,139,27522,full_family_coverage,2854
8860,23560,63,84,5292,full_family_coverage,2855
8433,11123,112,156,17472,full_family_coverage,2856
1897,10495,128,35,4480,full_family_coverage,2857
3987,5370,79,78,6162,full_family_coverage,2858
15040,21129,103,336,34608,full_family_coverage,2859
19984,25291,27,49,1323,full_family_coverage,2860
7525,15316,9,101,909,full_family_coverage,2861
11566,16026,187,65,12155,full_family_coverage,2862
13626,21412,389,141,54849,full_family_coverage,2863
9230,21858,165,129,21285,full_family_coverage,2864
12003,20164,33,56,1848,full_family_coverage,2865
4011,11941,346,31,10726,full_family_coverage,2866
7912,17698,106,182,19292,full_family_coverage,2867
19179,21218,138,85,11730,full_family_coverage,2868
1128,19640,199,171,34029,full_family_coverage,2869
3519,8477,92,53,4876,full_family_coverage,2870
3233,8441,86,84,7224,full_family_coverage,2871
2293,4383,125,499,62375,full_family_coverage,2872
10052,11512,271,64,17344,full_family_coverage,2873
7818,11686,128,67,8576,full_family_coverage,2874
8795,13871,68,99,6732,full_family_coverage,2875
6741,10823,411,267,109737,full_family_coverage,2876
15261,22676,82,45,3690,full_family_coverage,2877
2541,2974,59,158,9322,full_family_coverage,2878
8556,24631,121,97,11737,full_family_coverage,2879
3952,11812,142,251,35642,full_family_coverage,2880
3029,10418,652,93,60636,full_family_coverage,2881
17603,21577,36,152,5472,full_family_coverage,2882
14958,25502,137,46,6302,full_family_coverage,2883
9068,19336,99,137,13563,full_family_coverage,2884
9601,11933,36,381,13716,full_family_coverage,2885
7312,18184,468,146,68328,full_family_coverage,2886
6459,12272,34,73,2482,full_family_coverage,2887
2709,17228,77,16,1232,full_family_coverage,2888
2782,12389,167,99,16533,full_family_coverage,2889
4786,15523,93,49,4557,full_family_coverage,2890
19713,22392,98,111,10878,full_family_coverage,2891
3677,22617,77,225,17325,full_family_coverage,2892
1672,4821,35,247,8645,full_family_coverage,2893
19757,20436,53,43,2279,full_family_coverage,2894
1633,11100,53,49,2597,full_family_coverage,2895
4460,19975,216,18,3888,full_family_coverage,2896
2468,21362,124,100,12400,full_family_coverage,2897
14738,20910,395,71,28045,full_family_coverage,2898
6437,11821,139,374,51986,full_family_coverage,2899
17604,20562,80,41,3280,full_family_coverage,2900
10378,12170,125,132,16500,full_family_coverage,2901
6023,23050,403,226,91078,full_family_coverage,2902
2247,13825,85,143,12155,full_family_coverage,2903
2797,7073,224,31,6944,full_family_coverage,2904
1657,10539,558,104,58032,full_family_coverage,2905
813,1175,156,368,57408,full_family_coverage,2906
1176,25178,43,40,1720,full_family_coverage,2907
10670,21516,107,124,13268,full_family_coverage,2908
2391,16711,171,57,9747,full_family_coverage,2909
12604,19063,139,176,24464,full_family_coverage,2910
15545,22566,142,103,14626,full_family_coverage,2911
4753,8926,335,152,50920,full_family_coverage,2912
2141,12627,114,123,14022,full_family_coverage,2913
7277,17786,116,65,7540,full_family_coverage,2914
20404,21552,46,89,4094,full_family_coverage,2915
1105,23170,91,115,10465,full_family_coverage,2916
10948,23388,254,100,25400,full_family_coverage,2917
2905,22292,781,204,159324,full_family_coverage,2918
2761,21914,251,220,55220,full_family_coverage,2919
20919,22713,26,203,5278,full_family_coverage,2920
1245,20066,211,139,29329,full_family_coverage,2921
425,9225,145,292,42340,full_family_coverage,2922
15754,23570,112,140,15680,full_family_coverage,2923
11407,14645,66,117,7722,full_family_coverage,2924
5477,12107,377,149,56173,full_family_coverage,2925
175,10907,135,46,6210,full_family_coverage,2926
7493,24767,92,60,5520,full_family_coverage,2927
7349,16491,112,181,20272,full_family_coverage,2928
2673,20531,144,46,6624,full_family_coverage,2929
6949,17510,180,47,8460,full_family_coverage,2930
2733,19215,139,129,17931,full_family_coverage,2931
1101,6729,169,27,4563,full_family_coverage,2932
12725,21455,93,356,33108,full_family_coverage,2933
12617,19330,70,333,23310,full_family_coverage,2934
12134,20278,156,25,3900,full_family_coverage,2935
3766,7045,98,354,34692,full_family_coverage,2936
3540,21758,131,59,7729,full_family_coverage,2937
3003,21785,169,64,10816,full_family_coverage,2938
15867,24557,123,68,8364,full_family_coverage,2939
4124,4334,110,41,4510,full_family_coverage,2940
15424,22220,222,136,30192,full_family_coverage,2941
1080,7816,49,137,6713,full_family_coverage,2942
1972,14672,323,186,60078,full_family_coverage,2943
4091,11318,85,78,6630,full_family_coverage,2944
584,9033,155,131,20305,full_family_coverage,2945
447,18402,167,291,48597,full_family_coverage,2946
12541,22608,67,67,4489,full_family_coverage,2947
15851,20146,218,54,11772,full_family_coverage,2948
10982,18582,120,177,21240,full_family_coverage,2949
15677,17188,83,85,7055,full_family_coverage,2950
3214,24799,169,116,19604,full_family_coverage,2951
5091,22803,90,96,8640,full_family_coverage,2952
12004,19292,140,169,23660,full_family_coverage,2953
20207,22248,64,339,21696,full_family_coverage,2954
18071,19743,21,322,6762,full_family_coverage,2955
3663,21583,110,117,12870,full_family_coverage,2956
11853,23127,61,249,15189,full_family_coverage,2957
14129,21026,100,101,10100,full_family_coverage,2958
6190,16916,170,84,14280,full_family_coverage,2959
10315,14031,88,52,4576,full_family_coverage,2960
10228,24262,92,40,3680,full_family_coverage,2961
11856,24749,56,105,5880,full_family_coverage,2962
21957,22546,91,90,8190,full_family_coverage,2963
8664,15682,68,38,2584,full_family_coverage,2964
936,3962,223,128,28544,full_family_coverage,2965
14140,22875,62,57,3534,full_family_coverage,2966
5043,21340,285,111,31635,full_family_coverage,2967
14370,17370,97,33,3201,full_family_coverage,2968
15926,24409,527,105,55335,full_family_coverage,2969
15695,17142,244,63,15372,full_family_coverage,2970
812,22250,209,94,19646,full_family_coverage,2971
13575,15185,156,57,8892,full_family_coverage,2972
1183,19421,61,68,4148,full_family_coverage,2973
6403,10400,244,57,13908,full_family_coverage,2974
12132,25269,34,138,4692,full_family_coverage,2975
13383,24546,113,199,22487,full_family_coverage,2976
2119,12600,165,198,32670,full_family_coverage,2977
3869,11340,100,445,44500,full_family_coverage,2978
1339,3972,112,366,40992,full_family_coverage,2979
3352,22433,252,76,19152,full_family_coverage,2980
16217,17715,75,208,15600,full_family_coverage,2981
19557,22774,154,93,14322,full_family_coverage,2982
4454,24256,449,120,53880,full_family_coverage,2983
4741,20067,172,60,10320,full_family_coverage,2984
11730,16656,148,181,26788,full_family_coverage,2985
1353,17855,118,79,9322,full_family_coverage,2986
7309,9857,22,67,1474,full_family_coverage,2987
3576,15131,50,623,31150,full_family_coverage,2988
10506,11685,126,230,28980,full_family_coverage,2989
2776,19463,61,124,7564,full_family_coverage,2990
14067,14659,178,79,14062,full_family_coverage,2991
448,3466,95,358,34010,full_family_coverage,2992
11661,16619,75,147,11025,full_family_coverage,2993
5963,15159,29,183,5307,full_family_coverage,2994
3483,24994,52,110,5720,full_family_coverage,2995
8619,10717,34,124,4216,full_family_coverage,2996
8690,20950,258,217,55986,full_family_coverage,2997
8102,24553,91,176,16016,full_family_coverage,2998
9053,21999,139,36,5004,full_family_coverage,2999
19305,25165,169,45,7605,full_family_coverage,3000
19458,21762,124,106,13144,full_family_coverage,3001
10182,13566,50,133,6650,full_family_coverage,3002
8945,11101,71,46,3266,full_family_coverage,3003
7942,9515,271,474,128454,full_family_coverage,3004
14719,23162,511,56,28616,full_family_coverage,3005
1220,24573,139,183,25437,full_family_coverage,3006
15998,24920,120,78,9360,full_family_coverage,3007
16129,17727,415,49,20335,full_family_coverage,3008
10858,23416,276,160,44160,full_family_coverage,3009
5581,11916,280,115,32200,full_family_coverage,3010
236,10397,348,225,78300,full_family_coverage,3011
12528,24782,63,32,2016,full_family_coverage,3012
12921,19810,266,120,31920,full_family_coverage,3013
1646,2135,102,218,22236,full_family_coverage,3014
2384,5006,86,103,8858,full_family_coverage,3015
16306,23198,101,326,32926,full_family_coverage,3016
14299,18955,109,133,14497,full_family_coverage,3017
4285,20613,23,112,2576,full_family_coverage,3018
21177,24797,114,101,11514,full_family_coverage,3019
10610,17133,115,187,21505,full_family_coverage,3020
7104,14710,173,229,39617,full_family_coverage,3021
8803,21827,232,87,20184,full_family_coverage,3022
8056,10403,119,227,27013,full_family_coverage,3023
8061,18188,72,257,18504,full_family_coverage,3024
19122,24765,217,80,17360,full_family_coverage,3025
19480,24857,203,74,15022,full_family_coverage,3026
13187,16269,37,129,4773,full_family_coverage,3027
13460,19466,192,309,59328,full_family_coverage,3028
12650,15566,121,83,10043,full_family_coverage,3029
4703,19326,492,248,122016,full_family_coverage,3030
9959,17380,104,105,10920,full_family_coverage,3031
7993,24067,203,267,54201,full_family_coverage,3032
10987,20448,538,136,73168,full_family_coverage,3033
19523,22826,143,104,14872,full_family_coverage,3034
7865,11855,212,374,79288,full_family_coverage,3035
11192,12657,44,86,3784,full_family_coverage,3036
11663,22604,40,80,3200,full_family_coverage,3037
9956,24141,197,124,24428,full_family_coverage,3038
13717,17413,70,91,6370,full_family_coverage,3039
2420,16331,459,76,34884,full_family_coverage,3040
1460,12665,70,308,21560,full_family_coverage,3041
5771,10381,173,208,35984,full_family_coverage,3042
15119,17131,90,117,10530,full_family_coverage,3043
10091,20373,48,285,13680,full_family_coverage,3044
5792,24480,581,329,191149,full_family_coverage,3045
431,21139,191,45,8595,full_family_coverage,3046
5821,10850,194,445,86330,full_family_coverage,3047
4396,5629,48,537,25776,full_family_coverage,3048
4122,10003,123,67,8241,full_family_coverage,3049
6253,19706,32,68,2176,full_family_coverage,3050
14425,22364,116,67,7772,full_family_coverage,3051
8112,16879,156,106,16536,full_family_coverage,3052
4624,20769,302,532,160664,full_family_coverage,3053
9035,12536,151,338,51038,full_family_coverage,3054
13614,19068,252,174,43848,full_family_coverage,3055
7919,8601,58,279,16182,full_family_coverage,3056
4802,7471,178,55,9790,full_family_coverage,3057
5737,20321,68,26,1768,full_family_coverage,3058
3747,8388,161,162,26082,full_family_coverage,3059
4818,22685,105,132,13860,full_family_coverage,3060
7156,20071,107,124,13268,full_family_coverage,3061
4179,23784,362,82,29684,full_family_coverage,3062
7882,22349,626,97,60722,full_family_coverage,3063
11547,12953,77,161,12397,full_family_coverage,3064
11201,20916,159,92,14628,full_family_coverage,3065
16891,21034,114,163,18582,full_family_coverage,3066
10531,25434,45,137,6165,full_family_coverage,3067
11742,12305,318,45,14310,full_family_coverage,3068
14049,20776,112,161,18032,full_family_coverage,3069
7538,17096,41,185,7585,full_family_coverage,3070
3686,12399,43,203,8729,full_family_coverage,3071
6748,25127,251,57,14307,full_family_coverage,3072
6990,8503,251,169,42419,full_family_coverage,3073
8493,23943,310,215,66650,full_family_coverage,3074
8397,12053,42,90,3780,full_family_coverage,3075
22754,23368,233,70,16310,full_family_coverage,3076
20423,23730,69,121,8349,full_family_coverage,3077
17423,22162,98,63,6174,full_family_coverage,3078
13313,13499,140,145,20300,full_family_coverage,3079
1056,13416,102,30,3060,full_family_coverage,3080
7612,7714,66,144,9504,full_family_coverage,3081
444,16564,55,156,8580,full_family_coverage,3082
9982,15780,197,145,28565,full_family_coverage,3083
21079,25449,42,137,5754,full_family_coverage,3084
2062,7284,89,70,6230,full_family_coverage,3085
12566,21156,160,121,19360,full_family_coverage,3086
3844,21142,539,39,21021,full_family_coverage,3087
8699,12393,491,58,28478,full_family_coverage,3088
3535,7862,64,120,7680,full_family_coverage,3089
12387,23708,323,46,14858,full_family_coverage,3090
1099,4412,116,115,13340,full_family_coverage,3091
9435,22964,371,45,16695,full_family_coverage,3092
7795,20486,64,63,4032,full_family_coverage,3093
19928,21170,131,29,3799,full_family_coverage,3094
19501,25202,253,64,16192,full_family_coverage,3095
5168,14809,33,573,18909,full_family_coverage,3096
15626,18475,149,200,29800,full_family_coverage,3097
10036,20318,50,77,3850,full_family_coverage,3098
8071,11417,103,116,11948,full_family_coverage,3099
17415,23814,92,52,4784,full_family_coverage,3100
11167,22369,64,79,5056,full_family_coverage,3101
8559,15138,125,315,39375,full_family_coverage,3102
346,2313,10,54,540,full_family_coverage,3103
3113,9903,116,141,16356,full_family_coverage,3104
6783,7268,397,125,49625,full_family_coverage,3105
4626,11731,144,47,6768,full_family_coverage,3106
9115,21431,37,172,6364,full_family_coverage,3107
5410,14906,212,440,93280,full_family_coverage,3108
14968,20019,111,72,7992,full_family_coverage,3109
4061,25074,38,74,2812,full_family_coverage,3110
6425,7749,26,176,4576,full_family_coverage,3111
3743,3933,150,79,11850,full_family_coverage,3112
22274,24849,83,123,10209,full_family_coverage,3113
9233,22202,110,85,9350,full_family_coverage,3114
20697,23582,223,285,63555,full_family_coverage,3115
10407,15558,102,198,20196,full_family_coverage,3116
18753,20054,84,82,6888,full_family_coverage,3117
12136,23068,431,83,35773,full_family_coverage,3118
2912,4504,168,74,12432,full_family_coverage,3119
15103,17923,247,302,74594,full_family_coverage,3120
3067,19355,86,75,6450,full_family_coverage,3121
24094,24545,143,110,15730,full_family_coverage,3122
20632,25069,74,25,1850,full_family_coverage,3123
819,22577,88,55,4840,full_family_coverage,3124
2600,12632,31,64,1984,full_family_coverage,3125
14623,21749,420,39,16380,full_family_coverage,3126
7892,10984,114,404,46056,full_family_coverage,3127
1505,16304,218,177,38586,full_family_coverage,3128
3022,20425,327,365,119355,full_family_coverage,3129
19037,19390,26,57,1482,full_family_coverage,3130
10656,21179,96,96,9216,full_family_coverage,3131
3697,19824,81,81,6561,full_family_coverage,3132
5374,13268,209,113,23617,full_family_coverage,3133
9043,20545,319,127,40513,full_family_coverage,3134
13789,17282,80,229,18320,full_family_coverage,3135
611,18714,101,131,13231,full_family_coverage,3136
773,23515,24,79,1896,full_family_coverage,3137
7565,15849,183,28,5124,full_family_coverage,3138
8991,18502,1114,158,176012,full_family_coverage,3139
19446,25305,199,63,12537,full_family_coverage,3140
8045,21753,247,154,38038,full_family_coverage,3141
18128,24451,164,144,23616,full_family_coverage,3142
14426,21896,118,64,7552,full_family_coverage,3143
3195,24596,128,85,10880,full_family_coverage,3144
12939,20662,50,43,2150,full_family_coverage,3145
6648,22888,114,78,8892,full_family_coverage,3146
806,14378,121,139,16819,full_family_coverage,3147
5334,20248,126,26,3276,full_family_coverage,3148
6699,24838,184,134,24656,full_family_coverage,3149
4194,23178,45,131,5895,full_family_coverage,3150
258,21497,332,432,143424,full_family_coverage,3151
6035,16945,126,184,23184,full_family_coverage,3152
12568,24055,166,115,19090,full_family_coverage,3153
21405,24904,28,98,2744,full_family_coverage,3154
4992,10640,69,140,9660,full_family_coverage,3155
395,12904,66,340,22440,full_family_coverage,3156
16989,18403,84,103,8652,full_family_coverage,3157
2480,20160,197,91,17927,full_family_coverage,3158
16215,19253,155,171,26505,full_family_coverage,3159
9456,11949,165,277,45705,full_family_coverage,3160
17037,25321,82,137,11234,full_family_coverage,3161
7483,13804,69,55,3795,full_family_coverage,3162
1746,8375,238,211,50218,full_family_coverage,3163
2635,5356,162,103,16686,full_family_coverage,3164
587,18312,16,77,1232,full_family_coverage,3165
2394,15120,215,77,16555,full_family_coverage,3166
11766,11888,56,448,25088,full_family_coverage,3167
2787,20949,644,166,106904,full_family_coverage,3168
5611,7388,136,281,38216,full_family_coverage,3169
4960,22621,69,73,5037,full_family_coverage,3170
4746,9949,146,62,9052,full_family_coverage,3171
9129,23613,68,134,9112,full_family_coverage,3172
19059,21327,125,45,5625,full_family_coverage,3173
4603,18677,152,82,12464,full_family_coverage,3174
6688,24418,70,245,17150,full_family_coverage,3175
6072,21414,456,175,79800,full_family_coverage,3176
8157,11784,157,80,12560,full_family_coverage,3177
608,3698,25,86,2150,full_family_coverage,3178
15600,17297,60,88,5280,full_family_coverage,3179
11824,16176,286,84,24024,full_family_coverage,3180
14899,19586,232,165,38280,full_family_coverage,3181
7743,20654,327,13,4251,full_family_coverage,3182
1774,20462,110,246,27060,full_family_coverage,3183
22932,23637,145,81,11745,full_family_coverage,3184
9143,23286,191,128,24448,full_family_coverage,3185
12748,22769,212,287,60844,full_family_coverage,3186
20374,23327,110,33,3630,full_family_coverage,3187
7164,9050,72,377,27144,full_family_coverage,3188
11472,11927,126,59,7434,full_family_coverage,3189
500,12832,422,77,32494,full_family_coverage,3190
12161,14279,47,139,6533,full_family_coverage,3191
4097,5772,140,77,10780,full_family_coverage,3192
3330,10192,162,211,34182,full_family_coverage,3193
5656,10599,100,97,9700,full_family_coverage,3194
8827,23545,360,55,19800,full_family_coverage,3195
22032,22821,74,165,12210,full_family_coverage,3196
9195,19665,121,71,8591,full_family_coverage,3197
9612,24359,65,85,5525,full_family_coverage,3198
8064,10682,318,70,22260,full_family_coverage,3199
16013,16547,392,57,22344,full_family_coverage,3200
7622,20294,150,81,12150,full_family_coverage,3201
3570,16041,264,326,86064,full_family_coverage,3202
12213,17879,72,72,5184,full_family_coverage,3203
14598,21589,108,128,13824,full_family_coverage,3204
13902,21531,147,43,6321,full_family_coverage,3205
8671,19983,128,115,14720,full_family_coverage,3206
660,10787,177,94,16638,full_family_coverage,3207
9247,15925,360,193,69480,full_family_coverage,3208
10382,23062,188,164,30832,full_family_coverage,3209
14581,16697,124,100,12400,full_family_coverage,3210
23029,25140,51,134,6834,full_family_coverage,3211
6210,16556,137,91,12467,full_family_coverage,3212
3618,9458,138,297,40986,full_family_coverage,3213
13304,15123,119,320,38080,full_family_coverage,3214
19574,25401,125,264,33000,full_family_coverage,3215
1122,23239,402,205,82410,full_family_coverage,3216
10637,16682,287,220,63140,full_family_coverage,3217
15971,20678,440,20,8800,full_family_coverage,3218
3154,4785,100,246,24600,full_family_coverage,3219
5979,17806,103,126,12978,full_family_coverage,3220
15308,17327,144,91,13104,full_family_coverage,3221
10004,13156,73,84,6132,full_family_coverage,3222
14321,23095,274,56,15344,full_family_coverage,3223
9193,14499,55,156,8580,full_family_coverage,3224
8910,14190,29,74,2146,full_family_coverage,3225
2017,14470,130,314,40820,full_family_coverage,3226
14043,23351,83,116,9628,full_family_coverage,3227
1837,5700,117,224,26208,full_family_coverage,3228
2825,16714,205,132,27060,full_family_coverage,3229
15757,20475,98,345,33810,full_family_coverage,3230
2305,20978,197,118,23246,full_family_coverage,3231
12828,18036,78,241,18798,full_family_coverage,3232
9194,17943,57,85,4845,full_family_coverage,3233
7497,10560,61,30,1830,full_family_coverage,3234
5237,8077,90,94,8460,full_family_coverage,3235
3183,4023,259,102,26418,full_family_coverage,3236
13849,18965,63,34,2142,full_family_coverage,3237
18986,23707,124,276,34224,full_family_coverage,3238
3338,18971,363,128,46464,full_family_coverage,3239
1818,8374,391,59,23069,full_family_coverage,3240
2811,22333,470,35,16450,full_family_coverage,3241
1440,19048,119,109,12971,full_family_coverage,3242
20795,23004,101,374,37774,full_family_coverage,3243
7950,23069,533,90,47970,full_family_coverage,3244
6779,20564,145,83,12035,full_family_coverage,3245
5231,6698,137,142,19454,full_family_coverage,3246
11255,12919,70,183,12810,full_family_coverage,3247
13086,23111,87,46,4002,full_family_coverage,3248
7228,18557,175,87,15225,full_family_coverage,3249
11830,19805,305,93,28365,full_family_coverage,3250
7184,12776,41,83,3403,full_family_coverage,3251
8461,14665,170,124,21080,full_family_coverage,3252
8048,9802,103,72,7416,full_family_coverage,3253
8527,19894,101,226,22826,full_family_coverage,3254
9046,15380,85,387,32895,full_family_coverage,3255
11078,23684,87,96,8352,full_family_coverage,3256
15887,16259,121,355,42955,full_family_coverage,3257
10455,23070,68,120,8160,full_family_coverage,3258
22704,23988,85,25,2125,full_family_coverage,3259
3695,25099,243,83,20169,full_family_coverage,3260
13495,14144,124,59,7316,full_family_coverage,3261
6420,17014,118,183,21594,full_family_coverage,3262
9883,14280,132,119,15708,full_family_coverage,3263
8680,21575,117,114,13338,full_family_coverage,3264
7899,19623,41,303,12423,full_family_coverage,3265
2276,8982,506,666,336996,full_family_coverage,3266
3644,12369,53,152,8056,full_family_coverage,3267
20614,25332,116,58,6728,full_family_coverage,3268
10719,21952,279,65,18135,full_family_coverage,3269
14161,23293,93,219,20367,full_family_coverage,3270
12137,17040,79,189,14931,full_family_coverage,3271
12223,21120,25,120,3000,full_family_coverage,3272
6339,8490,266,177,47082,full_family_coverage,3273
20070,21893,41,75,3075,full_family_coverage,3274
3404,11760,81,89,7209,full_family_coverage,3275
15890,24511,112,172,19264,full_family_coverage,3276
15139,17978,183,108,19764,full_family_coverage,3277
2961,14363,166,146,24236,full_family_coverage,3278
2020,13898,36,117,4212,full_family_coverage,3279
15525,25246,62,106,6572,full_family_coverage,3280
1862,24443,332,170,56440,full_family_coverage,3281
13244,17251,83,147,12201,full_family_coverage,3282
9156,9523,335,160,53600,full_family_coverage,3283
7570,11624,221,43,9503,full_family_coverage,3284
5020,16154,267,156,41652,full_family_coverage,3285
5173,22242,92,280,25760,full_family_coverage,3286
23811,24918,175,55,9625,full_family_coverage,3287
7020,15370,48,97,4656,full_family_coverage,3288
7153,9494,107,244,26108,full_family_coverage,3289
1023,10714,275,144,39600,full_family_coverage,3290
8558,13584,105,77,8085,full_family_coverage,3291
2009,14181,200,158,31600,full_family_coverage,3292
3684,15329,203,135,27405,full_family_coverage,3293
7231,25292,74,341,25234,full_family_coverage,3294
15229,24822,178,126,22428,full_family_coverage,3295
9061,14930,108,244,26352,full_family_coverage,3296
15858,21918,336,110,36960,full_family_coverage,3297
19144,23866,101,39,3939,full_family_coverage,3298
13074,16834,336,40,13440,full_family_coverage,3299
559,10104,136,228,31008,full_family_coverage,3300
1149,14549,341,128,43648,full_family_coverage,3301
1805,20024,142,78,11076,full_family_coverage,3302
5147,10941,295,166,48970,full_family_coverage,3303
3000,17205,331,22,7282,full_family_coverage,3304
5815,25222,122,123,15006,full_family_coverage,3305
13692,16342,229,65,14885,full_family_coverage,3306
5366,14322,20,337,6740,full_family_coverage,3307
42,18790,88,122,10736,full_family_coverage,3308
4101,7290,70,179,12530,full_family_coverage,3309
932,10618,519,27,14013,full_family_coverage,3310
13146,22024,264,154,40656,full_family_coverage,3311
14080,23311,40,214,8560,full_family_coverage,3312
17524,18636,59,151,8909,full_family_coverage,3313
6630,8225,431,279,120249,full_family_coverage,3314
13077,21010,161,129,20769,full_family_coverage,3315
7382,22933,55,57,3135,full_family_coverage,3316
3188,25322,58,176,10208,full_family_coverage,3317
8178,16952,38,80,3040,full_family_coverage,3318
6909,23460,203,128,25984,full_family_coverage,3319
3053,25050,100,202,20200,full_family_coverage,3320
2976,8362,216,62,13392,full_family_coverage,3321
10568,13185,23,44,1012,full_family_coverage,3322
2558,25259,108,135,14580,full_family_coverage,3323
13973,17119,116,332,38512,full_family_coverage,3324
10909,12118,130,86,11180,full_family_coverage,3325
10811,18657,196,114,22344,full_family_coverage,3326
2392,9486,71,392,27832,full_family_coverage,3327
8436,10541,123,161,19803,full_family_coverage,3328
21732,22252,110,226,24860,full_family_coverage,3329
8431,24586,51,95,4845,full_family_coverage,3330
13151,19649,51,60,3060,full_family_coverage,3331
7746,25149,71,71,5041,full_family_coverage,3332
13855,19420,158,159,25122,full_family_coverage,3333
4291,8587,178,111,19758,full_family_coverage,3334
5306,11358,49,122,5978,full_family_coverage,3335
578,1990,689,269,185341,full_family_coverage,3336
11271,21845,304,217,65968,full_family_coverage,3337
2277,14956,365,148,54020,full_family_coverage,3338
13165,17593,79,76,6004,full_family_coverage,3339
4042,20959,72,134,9648,full_family_coverage,3340
13880,16038,141,119,16779,full_family_coverage,3341
14112,20581,63,139,8757,full_family_coverage,3342
16297,20677,107,110,11770,full_family_coverage,3343
7203,24176,171,240,41040,full_family_coverage,3344
12983,25507,217,207,44919,full_family_coverage,3345
3476,13060,115,44,5060,full_family_coverage,3346
2329,8390,91,128,11648,full_family_coverage,3347
18220,19861,97,1002,97194,full_family_coverage,3348
5059,10413,577,296,170792,full_family_coverage,3349
11594,15521,223,373,83179,full_family_coverage,3350
7866,11239,23,113,2599,full_family_coverage,3351
10933,12581,259,169,43771,full_family_coverage,3352
7202,25276,148,204,30192,full_family_coverage,3353
613,18690,117,91,10647,full_family_coverage,3354
8913,20247,86,61,5246,full_family_coverage,3355
12112,19377,87,71,6177,full_family_coverage,3356
998,25303,964,220,212080,full_family_coverage,3357
4301,23698,203,319,64757,full_family_coverage,3358
1189,21322,136,115,15640,full_family_coverage,3359
2483,7918,311,63,19593,full_family_coverage,3360
1251,9272,65,64,4160,full_family_coverage,3361
8873,16189,27,90,2430,full_family_coverage,3362
18360,24738,77,108,8316,full_family_coverage,3363
939,25126,391,135,52785,full_family_coverage,3364
1840,22680,367,128,46976,full_family_coverage,3365
4564,12129,220,85,18700,full_family_coverage,3366
4166,25394,319,71,22649,full_family_coverage,3367
2831,10515,55,119,6545,full_family_coverage,3368
20106,21342,118,73,8614,full_family_coverage,3369
9402,14120,140,100,14000,full_family_coverage,3370
14603,15086,68,98,6664,full_family_coverage,3371
709,10044,227,48,10896,full_family_coverage,3372
9273,16626,205,87,17835,full_family_coverage,3373
19337,21521,79,44,3476,full_family_coverage,3374
7786,17938,143,1209,172887,full_family_coverage,3375
595,21680,144,105,15120,full_family_coverage,3376
1757,10291,196,272,53312,full_family_coverage,3377
13850,14834,74,248,18352,full_family_coverage,3378
13025,19727,49,136,6664,full_family_coverage,3379
3167,18032,50,34,1700,full_family_coverage,3380
1615,21255,319,82,26158,full_family_coverage,3381
6107,9583,201,179,35979,full_family_coverage,3382
2354,12386,237,133,31521,full_family_coverage,3383
20165,24805,124,153,18972,full_family_coverage,3384
23623,25312,93,89,8277,full_family_coverage,3385
15759,23115,214,56,11984,full_family_coverage,3386
1292,2408,374,301,112574,full_family_coverage,3387
3671,17095,143,158,22594,full_family_coverage,3388
12262,13346,28,342,9576,full_family_coverage,3389
8887,13276,74,157,11618,full_family_coverage,3390
17098,23747,38,154,5852,full_family_coverage,3391
14171,24846,121,74,8954,full_family_coverage,3392
21364,23229,113,188,21244,full_family_coverage,3393
6251,17848,275,56,15400,full_family_coverage,3394
1664,2952,407,173,70411,full_family_coverage,3395
2278,5653,117,103,12051,full_family_coverage,3396
9442,15181,588,101,59388,full_family_coverage,3397
3932,16298,279,220,61380,full_family_coverage,3398
2136,11293,85,138,11730,full_family_coverage,3399
23940,25346,250,134,33500,full_family_coverage,3400
4994,9976,93,122,11346,full_family_coverage,3401
24440,25062,177,295,52215,full_family_coverage,3402
17820,19402,264,185,48840,full_family_coverage,3403
19218,21925,323,84,27132,full_family_coverage,3404
9680,13657,293,40,11720,full_family_coverage,3405
4656,12023,179,421,75359,full_family_coverage,3406
19959,20474,134,85,11390,full_family_coverage,3407
260,6083,55,136,7480,full_family_coverage,3408
1098,22483,237,166,39342,full_family_coverage,3409
10167,20361,78,100,7800,full_family_coverage,3410
4499,18417,109,32,3488,full_family_coverage,3411
13539,24819,131,350,45850,full_family_coverage,3412
12863,24790,343,222,76146,full_family_coverage,3413
2251,14824,465,317,147405,full_family_coverage,3414
4381,4554,284,54,15336,full_family_coverage,3415
3490,21158,25,93,2325,full_family_coverage,3416
5694,18024,224,97,21728,full_family_coverage,3417
9536,11966,261,144,37584,full_family_coverage,3418
9015,10715,94,188,17672,full_family_coverage,3419
16488,21824,54,53,2862,full_family_coverage,3420
20615,24600,106,42,4452,full_family_coverage,3421
17550,18099,85,154,13090,full_family_coverage,3422
1604,5226,407,326,132682,full_family_coverage,3423
5575,8357,154,108,16632,full_family_coverage,3424
6180,25406,140,171,23940,full_family_coverage,3425
16684,18425,118,112,13216,full_family_coverage,3426
7340,23837,112,121,13552,full_family_coverage,3427
1571,10514,50,90,4500,full_family_coverage,3428
10934,12638,70,68,4760,full_family_coverage,3429
4307,16146,127,264,33528,full_family_coverage,3430
4164,6489,135,168,22680,full_family_coverage,3431
682,21891,31,64,1984,full_family_coverage,3432
18885,23326,32,79,2528,full_family_coverage,3433
3727,10121,259,65,16835,full_family_coverage,3434
880,18174,93,158,14694,full_family_coverage,3435
1022,16521,189,101,19089,full_family_coverage,3436
4024,10099,79,144,11376,full_family_coverage,3437
18937,23841,156,227,35412,full_family_coverage,3438
345,14531,41,172,7052,full_family_coverage,3439
5465,16169,19,54,1026,full_family_coverage,3440
8145,21065,96,48,4608,full_family_coverage,3441
3888,4333,59,54,3186,full_family_coverage,3442
6707,16248,211,51,10761,full_family_coverage,3443
14103,19855,233,148,34484,full_family_coverage,3444
4217,21196,93,123,11439,full_family_coverage,3445
8228,11339,79,267,21093,full_family_coverage,3446
4722,7405,245,37,9065,full_family_coverage,3447
16374,18080,205,68,13940,full_family_coverage,3448
4432,11507,374,191,71434,full_family_coverage,3449
8210,10452,68,64,4352,full_family_coverage,3450
5926,6053,152,155,23560,full_family_coverage,3451
8796,15332,67,65,4355,full_family_coverage,3452
14340,23699,311,58,18038,full_family_coverage,3453
403,3227,26,168,4368,full_family_coverage,3454
7074,9271,21,389,8169,full_family_coverage,3455
12960,16579,108,99,10692,full_family_coverage,3456
13845,17103,365,62,22630,full_family_coverage,3457
1458,15534,107,157,16799,full_family_coverage,3458
16503,21106,71,157,11147,full_family_coverage,3459
10287,20852,129,54,6966,full_family_coverage,3460
2543,4423,19,239,4541,full_family_coverage,3461
5678,8794,305,101,30805,full_family_coverage,3462
769,25190,231,112,25872,full_family_coverage,3463
3650,25430,126,80,10080,full_family_coverage,3464
2263,14966,191,698,133318,full_family_coverage,3465
18978,22753,307,102,31314,full_family_coverage,3466
16994,20119,124,95,11780,full_family_coverage,3467
6618,13869,777,120,93240,full_family_coverage,3468
10436,14972,160,76,12160,full_family_coverage,3469
12113,21813,185,85,15725,full_family_coverage,3470
20575,20668,124,168,20832,full_family_coverage,3471
20256,21257,92,94,8648,full_family_coverage,3472
7015,8269,56,159,8904,full_family_coverage,3473
6413,13668,397,142,56374,full_family_coverage,3474
21372,23832,153,118,18054,full_family_coverage,3475
3858,7555,374,79,29546,full_family_coverage,3476
889,9058,259,212,54908,full_family_coverage,3477
2756,5826,93,55,5115,full_family_coverage,3478
3859,10138,71,228,16188,full_family_coverage,3479
4762,21107,278,66,18348,full_family_coverage,3480
6095,11487,300,63,18900,full_family_coverage,3481
21876,23130,351,85,29835,full_family_coverage,3482
87,22439,216,71,15336,full_family_coverage,3483
20874,21997,47,32,1504,full_family_coverage,3484
1567,3781,355,343,121765,full_family_coverage,3485
6329,11266,184,47,8648,full_family_coverage,3486
8734,9587,282,49,13818,full_family_coverage,3487
19968,23209,286,103,29458,full_family_coverage,3488
15860,25242,43,178,7654,full_family_coverage,3489
8534,13108,64,43,2752,full_family_coverage,3490
577,4909,727,241,175207,full_family_coverage,3491
1338,16201,547,118,64546,full_family_coverage,3492
11595,17795,88,143,12584,full_family_coverage,3493
3438,12299,93,99,9207,full_family_coverage,3494
10194,22042,117,49,5733,full_family_coverage,3495
9350,12362,325,249,80925,full_family_coverage,3496
13507,25046,45,113,5085,full_family_coverage,3497
1608,10750,87,55,4785,full_family_coverage,3498
11517,12551,22,116,2552,full_family_coverage,3499
1490,12379,118,167,19706,full_family_coverage,3500
1853,10666,212,111,23532,full_family_coverage,3501
16386,18805,113,354,40002,full_family_coverage,3502
15382,22329,253,82,20746,full_family_coverage,3503
4893,10229,254,129,32766,full_family_coverage,3504
1062,14437,35,102,3570,full_family_coverage,3505
10552,22456,194,45,8730,full_family_coverage,3506
4384,23742,208,83,17264,full_family_coverage,3507
4239,13640,128,14,1792,full_family_coverage,3508
7644,17946,119,183,21777,full_family_coverage,3509
2267,20463,465,58,26970,full_family_coverage,3510
9428,23054,97,47,4559,full_family_coverage,3511
18529,25200,338,130,43940,full_family_coverage,3512
18501,20909,267,189,50463,full_family_coverage,3513
9736,14382,110,15,1650,full_family_coverage,3514
6310,12890,99,280,27720,full_family_coverage,3515
10498,23432,122,50,6100,full_family_coverage,3516
8404,22869,90,445,40050,full_family_coverage,3517
1518,20937,48,87,4176,full_family_coverage,3518
11825,19532,177,107,18939,full_family_coverage,3519
2199,22477,123,25,3075,full_family_coverage,3520
454,15437,33,77,2541,full_family_coverage,3521
3719,11040,22,61,1342,full_family_coverage,3522
13768,19678,148,70,10360,full_family_coverage,3523
2080,24404,363,29,10527,full_family_coverage,3524
2440,12936,111,194,21534,full_family_coverage,3525
1197,24959,245,73,17885,full_family_coverage,3526
54,4502,229,340,77860,full_family_coverage,3527
520,21822,62,29,1798,full_family_coverage,3528
4743,20886,74,101,7474,full_family_coverage,3529
5235,8604,82,239,19598,full_family_coverage,3530
16431,19075,132,126,16632,full_family_coverage,3531
2517,5163,136,141,19176,full_family_coverage,3532
8103,24806,223,55,12265,full_family_coverage,3533
11325,15977,58,209,12122,full_family_coverage,3534
4752,24381,263,121,31823,full_family_coverage,3535
5284,15508,96,200,19200,full_family_coverage,3536
20812,22635,136,135,18360,full_family_coverage,3537
4477,18879,178,85,15130,full_family_coverage,3538
6658,16000,69,202,13938,full_family_coverage,3539
14442,21808,264,94,24816,full_family_coverage,3540
20793,22239,291,52,15132,full_family_coverage,3541
17235,24170,41,100,4100,full_family_coverage,3542
17900,23555,46,80,3680,full_family_coverage,3543
14097,15670,96,52,4992,full_family_coverage,3544
4570,7962,42,69,2898,full_family_coverage,3545
2236,3880,286,66,18876,full_family_coverage,3546
12818,17716,179,96,17184,full_family_coverage,3547
8326,13925,107,321,34347,full_family_coverage,3548
4330,22307,56,82,4592,full_family_coverage,3549
2377,12959,278,84,23352,full_family_coverage,3550
19212,20977,123,166,20418,full_family_coverage,3551
7489,15128,157,104,16328,full_family_coverage,3552
18732,21395,77,96,7392,full_family_coverage,3553
3255,3346,33,58,1914,full_family_coverage,3554
8443,10501,138,83,11454,full_family_coverage,3555
11278,24636,31,56,1736,full_family_coverage,3556
1834,5684,258,274,70692,full_family_coverage,3557
6995,15223,123,167,20541,full_family_coverage,3558
12727,14416,93,133,12369,full_family_coverage,3559
112,2895,432,92,39744,full_family_coverage,3560
2085,3878,64,79,5056,full_family_coverage,3561
19719,24289,61,58,3538,full_family_coverage,3562
9476,23566,356,64,22784,full_family_coverage,3563
9913,23405,164,371,60844,full_family_coverage,3564
5799,23010,468,81,37908,full_family_coverage,3565
14878,23457,258,142,36636,full_family_coverage,3566
24696,25473,78,135,10530,full_family_coverage,3567
21791,23751,146,83,12118,full_family_coverage,3568
11601,11920,22,330,7260,full_family_coverage,3569
3613,12907,39,51,1989,full_family_coverage,3570
4498,11270,87,234,20358,full_family_coverage,3571
12143,23706,79,93,7347,full_family_coverage,3572
5295,22775,161,85,13685,full_family_coverage,3573
15150,18832,374,70,26180,full_family_coverage,3574
15021,18368,98,117,11466,full_family_coverage,3575
7769,18254,17,202,3434,full_family_coverage,3576
1388,5955,43,246,10578,full_family_coverage,3577
4937,18357,101,169,17069,full_family_coverage,3578
16025,17504,292,100,29200,full_family_coverage,3579
6527,6696,87,214,18618,full_family_coverage,3580
15286,16455,55,69,3795,full_family_coverage,3581
4803,15155,82,103,8446,full_family_coverage,3582
79,12452,77,68,5236,full_family_coverage,3583
9834,13713,67,107,7169,full_family_coverage,3584
10699,18329,154,78,12012,full_family_coverage,3585
2187,13198,80,31,2480,full_family_coverage,3586
12476,24062,100,68,6800,full_family_coverage,3587
5248,10061,91,230,20930,full_family_coverage,3588
16328,22492,134,78,10452,full_family_coverage,3589
16637,21459,103,197,20291,full_family_coverage,3590
8222,23308,114,78,8892,full_family_coverage,3591
7755,21790,107,86,9202,full_family_coverage,3592
7335,18068,300,62,18600,full_family_coverage,3593
6649,11580,382,164,62648,full_family_coverage,3594
8218,21941,107,149,15943,full_family_coverage,3595
430,8264,94,109,10246,full_family_coverage,3596
15085,18637,50,134,6700,full_family_coverage,3597
13867,18052,700,154,107800,full_family_coverage,3598
228,2875,84,52,4368,full_family_coverage,3599
5959,13953,111,636,70596,full_family_coverage,3600
863,23980,70,104,7280,full_family_coverage,3601
11892,12091,55,278,15290,full_family_coverage,3602
16582,25334,57,61,3477,full_family_coverage,3603
5976,19454,138,108,14904,full_family_coverage,3604
7155,20713,33,55,1815,full_family_coverage,3605
1671,23325,110,60,6600,full_family_coverage,3606
5864,13488,436,76,33136,full_family_coverage,3607
13201,19924,106,91,9646,full_family_coverage,3608
1895,12520,494,62,30628,full_family_coverage,3609
5850,19950,304,128,38912,full_family_coverage,3610
13404,17948,115,177,20355,full_family_coverage,3611
22441,24201,67,178,11926,full_family_coverage,3612
3823,24833,112,124,13888,full_family_coverage,3613
3269,16045,342,204,69768,full_family_coverage,3614
7891,20706,120,132,15840,full_family_coverage,3615
16170,20574,59,58,3422,full_family_coverage,3616
6854,12602,148,124,18352,full_family_coverage,3617
5365,24447,130,149,19370,full_family_coverage,3618
2153,2246,181,18,3258,full_family_coverage,3619
13755,16056,300,107,32100,full_family_coverage,3620
181,20737,152,130,19760,full_family_coverage,3621
4456,16425,80,55,4400,full_family_coverage,3622
17740,20154,65,27,1755,full_family_coverage,3623
16086,16515,30,143,4290,full_family_coverage,3624
11482,14944,107,85,9095,full_family_coverage,3625
5560,18452,388,309,119892,full_family_coverage,3626
11542,14347,36,109,3924,full_family_coverage,3627
19826,22440,122,105,12810,full_family_coverage,3628
1132,9327,68,129,8772,full_family_coverage,3629
6360,14856,687,91,62517,full_family_coverage,3630
18649,23971,108,150,16200,full_family_coverage,3631
3274,7777,382,63,24066,full_family_coverage,3632
3477,21520,192,125,24000,full_family_coverage,3633
1772,5481,246,103,25338,full_family_coverage,3634
868,5377,302,167,50434,full_family_coverage,3635
5563,21288,250,127,31750,full_family_coverage,3636
3538,23434,111,130,14430,full_family_coverage,3637
8689,17140,131,102,13362,full_family_coverage,3638
8035,19363,39,418,16302,full_family_coverage,3639
1580,3410,209,76,15884,full_family_coverage,3640
4106,23148,128,113,14464,full_family_coverage,3641
11037,20863,141,11,1551,full_family_coverage,3642
14715,21909,58,76,4408,full_family_coverage,3643
6288,18009,129,100,12900,full_family_coverage,3644
5569,20513,57,162,9234,full_family_coverage,3645
3717,8239,100,191,19100,full_family_coverage,3646
5865,11591,171,30,5130,full_family_coverage,3647
7929,9963,415,150,62250,full_family_coverage,3648
10855,13661,56,212,11872,full_family_coverage,3649
3037,7835,266,153,40698,full_family_coverage,3650
15758,15934,313,138,43194,full_family_coverage,3651
10477,13591,84,63,5292,full_family_coverage,3652
14652,15903,380,246,93480,full_family_coverage,3653
13653,15704,214,64,13696,full_family_coverage,3654
12274,24091,63,171,10773,full_family_coverage,3655
12637,19165,98,471,46158,full_family_coverage,3656
434,13068,27,83,2241,full_family_coverage,3657
2365,10054,62,67,4154,full_family_coverage,3658
20620,24919,21,62,1302,full_family_coverage,3659
4324,6361,356,108,38448,full_family_coverage,3660
1492,14840,240,249,59760,full_family_coverage,3661
6742,12431,73,246,17958,full_family_coverage,3662
6750,23703,72,70,5040,full_family_coverage,3663
13159,14544,123,125,15375,full_family_coverage,3664
736,9429,76,38,2888,full_family_coverage,3665
787,4956,352,48,16896,full_family_coverage,3666
23097,24719,84,100,8400,full_family_coverage,3667
2183,22595,366,27,9882,full_family_coverage,3668
6789,10426,165,86,14190,full_family_coverage,3669
15555,22907,100,56,5600,full_family_coverage,3670
4998,24802,157,77,12089,full_family_coverage,3671
15553,21886,183,95,17385,full_family_coverage,3672
6465,14084,82,223,18286,full_family_coverage,3673
6615,20199,107,34,3638,full_family_coverage,3674
8073,22515,318,22,6996,full_family_coverage,3675
772,14397,30,259,7770,full_family_coverage,3676
5257,12517,242,164,39688,full_family_coverage,3677
2718,3043,37,214,7918,full_family_coverage,3678
398,23565,53,278,14734,full_family_coverage,3679
12530,19294,127,222,28194,full_family_coverage,3680
19313,20657,151,311,46961,full_family_coverage,3681
17025,24040,23,94,2162,full_family_coverage,3682
4761,11079,282,379,106878,full_family_coverage,3683
3141,7638,593,132,78276,full_family_coverage,3684
10200,15612,146,80,11680,full_family_coverage,3685
3200,17477,126,147,18522,full_family_coverage,3686
990,18920,76,28,2128,full_family_coverage,3687
7729,12215,353,35,12355,full_family_coverage,3688
11298,20414,62,124,7688,full_family_coverage,3689
3057,13134,299,107,31993,full_family_coverage,3690
16720,21442,120,160,19200,full_family_coverage,3691
1833,11364,370,74,27380,full_family_coverage,3692
9572,10239,181,89,16109,full_family_coverage,3693
9678,11701,299,125,37375,full_family_coverage,3694
701,13109,142,104,14768,full_family_coverage,3695
129,4552,31,181,5611,full_family_coverage,3696
12225,22989,30,113,3390,full_family_coverage,3697
8034,21029,181,121,21901,full_family_coverage,3698
5572,13956,484,88,42592,full_family_coverage,3699
7535,15632,44,188,8272,full_family_coverage,3700
2309,24949,74,98,7252,full_family_coverage,3701
8176,10668,117,122,14274,full_family_coverage,3702
5620,24817,370,69,25530,full_family_coverage,3703
12553,16044,195,139,27105,full_family_coverage,3704
18437,18593,533,74,39442,full_family_coverage,3705
154,24638,163,355,57865,full_family_coverage,3706
2618,11845,297,258,76626,full_family_coverage,3707
591,8105,203,132,26796,full_family_coverage,3708
1201,15618,296,104,30784,full_family_coverage,3709
14122,22694,109,61,6649,full_family_coverage,3710
4672,6336,331,376,124456,full_family_coverage,3711
10046,12697,77,134,10318,full_family_coverage,3712
10981,15238,417,80,33360,full_family_coverage,3713
3432,22464,119,94,11186,full_family_coverage,3714
20438,22934,297,71,21087,full_family_coverage,3715
12020,12411,86,157,13502,full_family_coverage,3716
20471,22778,149,159,23691,full_family_coverage,3717
15719,20243,42,31,1302,full_family_coverage,3718
10445,23098,32,191,6112,full_family_coverage,3719
13168,19045,82,63,5166,full_family_coverage,3720
428,7621,184,102,18768,full_family_coverage,3721
3604,24337,118,33,3894,full_family_coverage,3722
16688,19434,118,455,53690,full_family_coverage,3723
16708,22997,105,173,18165,full_family_coverage,3724
1115,11348,192,90,17280,full_family_coverage,3725
97,1874,132,43,5676,full_family_coverage,3726
1364,10831,46,476,21896,full_family_coverage,3727
461,16052,289,327,94503,full_family_coverage,3728
15449,19538,52,137,7124,full_family_coverage,3729
4573,17288,149,74,11026,full_family_coverage,3730
20794,23302,67,184,12328,full_family_coverage,3731
19230,23486,128,151,19328,full_family_coverage,3732
484,9187,64,63,4032,full_family_coverage,3733
11947,23234,146,37,5402,full_family_coverage,3734
17421,21663,29,85,2465,full_family_coverage,3735
4488,24394,232,145,33640,full_family_coverage,3736
10675,21751,212,85,18020,full_family_coverage,3737
21053,21621,89,60,5340,full_family_coverage,3738
1737,11370,52,136,7072,full_family_coverage,3739
20846,24339,44,85,3740,full_family_coverage,3740
3712,14272,194,242,46948,full_family_coverage,3741
9076,17219,154,230,35420,full_family_coverage,3742
17070,23475,99,159,15741,full_family_coverage,3743
1708,7825,116,44,5104,full_family_coverage,3744
11084,25284,96,142,13632,full_family_coverage,3745
14240,14800,58,485,28130,full_family_coverage,3746
1133,13467,48,121,5808,full_family_coverage,3747
13246,14440,30,385,11550,full_family_coverage,3748
951,21549,139,98,13622,full_family_coverage,3749
4694,8686,55,137,7535,full_family_coverage,3750
725,11846,573,490,280770,full_family_coverage,3751
6723,21144,131,68,8908,full_family_coverage,3752
15171,25414,140,110,15400,full_family_coverage,3753
7347,16787,125,52,6500,full_family_coverage,3754
2140,10278,170,55,9350,full_family_coverage,3755
3144,23899,58,125,7250,full_family_coverage,3756
15452,18572,66,178,11748,full_family_coverage,3757
9228,20175,135,74,9990,full_family_coverage,3758
12271,17191,63,173,10899,full_family_coverage,3759
18008,19709,91,186,16926,full_family_coverage,3760
9120,10645,90,86,7740,full_family_coverage,3761
11829,19625,139,68,9452,full_family_coverage,3762
11220,11945,79,51,4029,full_family_coverage,3763
9116,21276,130,79,10270,full_family_coverage,3764
4310,9625,16,151,2416,full_family_coverage,3765
7399,24343,36,114,4104,full_family_coverage,3766
2451,20653,517,340,175780,full_family_coverage,3767
139,18997,155,287,44485,full_family_coverage,3768
14189,22415,125,65,8125,full_family_coverage,3769
2195,24112,74,68,5032,full_family_coverage,3770
5033,5973,89,362,32218,full_family_coverage,3771
17049,19701,33,62,2046,full_family_coverage,3772
2610,9651,64,591,37824,full_family_coverage,3773
13098,16341,67,71,4757,full_family_coverage,3774
1295,10385,92,253,23276,full_family_coverage,3775
3130,12370,284,86,24424,full_family_coverage,3776
23823,24697,60,135,8100,full_family_coverage,3777
11363,22176,231,90,20790,full_family_coverage,3778
5338,19169,85,77,6545,full_family_coverage,3779
124,8356,94,22,2068,full_family_coverage,3780
6805,11680,124,513,63612,full_family_coverage,3781
8591,10100,298,61,18178,full_family_coverage,3782
429,15536,5,67,335,full_family_coverage,3783
20905,25224,53,66,3498,full_family_coverage,3784
20369,24076,58,832,48256,full_family_coverage,3785
5907,23143,108,108,11664,full_family_coverage,3786
19607,20525,168,136,22848,full_family_coverage,3787
13031,24729,117,224,26208,full_family_coverage,3788
3627,13865,114,83,9462,full_family_coverage,3789
11647,15393,101,207,20907,full_family_coverage,3790
225,5110,264,48,12672,full_family_coverage,3791
4382,11852,96,127,12192,full_family_coverage,3792
756,16214,136,95,12920,full_family_coverage,3793
14575,19566,57,77,4389,full_family_coverage,3794
871,4367,165,48,7920,full_family_coverage,3795
17130,25105,165,70,11550,full_family_coverage,3796
12501,17841,90,136,12240,full_family_coverage,3797
4014,15199,470,218,102460,full_family_coverage,3798
9514,17596,81,67,5427,full_family_coverage,3799
7649,25037,133,162,21546,full_family_coverage,3800
7251,19099,112,154,17248,full_family_coverage,3801
7843,16467,154,103,15862,full_family_coverage,3802
11516,22269,37,75,2775,full_family_coverage,3803
979,18719,180,191,34380,full_family_coverage,3804
9776,14236,226,120,27120,full_family_coverage,3805
20189,22992,48,105,5040,full_family_coverage,3806
11006,13992,141,360,50760,full_family_coverage,3807
4002,19061,144,81,11664,full_family_coverage,3808
527,15414,62,309,19158,full_family_coverage,3809
7069,15399,49,145,7105,full_family_coverage,3810
6247,23593,49,93,4557,full_family_coverage,3811
7374,12649,42,43,1806,full_family_coverage,3812
7905,12324,75,124,9300,full_family_coverage,3813
4859,22917,81,54,4374,full_family_coverage,3814
4472,20451,151,58,8758,full_family_coverage,3815
6660,19041,514,122,62708,full_family_coverage,3816
2830,13917,155,157,24335,full_family_coverage,3817
8432,24236,170,108,18360,full_family_coverage,3818
19798,24763,15,69,1035,full_family_coverage,3819
17264,18840,81,145,11745,full_family_coverage,3820
1301,11513,413,102,42126,full_family_coverage,3821
21307,22538,173,264,45672,full_family_coverage,3822
1028,14241,202,56,11312,full_family_coverage,3823
1648,7986,35,74,2590,full_family_coverage,3824
4572,5525,332,334,110888,full_family_coverage,3825
6160,13497,53,130,6890,full_family_coverage,3826
3261,13377,38,82,3116,full_family_coverage,3827
7200,20660,44,101,4444,full_family_coverage,3828
10534,12577,49,193,9457,full_family_coverage,3829
4597,24830,271,63,17073,full_family_coverage,3830
9074,9325,292,45,13140,full_family_coverage,3831
478,4492,140,122,17080,full_family_coverage,3832
16701,19966,168,230,38640,full_family_coverage,3833
6706,18318,76,162,12312,full_family_coverage,3834
17132,24509,109,403,43927,full_family_coverage,3835
19653,22843,184,65,11960,full_family_coverage,3836
6222,21027,188,35,6580,full_family_coverage,3837
19451,22539,114,110,12540,full_family_coverage,3838
18332,24864,78,62,4836,full_family_coverage,3839
1086,6202,127,130,16510,full_family_coverage,3840
1277,11893,92,115,10580,full_family_coverage,3841
11061,11579,236,31,7316,full_family_coverage,3842
1065,3997,360,288,103680,full_family_coverage,3843
12204,14969,50,596,29800,full_family_coverage,3844
6159,18520,179,177,31683,full_family_coverage,3845
1904,9991,162,161,26082,full_family_coverage,3846
12843,16450,107,43,4601,full_family_coverage,3847
19895,22169,84,37,3108,full_family_coverage,3848
7967,24902,68,70,4760,full_family_coverage,3849
8186,13371,102,97,9894,full_family_coverage,3850
14481,21037,238,135,32130,full_family_coverage,3851
18908,23697,102,460,46920,full_family_coverage,3852
12880,19613,214,437,93518,full_family_coverage,3853
1146,16312,103,165,16995,full_family_coverage,3854
3936,7230,367,129,47343,full_family_coverage,3855
4087,19192,46,100,4600,full_family_coverage,3856
8442,12085,52,48,2496,full_family_coverage,3857
19108,20031,173,87,15051,full_family_coverage,3858
5626,12217,221,75,16575,full_family_coverage,3859
2849,16141,278,91,25298,full_family_coverage,3860
14261,20159,102,44,4488,full_family_coverage,3861
7087,11113,303,168,50904,full_family_coverage,3862
2588,6766,118,103,12154,full_family_coverage,3863
7225,25444,56,75,4200,full_family_coverage,3864
18686,24916,112,54,6048,full_family_coverage,3865
8988,23237,120,90,10800,full_family_coverage,3866
6127,23472,207,90,18630,full_family_coverage,3867
2160,14004,289,197,56933,full_family_coverage,3868
3648,7275,86,167,14362,full_family_coverage,3869
11392,11510,127,101,12827,full_family_coverage,3870
2486,25006,804,95,76380,full_family_coverage,3871
12356,16125,78,183,14274,full_family_coverage,3872
15544,17711,136,66,8976,full_family_coverage,3873
10915,17944,45,185,8325,full_family_coverage,3874
13128,24133,122,135,16470,full_family_coverage,3875
16354,23529,90,100,9000,full_family_coverage,3876
6480,24013,373,223,83179,full_family_coverage,3877
4683,10392,66,80,5280,full_family_coverage,3878
22236,22674,65,204,13260,full_family_coverage,3879
469,21821,183,108,19764,full_family_coverage,3880
9474,18405,397,52,20644,full_family_coverage,3881
16846,22025,85,88,7480,full_family_coverage,3882
7637,24614,163,229,37327,full_family_coverage,3883
1991,12897,75,107,8025,full_family_coverage,3884
16507,19249,46,31,1426,full_family_coverage,3885
9662,21041,193,157,30301,full_family_coverage,3886
18778,20872,169,43,7267,full_family_coverage,3887
20089,23397,101,95,9595,full_family_coverage,3888
296,19801,121,137,16577,full_family_coverage,3889
7537,8151,32,92,2944,full_family_coverage,3890
13050,13733,56,248,13888,full_family_coverage,3891
22130,24508,76,266,20216,full_family_coverage,3892
10803,20819,141,217,30597,full_family_coverage,3893
10788,25201,40,65,2600,full_family_coverage,3894
19720,21796,87,157,13659,full_family_coverage,3895
441,16368,48,270,12960,full_family_coverage,3896
7750,7898,267,94,25098,full_family_coverage,3897
9119,15015,79,145,11455,full_family_coverage,3898
19170,23577,154,83,12782,full_family_coverage,3899
11041,16796,139,106,14734,full_family_coverage,3900
2105,25448,236,125,29500,full_family_coverage,3901
4373,18563,504,35,17640,full_family_coverage,3902
3133,18412,287,135,38745,full_family_coverage,3903
937,6692,435,70,30450,full_family_coverage,3904
9971,22178,75,187,14025,full_family_coverage,3905
3833,10103,49,81,3969,full_family_coverage,3906
12723,19974,78,229,17862,full_family_coverage,3907
14412,21900,202,93,18786,full_family_coverage,3908
7824,14353,110,206,22660,full_family_coverage,3909
6852,17315,180,51,9180,full_family_coverage,3910
7326,10088,67,231,15477,full_family_coverage,3911
2882,20596,22,101,2222,full_family_coverage,3912
11571,23175,100,215,21500,full_family_coverage,3913
12050,19688,235,115,27025,full_family_coverage,3914
21669,23252,156,76,11856,full_family_coverage,3915
4,14889,145,275,39875,full_family_coverage,3916
2274,23126,152,53,8056,full_family_coverage,3917
8505,23792,110,50,5500,full_family_coverage,3918
7567,18189,157,323,50711,full_family_coverage,3919
5070,11553,80,214,17120,full_family_coverage,3920
11385,13684,170,78,13260,full_family_coverage,3921
11368,14880,235,50,11750,full_family_coverage,3922
8584,16051,56,59,3304,full_family_coverage,3923
14350,20445,210,39,8190,full_family_coverage,3924
20640,23991,309,63,19467,full_family_coverage,3925
4876,18304,185,138,25530,full_family_coverage,3926
6024,21396,44,143,6292,full_family_coverage,3927
15375,18391,316,233,73628,full_family_coverage,3928
14551,25067,152,51,7752,full_family_coverage,3929
13655,23537,162,84,13608,full_family_coverage,3930
7195,16784,65,224,14560,full_family_coverage,3931
17335,21651,48,221,10608,full_family_coverage,3932
7221,17400,58,123,7134,full_family_coverage,3933
14474,19851,266,90,23940,full_family_coverage,3934
2167,10393,294,49,14406,full_family_coverage,3935
7941,16412,75,41,3075,full_family_coverage,3936
3939,13121,65,76,4940,full_family_coverage,3937
726,18343,246,120,29520,full_family_coverage,3938
4325,20254,93,90,8370,full_family_coverage,3939
15878,17845,205,66,13530,full_family_coverage,3940
11822,13652,49,190,9310,full_family_coverage,3941
5947,17216,58,65,3770,full_family_coverage,3942
5446,7141,33,189,6237,full_family_coverage,3943
6847,12706,195,126,24570,full_family_coverage,3944
18512,24570,167,178,29726,full_family_coverage,3945
12062,15898,138,208,28704,full_family_coverage,3946
15141,24136,111,71,7881,full_family_coverage,3947
7778,21004,61,163,9943,full_family_coverage,3948
12858,24634,164,99,16236,full_family_coverage,3949
3530,9599,14,74,1036,full_family_coverage,3950
4233,5176,160,432,69120,full_family_coverage,3951
11150,20871,40,193,7720,full_family_coverage,3952
15899,16662,446,68,30328,full_family_coverage,3953
6919,17969,30,96,2880,full_family_coverage,3954
7029,17486,34,124,4216,full_family_coverage,3955
13111,24022,148,222,32856,full_family_coverage,3956
2442,16096,143,882,126126,full_family_coverage,3957
18264,20226,156,63,9828,full_family_coverage,3958
10782,11051,112,117,13104,full_family_coverage,3959
5552,13144,179,60,10740,full_family_coverage,3960
14438,19946,259,522,135198,full_family_coverage,3961
15583,18889,286,123,35178,full_family_coverage,3962
7287,20023,374,206,77044,full_family_coverage,3963
1872,7859,171,242,41382,full_family_coverage,3964
15461,20014,341,120,40920,full_family_coverage,3965
12791,24577,208,114,23712,full_family_coverage,3966
8434,19517,39,494,19266,full_family_coverage,3967
1067,21582,114,287,32718,full_family_coverage,3968
9684,20073,225,51,11475,full_family_coverage,3969
7430,7926,35,137,4795,full_family_coverage,3970
10825,15379,139,280,38920,full_family_coverage,3971
4247,23835,131,91,11921,full_family_coverage,3972
4320,20109,140,72,10080,full_family_coverage,3973
1288,3030,286,155,44330,full_family_coverage,3974
6768,11687,168,135,22680,full_family_coverage,3975
34,16894,62,162,10044,full_family_coverage,3976
9610,21197,130,83,10790,full_family_coverage,3977
5902,22400,87,30,2610,full_family_coverage,3978
13157,18207,81,103,8343,full_family_coverage,3979
5056,9039,588,566,332808,full_family_coverage,3980
17107,21134,139,47,6533,full_family_coverage,3981
21710,25388,97,158,15326,full_family_coverage,3982
13376,20120,191,68,12988,full_family_coverage,3983
470,8883,181,133,24073,full_family_coverage,3984
2544,24410,13,85,1105,full_family_coverage,3985
12075,16495,219,164,35916,full_family_coverage,3986
4596,24471,170,218,37060,full_family_coverage,3987
18831,18934,92,296,27232,full_family_coverage,3988
886,14596,162,105,17010,full_family_coverage,3989
14404,22041,305,163,49715,full_family_coverage,3990
13601,15486,73,344,25112,full_family_coverage,3991
20305,21084,53,85,4505,full_family_coverage,3992
2311,24096,18,277,4986,full_family_coverage,3993
15837,21387,284,66,18744,full_family_coverage,3994
7081,20711,134,18,2412,full_family_coverage,3995
1182,9899,106,140,14840,full_family_coverage,3996
17274,21436,54,131,7074,full_family_coverage,3997
17000,17912,106,1057,112042,full_family_coverage,3998
15249,19561,334,28,9352,full_family_coverage,3999
21968,24747,97,202,19594,full_family_coverage,4000
10122,14550,81,118,9558,full_family_coverage,4001
17574,19173,213,174,37062,full_family_coverage,4002
11963,16518,237,68,16116,full_family_coverage,4003
2,23609,242,124,30008,full_family_coverage,4004
11231,21050,12,61,732,full_family_coverage,4005
13311,23931,109,1375,149875,full_family_coverage,4006
5277,22272,86,187,16082,full_family_coverage,4007
1531,12461,334,111,37074,full_family_coverage,4008
2043,18249,33,114,3762,full_family_coverage,4009
3785,12987,144,69,9936,full_family_coverage,4010
21333,25523,136,87,11832,full_family_coverage,4011
2049,23383,173,35,6055,full_family_coverage,4012
43,12714,96,83,7968,full_family_coverage,4013
7720,25033,70,168,11760,full_family_coverage,4014
17936,19100,388,128,49664,full_family_coverage,4015
12691,22529,248,49,12152,full_family_coverage,4016
1355,9592,35,277,9695,full_family_coverage,4017
12648,23318,373,147,54831,full_family_coverage,4018
7832,20397,111,69,7659,full_family_coverage,4019
218,19365,323,173,55879,full_family_coverage,4020
6390,11520,430,53,22790,full_family_coverage,4021
177,9760,84,219,18396,full_family_coverage,4022
13446,18333,53,55,2915,full_family_coverage,4023
16060,18746,83,29,2407,full_family_coverage,4024
2399,15061,145,260,37700,full_family_coverage,4025
5380,10979,80,157,12560,full_family_coverage,4026
9642,22426,127,81,10287,full_family_coverage,4027
2318,5201,273,133,36309,full_family_coverage,4028
9716,9966,72,81,5832,full_family_coverage,4029
4171,5586,162,201,32562,full_family_coverage,4030
11321,22804,78,101,7878,full_family_coverage,4031
8363,19142,57,186,10602,full_family_coverage,4032
13707,20833,154,118,18172,full_family_coverage,4033
4058,7923,93,221,20553,full_family_coverage,4034
11886,23501,153,95,14535,full_family_coverage,4035
21971,25544,109,119,12971,full_family_coverage,4036
16194,21524,163,179,29177,full_family_coverage,4037
17308,19726,65,236,15340,full_family_coverage,4038
954,10230,155,135,20925,full_family_coverage,4039
6579,9211,145,363,52635,full_family_coverage,4040
13120,15883,175,179,31325,full_family_coverage,4041
14759,23233,115,276,31740,full_family_coverage,4042
9783,17853,65,263,17095,full_family_coverage,4043
11395,20986,97,121,11737,full_family_coverage,4044
4661,17858,149,80,11920,full_family_coverage,4045
13240,20993,140,162,22680,full_family_coverage,4046
4811,18571,439,60,26340,full_family_coverage,4047
5621,17833,146,63,9198,full_family_coverage,4048
2757,23016,492,148,72816,full_family_coverage,4049
9071,13022,116,87,10092,full_family_coverage,4050
18601,19582,128,81,10368,full_family_coverage,4051
8144,12681,235,135,31725,full_family_coverage,4052
8252,15426,69,429,29601,full_family_coverage,4053
8790,10304,327,57,18639,full_family_coverage,4054
2261,17518,90,24,2160,full_family_coverage,4055
7318,7650,50,191,9550,full_family_coverage,4056
5839,13948,89,252,22428,full_family_coverage,4057
19965,23650,340,47,15980,full_family_coverage,4058
10187,20578,124,85,10540,full_family_coverage,4059
5211,11688,124,74,9176,full_family_coverage,4060
216,13310,458,98,44884,full_family_coverage,4061
23778,23924,234,120,28080,full_family_coverage,4062
5436,17010,129,127,16383,full_family_coverage,4063
4724,7582,154,7,1078,full_family_coverage,4064
15122,20396,288,81,23328,full_family_coverage,4065
4995,11402,196,213,41748,full_family_coverage,4066
3158,19265,56,445,24920,full_family_coverage,4067
13337,19176,439,119,52241,full_family_coverage,4068
865,12670,204,73,14892,full_family_coverage,4069
6804,25387,222,29,6438,full_family_coverage,4070
3272,11532,65,27,1755,full_family_coverage,4071
6005,16712,50,210,10500,full_family_coverage,4072
11148,12754,82,89,7298,full_family_coverage,4073
1493,14216,211,109,22999,full_family_coverage,4074
7996,15834,194,103,19982,full_family_coverage,4075
18559,23493,97,128,12416,full_family_coverage,4076
11632,14284,18,486,8748,full_family_coverage,4077
8093,8980,228,331,75468,full_family_coverage,4078
4805,24329,52,85,4420,full_family_coverage,4079
894,15302,314,94,29516,full_family_coverage,4080
12063,14252,163,68,11084,full_family_coverage,4081
17992,18389,157,244,38308,full_family_coverage,4082
8819,23039,333,84,27972,full_family_coverage,4083
6708,9213,171,226,38646,full_family_coverage,4084
2684,16810,208,95,19760,full_family_coverage,4085
4259,11372,284,422,119848,full_family_coverage,4086
16227,24915,145,60,8700,full_family_coverage,4087
24872,25327,49,39,1911,full_family_coverage,4088
17479,20126,107,103,11021,full_family_coverage,4089
7596,10914,3,172,516,full_family_coverage,4090
1900,17052,96,114,10944,full_family_coverage,4091
12162,16946,37,130,4810,full_family_coverage,4092
6776,18224,303,153,46359,full_family_coverage,4093
1899,23053,169,69,11661,full_family_coverage,4094
7390,24181,11,125,1375,full_family_coverage,4095
8190,17487,80,126,10080,full_family_coverage,4096
10053,17957,92,109,10028,full_family_coverage,4097
1906,25027,75,58,4350,full_family_coverage,4098
6943,19241,47,161,7567,full_family_coverage,4099
1791,14733,192,90,17280,full_family_coverage,4100
10572,25186,280,127,35560,full_family_coverage,4101
2426,3555,261,70,18270,full_family_coverage,4102
11458,17551,123,73,8979,full_family_coverage,4103
73,19514,138,84,11592,full_family_coverage,4104
7676,10729,110,393,43230,full_family_coverage,4105
20251,24073,51,60,3060,full_family_coverage,4106
3575,15434,82,130,10660,full_family_coverage,4107
4159,11095,18,75,1350,full_family_coverage,4108
11418,25455,424,107,45368,full_family_coverage,4109
5032,17889,105,214,22470,full_family_coverage,4110
14444,16874,123,55,6765,full_family_coverage,4111
17392,22678,65,87,5655,full_family_coverage,4112
12300,24317,171,92,15732,full_family_coverage,4113
1233,24111,280,162,45360,full_family_coverage,4114
15029,17807,103,162,16686,full_family_coverage,4115
14770,21879,189,88,16632,full_family_coverage,4116
14371,19440,79,77,6083,full_family_coverage,4117
11307,21043,233,111,25863,full_family_coverage,4118
15463,23710,106,286,30316,full_family_coverage,4119
13280,21132,169,52,8788,full_family_coverage,4120
1921,8943,37,131,4847,full_family_coverage,4121
1421,10575,69,40,2760,full_family_coverage,4122
16200,20832,548,82,44936,full_family_coverage,4123
15841,18534,75,147,11025,full_family_coverage,4124
532,3827,200,305,61000,full_family_coverage,4125
8173,15886,116,40,4640,full_family_coverage,4126
15024,24834,74,80,5920,full_family_coverage,4127
5827,18530,215,94,20210,full_family_coverage,4128
5702,11165,148,448,66304,full_family_coverage,4129
5848,7648,51,135,6885,full_family_coverage,4130
17881,21743,726,174,126324,full_family_coverage,4131
302,22467,76,86,6536,full_family_coverage,4132
13730,15581,87,76,6612,full_family_coverage,4133
9509,24874,319,80,25520,full_family_coverage,4134
449,24930,27,70,1890,full_family_coverage,4135
4039,17634,129,28,3612,full_family_coverage,4136
18827,23085,56,45,2520,full_family_coverage,4137
5506,11226,181,178,32218,full_family_coverage,4138
11847,17545,52,47,2444,full_family_coverage,4139
830,11151,140,181,25340,full_family_coverage,4140
11125,25429,263,125,32875,full_family_coverage,4141
6836,12397,124,140,17360,full_family_coverage,4142
9090,15943,227,104,23608,full_family_coverage,4143
17150,23282,94,124,11656,full_family_coverage,4144
14407,24622,175,268,46900,full_family_coverage,4145
2767,4420,95,197,18715,full_family_coverage,4146
4288,21423,176,75,13200,full_family_coverage,4147
13117,13261,53,162,8586,full_family_coverage,4148
17311,19304,92,97,8924,full_family_coverage,4149
1484,25498,340,73,24820,full_family_coverage,4150
19036,21446,65,61,3965,full_family_coverage,4151
3038,24081,341,157,53537,full_family_coverage,4152
5186,16202,105,149,15645,full_family_coverage,4153
147,15947,331,110,36410,full_family_coverage,4154
2387,4867,229,55,12595,full_family_coverage,4155
7633,8230,64,382,24448,full_family_coverage,4156
343,8644,189,197,37233,full_family_coverage,4157
7766,15453,306,267,81702,full_family_coverage,4158
610,24316,104,188,19552,full_family_coverage,4159
6020,9075,494,246,121524,full_family_coverage,4160
8152,20210,363,60,21780,full_family_coverage,4161
13047,23138,126,83,10458,full_family_coverage,4162
6051,22001,89,125,11125,full_family_coverage,4163
7959,8520,51,215,10965,full_family_coverage,4164
5870,12152,151,53,8003,full_family_coverage,4165
2126,6335,103,95,9785,full_family_coverage,4166
1939,9488,65,245,15925,full_family_coverage,4167
13296,25494,121,30,3630,full_family_coverage,4168
1235,22830,142,91,12922,full_family_coverage,4169
3946,5275,104,161,16744,full_family_coverage,4170
14175,20386,123,43,5289,full_family_coverage,4171
6848,12815,549,73,40077,full_family_coverage,4172
9874,11940,485,46,22310,full_family_coverage,4173
5469,22478,68,30,2040,full_family_coverage,4174
6728,24043,121,260,31460,full_family_coverage,4175
14667,21904,64,37,2368,full_family_coverage,4176
5740,15197,170,365,62050,full_family_coverage,4177
1968,12487,439,53,23267,full_family_coverage,4178
12957,18138,45,62,2790,full_family_coverage,4179
1378,15964,207,66,13662,full_family_coverage,4180
5084,9817,362,98,35476,full_family_coverage,4181
12329,15290,314,107,33598,full_family_coverage,4182
4074,22097,201,213,42813,full_family_coverage,4183
2178,14271,70,254,17780,full_family_coverage,4184
8095,19444,33,238,7854,full_family_coverage,4185
20230,22144,92,102,9384,full_family_coverage,4186
5714,7784,138,334,46092,full_family_coverage,4187
6845,24922,87,100,8700,full_family_coverage,4188
7373,18185,154,160,24640,full_family_coverage,4189
5861,19403,200,73,14600,full_family_coverage,4190
2903,17871,987,104,102648,full_family_coverage,4191
15121,19590,61,305,18605,full_family_coverage,4192
9393,14457,107,201,21507,full_family_coverage,4193
7744,19255,406,163,66178,full_family_coverage,4194
3925,20223,203,61,12383,full_family_coverage,4195
6813,12015,28,110,3080,full_family_coverage,4196
11816,19074,72,134,9648,full_family_coverage,4197
5752,11330,135,155,20925,full_family_coverage,4198
14392,18524,130,388,50440,full_family_coverage,4199
5024,13943,181,472,85432,full_family_coverage,4200
604,15180,155,166,25730,full_family_coverage,4201
5349,11176,75,372,27900,full_family_coverage,4202
9104,11582,58,106,6148,full_family_coverage,4203
11737,12503,115,72,8280,full_family_coverage,4204
3231,22251,235,92,21620,full_family_coverage,4205
10623,17656,77,335,25795,full_family_coverage,4206
3793,20411,161,55,8855,full_family_coverage,4207
21466,24611,114,125,14250,full_family_coverage,4208
14894,16494,106,97,10282,full_family_coverage,4209
5095,15761,133,132,17556,full_family_coverage,4210
4725,9516,509,98,49882,full_family_coverage,4211
10761,15973,79,187,14773,full_family_coverage,4212
11044,15678,93,191,17763,full_family_coverage,4213
7427,19038,15,58,870,full_family_coverage,4214
12722,17877,128,35,4480,full_family_coverage,4215
11153,19258,203,200,40600,full_family_coverage,4216
9558,11246,270,81,21870,full_family_coverage,4217
6355,18134,114,110,12540,full_family_coverage,4218
15713,23781,117,75,8775,full_family_coverage,4219
583,20666,39,106,4134,full_family_coverage,4220
6903,22192,111,45,4995,full_family_coverage,4221
6734,7787,231,157,36267,full_family_coverage,4222
4410,23284,107,144,15408,full_family_coverage,4223
11338,12571,302,82,24764,full_family_coverage,4224
19619,21207,232,31,7192,full_family_coverage,4225
1519,3694,147,184,27048,full_family_coverage,4226
6012,18145,327,175,57225,full_family_coverage,4227
1887,11342,74,155,11470,full_family_coverage,4228
6258,15227,411,87,35757,full_family_coverage,4229
4709,7488,485,60,29100,full_family_coverage,4230
1997,25252,59,194,11446,full_family_coverage,4231
1626,6277,142,52,7384,full_family_coverage,4232
2445,15267,92,61,5612,full_family_coverage,4233
1636,23522,112,95,10640,full_family_coverage,4234
3740,20719,137,86,11782,full_family_coverage,4235
4517,19605,80,216,17280,full_family_coverage,4236
15079,22065,116,61,7076,full_family_coverage,4237
6496,14595,148,147,21756,full_family_coverage,4238
8137,9969,32,121,3872,full_family_coverage,4239
10660,11131,80,510,40800,full_family_coverage,4240
15643,23514,83,133,11039,full_family_coverage,4241
15095,20698,63,79,4977,full_family_coverage,4242
2502,16434,73,97,7081,full_family_coverage,4243
1926,12267,36,60,2160,full_family_coverage,4244
3431,6478,182,154,28028,full_family_coverage,4245
5463,13748,35,63,2205,full_family_coverage,4246
13904,22794,152,87,13224,full_family_coverage,4247
12402,24898,45,78,3510,full_family_coverage,4248
11406,11618,166,116,19256,full_family_coverage,4249
16562,24412,121,92,11132,full_family_coverage,4250
3047,23411,110,80,8800,full_family_coverage,4251
9473,16610,412,161,66332,full_family_coverage,4252
8961,13516,97,69,6693,full_family_coverage,4253
6250,20588,138,110,15180,full_family_coverage,4254
4304,23385,237,95,22515,full_family_coverage,4255
13643,15627,65,85,5525,full_family_coverage,4256
2323,16795,138,142,19596,full_family_coverage,4257
10107,21645,202,73,14746,full_family_coverage,4258
3994,16452,117,71,8307,full_family_coverage,4259
8948,24265,46,545,25070,full_family_coverage,4260
18775,22104,82,118,9676,full_family_coverage,4261
165,20915,102,196,19992,full_family_coverage,4262
13062,17360,99,25,2475,full_family_coverage,4263
9101,12557,23,137,3151,full_family_coverage,4264
4413,16373,92,115,10580,full_family_coverage,4265
13042,19689,84,93,7812,full_family_coverage,4266
3182,6485,35,75,2625,full_family_coverage,4267
4486,25129,121,36,4356,full_family_coverage,4268
9004,13856,116,230,26680,full_family_coverage,4269
9482,16725,110,50,5500,full_family_coverage,4270
164,16812,98,37,3626,full_family_coverage,4271
3171,12837,82,104,8528,full_family_coverage,4272
655,5574,62,177,10974,full_family_coverage,4273
11276,12660,65,105,6825,full_family_coverage,4274
6056,14162,73,213,15549,full_family_coverage,4275
6057,8123,260,170,44200,full_family_coverage,4276
11699,16473,135,46,6210,full_family_coverage,4277
14854,16922,166,62,10292,full_family_coverage,4278
7413,22264,32,100,3200,full_family_coverage,4279
45,684,52,59,3068,full_family_coverage,4280
15023,21722,139,132,18348,full_family_coverage,4281
15339,24591,104,87,9048,full_family_coverage,4282
1680,11117,199,189,37611,full_family_coverage,4283
14701,17864,413,37,15281,full_family_coverage,4284
8424,11968,101,108,10908,full_family_coverage,4285
7330,25015,142,95,13490,full_family_coverage,4286
3448,19472,367,108,39636,full_family_coverage,4287
5098,18820,754,646,487084,full_family_coverage,4288
12398,19372,52,210,10920,full_family_coverage,4289
7585,17775,5,94,470,full_family_coverage,4290
3449,4705,349,255,88995,full_family_coverage,4291
4364,10388,93,146,13578,full_family_coverage,4292
14038,22612,157,170,26690,full_family_coverage,4293
2037,9047,207,373,77211,full_family_coverage,4294
6997,14849,13,71,923,full_family_coverage,4295
2954,11850,116,258,29928,full_family_coverage,4296
19854,22276,81,212,17172,full_family_coverage,4297
7206,10695,206,60,12360,full_family_coverage,4298
16526,23641,81,50,4050,full_family_coverage,4299
17427,17801,113,138,15594,full_family_coverage,4300
7269,19636,1266,97,122802,full_family_coverage,4301
5166,17598,150,189,28350,full_family_coverage,4302
509,25509,81,127,10287,full_family_coverage,4303
440,7846,173,214,37022,full_family_coverage,4304
17614,22472,91,225,20475,full_family_coverage,4305
2403,18194,201,186,37386,full_family_coverage,4306
4146,11394,133,115,15295,full_family_coverage,4307
17930,24632,301,55,16555,full_family_coverage,4308
3940,16334,102,75,7650,full_family_coverage,4309
1314,3273,129,526,67854,full_family_coverage,4310
8856,21987,112,90,10080,full_family_coverage,4311
13279,16864,178,130,23140,full_family_coverage,4312
5938,11390,46,171,7866,full_family_coverage,4313
11263,22143,77,87,6699,full_family_coverage,4314
2614,21195,62,100,6200,full_family_coverage,4315
12920,24667,172,24,4128,full_family_coverage,4316
11209,13427,55,300,16500,full_family_coverage,4317
13615,16905,381,109,41529,full_family_coverage,4318
4831,19133,113,69,7797,full_family_coverage,4319
6638,10373,98,151,14798,full_family_coverage,4320
4759,25288,347,55,19085,full_family_coverage,4321
3716,22587,121,28,3388,full_family_coverage,4322
19958,24979,44,91,4004,full_family_coverage,4323
307,2087,210,178,37380,full_family_coverage,4324
8307,15402,116,90,10440,full_family_coverage,4325
15814,16252,48,101,4848,full_family_coverage,4326
2546,10368,70,95,6650,full_family_coverage,4327
176,22909,341,43,14663,full_family_coverage,4328
2827,4559,133,152,20216,full_family_coverage,4329
7819,24773,81,125,10125,full_family_coverage,4330
19082,19518,60,73,4380,full_family_coverage,4331
10076,19792,54,63,3402,full_family_coverage,4332
2814,4183,271,197,53387,full_family_coverage,4333
18592,23851,109,97,10573,full_family_coverage,4334
17057,21842,49,112,5488,full_family_coverage,4335
19077,24646,139,73,10147,full_family_coverage,4336
4480,8578,58,119,6902,full_family_coverage,4337
4948,15747,276,140,38640,full_family_coverage,4338
14343,22072,95,86,8170,full_family_coverage,4339
17696,19064,374,81,30294,full_family_coverage,4340
4918,19468,63,119,7497,full_family_coverage,4341
1868,25402,59,267,15753,full_family_coverage,4342
7759,19712,197,342,67374,full_family_coverage,4343
11970,17915,67,93,6231,full_family_coverage,4344
1417,4022,67,378,25326,full_family_coverage,4345
5964,15752,176,182,32032,full_family_coverage,4346
10524,11320,130,40,5200,full_family_coverage,4347
4943,17485,54,78,4212,full_family_coverage,4348
3300,12544,299,63,18837,full_family_coverage,4349
14142,22205,39,90,3510,full_family_coverage,4350
5970,14125,41,123,5043,full_family_coverage,4351
2531,15071,239,235,56165,full_family_coverage,4352
10620,22453,377,40,15080,full_family_coverage,4353
14195,19529,132,102,13464,full_family_coverage,4354
15609,15800,49,96,4704,full_family_coverage,4355
9297,13987,264,103,27192,full_family_coverage,4356
12749,18331,145,89,12905,full_family_coverage,4357
23426,25304,75,165,12375,full_family_coverage,4358
12671,16568,94,153,14382,full_family_coverage,4359
943,21279,89,59,5251,full_family_coverage,4360
134,9926,55,50,2750,full_family_coverage,4361
12978,14967,281,88,24728,full_family_coverage,4362
1987,8866,69,189,13041,full_family_coverage,4363
1041,11967,120,157,18840,full_family_coverage,4364
14927,23930,124,111,13764,full_family_coverage,4365
8308,22879,83,249,20667,full_family_coverage,4366
3087,17625,173,118,20414,full_family_coverage,4367
17293,20617,14,182,2548,full_family_coverage,4368
8376,20286,105,16,1680,full_family_coverage,4369
10102,14355,110,118,12980,full_family_coverage,4370
12974,16335,155,135,20925,full_family_coverage,4371
12044,17087,116,277,32132,full_family_coverage,4372
11022,23673,172,323,55556,full_family_coverage,4373
11773,19106,123,7,861,full_family_coverage,4374
12728,21514,84,47,3948,full_family_coverage,4375
2578,22796,54,52,2808,full_family_coverage,4376
1066,23932,116,1461,169476,full_family_coverage,4377
1793,3979,198,221,43758,full_family_coverage,4378
5419,19300,236,193,45548,full_family_coverage,4379
3393,21460,236,115,27140,full_family_coverage,4380
5530,18421,310,170,52700,full_family_coverage,4381
512,21432,167,77,12859,full_family_coverage,4382
16651,18486,120,387,46440,full_family_coverage,4383
3447,14208,142,109,15478,full_family_coverage,4384
2216,5553,108,172,18576,full_family_coverage,4385
383,7560,37,227,8399,full_family_coverage,4386
763,11567,235,21,4935,full_family_coverage,4387
2495,19006,54,114,6156,full_family_coverage,4388
19941,22525,135,379,51165,full_family_coverage,4389
350,17300,288,93,26784,full_family_coverage,4390
1370,11999,52,140,7280,full_family_coverage,4391
1060,17971,308,86,26488,full_family_coverage,4392
12455,22837,37,60,2220,full_family_coverage,4393
12629,18510,54,301,16254,full_family_coverage,4394
7423,22517,40,56,2240,full_family_coverage,4395
5476,21137,544,73,39712,full_family_coverage,4396
10686,22203,84,282,23688,full_family_coverage,4397
18341,19491,79,52,4108,full_family_coverage,4398
8364,22078,436,55,23980,full_family_coverage,4399
15353,16027,89,16,1424,full_family_coverage,4400
8830,18516,269,187,50303,full_family_coverage,4401
6558,19490,248,216,53568,full_family_coverage,4402
12077,17514,180,314,56520,full_family_coverage,4403
13113,17826,168,79,13272,full_family_coverage,4404
21088,23250,78,42,3276,full_family_coverage,4405
2314,6098,73,104,7592,full_family_coverage,4406
2918,3691,94,128,12032,full_family_coverage,4407
5948,15702,271,188,50948,full_family_coverage,4408
5134,9718,262,26,6812,full_family_coverage,4409
4104,4955,92,1065,97980,full_family_coverage,4410
3407,18806,171,146,24966,full_family_coverage,4411
2057,19029,93,74,6882,full_family_coverage,4412
1465,16186,310,93,28830,full_family_coverage,4413
11906,12994,155,188,29140,full_family_coverage,4414
17645,19675,121,247,29887,full_family_coverage,4415
5229,12082,22,128,2816,full_family_coverage,4416
2367,8507,137,62,8494,full_family_coverage,4417
15020,19274,300,204,61200,full_family_coverage,4418
8028,9577,141,278,39198,full_family_coverage,4419
316,18976,46,224,10304,full_family_coverage,4420
4740,15658,322,484,155848,full_family_coverage,4421
17178,17809,74,267,19758,full_family_coverage,4422
10290,23903,69,415,28635,full_family_coverage,4423
14650,21629,127,159,20193,full_family_coverage,4424
16015,23334,81,75,6075,full_family_coverage,4425
53,15690,127,136,17272,full_family_coverage,4426
1640,21349,23,76,1748,full_family_coverage,4427
16241,16949,72,103,7416,full_family_coverage,4428
12484,16734,26,299,7774,full_family_coverage,4429
14556,19962,130,115,14950,full_family_coverage,4430
14984,20274,129,355,45795,full_family_coverage,4431
10805,15724,68,146,9928,full_family_coverage,4432
10874,19252,90,126,11340,full_family_coverage,4433
14326,25239,678,80,54240,full_family_coverage,4434
10358,16833,92,123,11316,full_family_coverage,4435
1356,9410,72,108,7776,full_family_coverage,4436
9948,14428,143,109,15587,full_family_coverage,4437
10533,15569,73,528,38544,full_family_coverage,4438
12741,20804,53,106,5618,full_family_coverage,4439
15230,24598,117,316,36972,full_family_coverage,4440
5960,24125,508,74,37592,full_family_coverage,4441
21823,24875,63,20,1260,full_family_coverage,4442
11075,24361,145,120,17400,full_family_coverage,4443
8798,10336,31,175,5425,full_family_coverage,4444
5475,16908,43,100,4300,full_family_coverage,4445
3479,14717,266,85,22610,full_family_coverage,4446
4152,6142,239,115,27485,full_family_coverage,4447
22744,25337,186,84,15624,full_family_coverage,4448
12248,14705,118,82,9676,full_family_coverage,4449
1397,5519,116,126,14616,full_family_coverage,4450
4235,23520,47,73,3431,full_family_coverage,4451
10449,22295,230,320,73600,full_family_coverage,4452
6735,13888,149,265,39485,full_family_coverage,4453
1444,3640,384,202,77568,full_family_coverage,4454
9154,20831,69,174,12006,full_family_coverage,4455
8832,12870,165,306,50490,full_family_coverage,4456
18021,18464,127,56,7112,full_family_coverage,4457
3295,14675,546,206,112476,full_family_coverage,4458
3156,21118,177,320,56640,full_family_coverage,4459
2699,4545,59,319,18821,full_family_coverage,4460
20130,21562,101,246,24846,full_family_coverage,4461
11748,14886,98,50,4900,full_family_coverage,4462
8005,9146,150,314,47100,full_family_coverage,4463
2649,3510,141,1281,180621,full_family_coverage,4464
3700,24269,102,95,9690,full_family_coverage,4465
7939,13910,108,50,5400,full_family_coverage,4466
6758,23817,210,336,70560,full_family_coverage,4467
6161,9693,179,355,63545,full_family_coverage,4468
14233,24985,132,76,10032,full_family_coverage,4469
7957,11764,141,171,24111,full_family_coverage,4470
4019,8835,123,300,36900,full_family_coverage,4471
7459,12194,30,94,2820,full_family_coverage,4472
7727,13799,65,113,7345,full_family_coverage,4473
17627,24544,175,198,34650,full_family_coverage,4474
978,6447,40,159,6360,full_family_coverage,4475
9152,9281,58,59,3422,full_family_coverage,4476
1152,7145,288,219,63072,full_family_coverage,4477
15330,24718,123,126,15498,full_family_coverage,4478
11036,12619,102,267,27234,full_family_coverage,4479
20212,23978,122,419,51118,full_family_coverage,4480
9867,20185,70,136,9520,full_family_coverage,4481
2817,10147,343,161,55223,full_family_coverage,4482
11163,21873,260,45,11700,full_family_coverage,4483
2477,23163,237,49,11613,full_family_coverage,4484
7966,15241,59,183,10797,full_family_coverage,4485
668,1684,189,226,42714,full_family_coverage,4486
2514,12097,173,52,8996,full_family_coverage,4487
2858,22939,373,45,16785,full_family_coverage,4488
14517,23078,452,216,97632,full_family_coverage,4489
19000,23651,74,113,8362,full_family_coverage,4490
2059,8055,40,38,1520,full_family_coverage,4491
6798,24554,95,248,23560,full_family_coverage,4492
643,5789,157,68,10676,full_family_coverage,4493
18565,23065,108,17,1836,full_family_coverage,4494
15597,21109,24,164,3936,full_family_coverage,4495
14562,15127,156,202,31512,full_family_coverage,4496
4982,13752,122,146,17812,full_family_coverage,4497
3934,9254,166,189,31374,full_family_coverage,4498
6607,23575,66,395,26070,full_family_coverage,4499
760,3921,102,313,31926,full_family_coverage,4500
2145,18165,163,56,9128,full_family_coverage,4501
5882,10357,154,240,36960,full_family_coverage,4502
8389,25183,77,77,5929,full_family_coverage,4503
2113,8755,311,176,54736,full_family_coverage,4504
11989,18076,111,135,14985,full_family_coverage,4505
10183,19492,63,118,7434,full_family_coverage,4506
8402,17063,172,160,27520,full_family_coverage,4507
528,3597,176,175,30800,full_family_coverage,4508
7688,10302,126,395,49770,full_family_coverage,4509
8348,15546,225,200,45000,full_family_coverage,4510
15438,20222,130,69,8970,full_family_coverage,4511
1760,22497,266,94,25004,full_family_coverage,4512
15524,20329,95,115,10925,full_family_coverage,4513
3168,24764,249,70,17430,full_family_coverage,4514
2364,24072,163,134,21842,full_family_coverage,4515
8331,24015,104,22,2288,full_family_coverage,4516
22172,24161,90,49,4410,full_family_coverage,4517
6861,13351,166,44,7304,full_family_coverage,4518
16020,21292,61,73,4453,full_family_coverage,4519
18121,20664,90,146,13140,full_family_coverage,4520
2677,6737,64,114,7296,full_family_coverage,4521
13174,19269,42,168,7056,full_family_coverage,4522
16324,17480,53,134,7102,full_family_coverage,4523
6275,9561,162,272,44064,full_family_coverage,4524
14835,19353,60,127,7620,full_family_coverage,4525
10930,16861,109,130,14170,full_family_coverage,4526
22890,23777,78,155,12090,full_family_coverage,4527
15400,16360,224,58,12992,full_family_coverage,4528
12794,18654,94,210,19740,full_family_coverage,4529
7507,16139,329,205,67445,full_family_coverage,4530
3424,24581,90,422,37980,full_family_coverage,4531
2730,2781,128,447,57216,full_family_coverage,4532
3581,25208,102,154,15708,full_family_coverage,4533
11669,21033,68,184,12512,full_family_coverage,4534
7953,25082,109,146,15914,full_family_coverage,4535
5252,5331,167,175,29225,full_family_coverage,4536
10106,21865,37,165,6105,full_family_coverage,4537
9266,12721,178,25,4450,full_family_coverage,4538
2128,2922,161,328,52808,full_family_coverage,4539
251,5594,43,327,14061,full_family_coverage,4540
7988,8508,222,166,36852,full_family_coverage,4541
5426,7607,179,36,6444,full_family_coverage,4542
7003,13265,79,168,13272,full_family_coverage,4543
7262,11788,22,97,2134,full_family_coverage,4544
798,17467,193,34,6562,full_family_coverage,4545
7574,16848,49,139,6811,full_family_coverage,4546
11129,20288,104,36,3744,full_family_coverage,4547
12298,13895,190,52,9880,full_family_coverage,4548
13747,17189,174,88,15312,full_family_coverage,4549
5021,6391,355,189,67095,full_family_coverage,4550
1411,20700,104,115,11960,full_family_coverage,4551
974,5393,507,80,40560,full_family_coverage,4552
5418,22461,120,305,36600,full_family_coverage,4553
3216,13663,80,1413,113040,full_family_coverage,4554
6483,18176,213,115,24495,full_family_coverage,4555
2639,23836,154,92,14168,full_family_coverage,4556
1283,9037,37,97,3589,full_family_coverage,4557
17003,19938,110,133,14630,full_family_coverage,4558
11408,15753,318,287,91266,full_family_coverage,4559
5857,9445,31,244,7564,full_family_coverage,4560
727,1723,145,79,11455,full_family_coverage,4561
6469,13694,126,103,12978,full_family_coverage,4562
12417,21289,47,122,5734,full_family_coverage,4563
8156,20061,197,70,13790,full_family_coverage,4564
1000,22543,229,140,32060,full_family_coverage,4565
94,24502,18,85,1530,full_family_coverage,4566
4650,19981,30,45,1350,full_family_coverage,4567
5069,7798,48,87,4176,full_family_coverage,4568
1718,24463,205,305,62525,full_family_coverage,4569
1581,17916,116,55,6380,full_family_coverage,4570
11612,12988,127,23,2921,full_family_coverage,4571
1959,25120,398,454,180692,full_family_coverage,4572
5087,14666,77,125,9625,full_family_coverage,4573
5108,17995,133,332,44156,full_family_coverage,4574
7512,13469,22,88,1936,full_family_coverage,4575
14832,18523,233,126,29358,full_family_coverage,4576
15242,25398,124,248,30752,full_family_coverage,4577
20005,21066,540,76,41040,full_family_coverage,4578
8737,11917,609,66,40194,full_family_coverage,4579
3600,25236,70,79,5530,full_family_coverage,4580
2722,17043,289,88,25432,full_family_coverage,4581
4952,8946,51,120,6120,full_family_coverage,4582
4726,5012,406,75,30450,full_family_coverage,4583
17164,18888,41,37,1517,full_family_coverage,4584
10195,22522,62,99,6138,full_family_coverage,4585
5914,9655,458,231,105798,full_family_coverage,4586
2330,16749,45,58,2610,full_family_coverage,4587
7783,8047,40,407,16280,full_family_coverage,4588
3884,8920,266,480,127680,full_family_coverage,4589
2508,17171,288,97,27936,full_family_coverage,4590
2968,20129,101,289,29189,full_family_coverage,4591
11099,13090,80,69,5520,full_family_coverage,4592
3587,12275,142,48,6816,full_family_coverage,4593
15144,19906,304,201,61104,full_family_coverage,4594
10430,12222,72,47,3384,full_family_coverage,4595
8888,14642,106,126,13356,full_family_coverage,4596
14119,20433,279,49,13671,full_family_coverage,4597
5664,13486,79,63,4977,full_family_coverage,4598
6199,15711,67,105,7035,full_family_coverage,4599
16486,20696,156,93,14508,full_family_coverage,4600
8202,9497,328,173,56744,full_family_coverage,4601
4911,17093,181,115,20815,full_family_coverage,4602
10551,20811,39,126,4914,full_family_coverage,4603
2465,11599,448,142,63616,full_family_coverage,4604
4141,16617,141,163,22983,full_family_coverage,4605
2641,22904,64,73,4672,full_family_coverage,4606
19356,19392,124,290,35960,full_family_coverage,4607
15892,21697,125,149,18625,full_family_coverage,4608
19205,23880,99,164,16236,full_family_coverage,4609
14887,18416,30,115,3450,full_family_coverage,4610
3197,11509,204,29,5916,full_family_coverage,4611
2823,18541,390,53,20670,full_family_coverage,4612
4057,19819,205,171,35055,full_family_coverage,4613
11904,13358,43,86,3698,full_family_coverage,4614
5327,25212,241,264,63624,full_family_coverage,4615
9798,22926,34,176,5984,full_family_coverage,4616
18175,20656,193,67,12931,full_family_coverage,4617
10095,18303,106,136,14416,full_family_coverage,4618
21275,24841,57,54,3078,full_family_coverage,4619
10411,15317,80,244,19520,full_family_coverage,4620
22481,25325,39,105,4095,full_family_coverage,4621
15390,21601,183,60,10980,full_family_coverage,4622
1157,5116,137,416,56992,full_family_coverage,4623
10690,20124,161,81,13041,full_family_coverage,4624
2794,8140,85,173,14705,full_family_coverage,4625
5489,25360,140,227,31780,full_family_coverage,4626
1064,8183,276,85,23460,full_family_coverage,4627
411,2710,121,70,8470,full_family_coverage,4628
3436,12336,78,114,8892,full_family_coverage,4629
4230,6583,125,197,24625,full_family_coverage,4630
9452,14950,108,123,13284,full_family_coverage,4631
6113,18274,74,149,11026,full_family_coverage,4632
10883,24218,45,70,3150,full_family_coverage,4633
1221,11481,63,109,6867,full_family_coverage,4634
7573,25542,33,124,4092,full_family_coverage,4635
12187,14975,215,111,23865,full_family_coverage,4636
14839,15440,219,92,20148,full_family_coverage,4637
66,17426,105,79,8295,full_family_coverage,4638
838,18900,85,70,5950,full_family_coverage,4639
19515,20138,94,82,7708,full_family_coverage,4640
4294,9710,247,33,8151,full_family_coverage,4641
729,13938,431,703,302993,full_family_coverage,4642
15638,22745,60,343,20580,full_family_coverage,4643
3564,21205,49,40,1960,full_family_coverage,4644
3639,22672,50,100,5000,full_family_coverage,4645
5141,24610,207,80,16560,full_family_coverage,4646
190,5788,222,111,24642,full_family_coverage,4647
9001,20770,116,220,25520,full_family_coverage,4648
11240,17203,77,83,6391,full_family_coverage,4649
3078,12002,94,43,4042,full_family_coverage,4650
5730,12645,384,88,33792,full_family_coverage,4651
21534,21555,59,73,4307,full_family_coverage,4652
12349,14611,130,77,10010,full_family_coverage,4653
8355,16402,29,28,812,full_family_coverage,4654
2726,10071,120,115,13800,full_family_coverage,4655
14685,22089,25,71,1775,full_family_coverage,4656
11124,24700,939,156,146484,full_family_coverage,4657
856,11241,130,116,15080,full_family_coverage,4658
9316,16911,89,85,7565,full_family_coverage,4659
8484,19283,103,434,44702,full_family_coverage,4660
14265,15830,217,108,23436,full_family_coverage,4661
7250,24821,101,130,13130,full_family_coverage,4662
11939,18507,47,94,4418,full_family_coverage,4663
7278,24722,63,100,6300,full_family_coverage,4664
12135,17362,35,21,735,full_family_coverage,4665
2056,9720,122,10,1220,full_family_coverage,4666
14573,23887,133,48,6384,full_family_coverage,4667
2253,18432,259,179,46361,full_family_coverage,4668
35,19242,24,128,3072,full_family_coverage,4669
5731,8643,290,229,66410,full_family_coverage,4670
8204,25091,81,121,9801,full_family_coverage,4671
1191,4015,128,141,18048,full_family_coverage,4672
10960,19203,90,81,7290,full_family_coverage,4673
3873,14609,64,95,6080,full_family_coverage,4674
927,7291,114,238,27132,full_family_coverage,4675
2506,10185,269,73,19637,full_family_coverage,4676
7575,16782,100,168,16800,full_family_coverage,4677
1473,16992,205,37,7585,full_family_coverage,4678
13726,22883,32,124,3968,full_family_coverage,4679
843,24644,46,115,5290,full_family_coverage,4680
11769,23659,160,26,4160,full_family_coverage,4681
14585,21815,95,160,15200,full_family_coverage,4682
15009,15931,177,63,11151,full_family_coverage,4683
10793,14653,134,98,13132,full_family_coverage,4684
12233,20345,81,65,5265,full_family_coverage,4685
6786,25090,29,109,3161,full_family_coverage,4686
20997,22514,188,21,3948,full_family_coverage,4687
5854,13005,112,158,17696,full_family_coverage,4688
8722,15069,60,60,3600,full_family_coverage,4689
15520,25396,105,110,11550,full_family_coverage,4690
310,21393,41,129,5289,full_family_coverage,4691
6894,16984,134,41,5494,full_family_coverage,4692
194,5429,379,314,119006,full_family_coverage,4693
7606,20922,38,70,2660,full_family_coverage,4694
3916,10135,120,334,40080,full_family_coverage,4695
13034,15693,101,67,6767,full_family_coverage,4696
8467,10542,65,38,2470,full_family_coverage,4697
3429,15608,66,84,5544,full_family_coverage,4698
7071,19695,134,89,11926,full_family_coverage,4699
21271,23726,145,118,17110,full_family_coverage,4700
19655,20583,150,90,13500,full_family_coverage,4701
19406,20261,380,106,40280,full_family_coverage,4702
964,12692,137,79,10823,full_family_coverage,4703
16156,19187,88,237,20856,full_family_coverage,4704
7978,8618,143,56,8008,full_family_coverage,4705
5505,11448,79,136,10744,full_family_coverage,4706
222,6574,20,93,1860,full_family_coverage,4707
7629,10978,140,653,91420,full_family_coverage,4708
19083,22084,135,58,7830,full_family_coverage,4709
9319,17268,217,293,63581,full_family_coverage,4710
12683,17812,150,88,13200,full_family_coverage,4711
7794,19017,114,52,5928,full_family_coverage,4712
8767,17323,56,86,4816,full_family_coverage,4713
7241,19764,223,94,20962,full_family_coverage,4714
15350,23240,167,64,10688,full_family_coverage,4715
18434,23827,46,105,4830,full_family_coverage,4716
13988,21306,45,193,8685,full_family_coverage,4717
21609,24070,124,111,13764,full_family_coverage,4718
17382,24704,45,119,5355,full_family_coverage,4719
11741,16663,103,290,29870,full_family_coverage,4720
8346,17385,122,34,4148,full_family_coverage,4721
917,20802,267,178,47526,full_family_coverage,4722
1194,15875,140,109,15260,full_family_coverage,4723
6440,11801,188,153,28764,full_family_coverage,4724
13273,13301,53,259,13727,full_family_coverage,4725
9285,20055,133,108,14364,full_family_coverage,4726
8694,14063,147,383,56301,full_family_coverage,4727
5703,18440,178,471,83838,full_family_coverage,4728
4430,7280,81,176,14256,full_family_coverage,4729
10015,21754,136,84,11424,full_family_coverage,4730
8765,10963,285,535,152475,full_family_coverage,4731
848,17159,304,153,46512,full_family_coverage,4732
7490,18816,74,119,8806,full_family_coverage,4733
1404,3977,81,140,11340,full_family_coverage,4734
2497,22806,225,88,19800,full_family_coverage,4735
989,1725,57,91,5187,full_family_coverage,4736
9032,13344,207,236,48852,full_family_coverage,4737
6412,18618,45,560,25200,full_family_coverage,4738
16565,25147,155,290,44950,full_family_coverage,4739
1744,19963,126,317,39942,full_family_coverage,4740
2608,5199,62,382,23684,full_family_coverage,4741
8728,16010,18,23,414,full_family_coverage,4742
2100,23746,110,134,14740,full_family_coverage,4743
10957,20630,324,87,28188,full_family_coverage,4744
4363,5044,343,170,58310,full_family_coverage,4745
231,13518,98,67,6566,full_family_coverage,4746
567,20412,207,143,29601,full_family_coverage,4747
17046,23180,99,163,16137,full_family_coverage,4748
12612,14406,47,689,32383,full_family_coverage,4749
8903,23583,200,87,17400,full_family_coverage,4750
7877,13989,20,675,13500,full_family_coverage,4751
17135,25480,205,100,20500,full_family_coverage,4752
5479,12244,169,85,14365,full_family_coverage,4753
3777,12368,136,41,5576,full_family_coverage,4754
14089,25139,70,125,8750,full_family_coverage,4755
3896,5565,85,116,9860,full_family_coverage,4756
11798,19624,96,100,9600,full_family_coverage,4757
2982,19521,121,124,15004,full_family_coverage,4758
6656,17172,305,92,28060,full_family_coverage,4759
6415,8797,157,49,7693,full_family_coverage,4760
12353,19550,67,72,4824,full_family_coverage,4761
2560,3592,133,43,5719,full_family_coverage,4762
1660,24843,446,81,36126,full_family_coverage,4763
10384,19297,480,178,85440,full_family_coverage,4764
6627,19864,125,122,15250,full_family_coverage,4765
14264,14711,411,157,64527,full_family_coverage,4766
16941,17802,30,134,4020,full_family_coverage,4767
10257,12811,155,81,12555,full_family_coverage,4768
16849,21005,353,149,52597,full_family_coverage,4769
14803,21252,161,29,4669,full_family_coverage,4770
11776,12511,62,63,3906,full_family_coverage,4771
13711,23213,225,141,31725,full_family_coverage,4772
5595,8475,116,123,14268,full_family_coverage,4773
8481,24209,308,127,39116,full_family_coverage,4774
4562,11038,181,148,26788,full_family_coverage,4775
15381,16597,104,133,13832,full_family_coverage,4776
15300,23061,103,80,8240,full_family_coverage,4777
3545,22556,363,235,85305,full_family_coverage,4778
3194,4599,118,145,17110,full_family_coverage,4779
6078,7823,100,125,12500,full_family_coverage,4780
9151,21782,84,75,6300,full_family_coverage,4781
17819,19528,16,164,2624,full_family_coverage,4782
63,2478,329,84,27636,full_family_coverage,4783
870,5834,179,63,11277,full_family_coverage,4784
7204,23722,331,102,33762,full_family_coverage,4785
13582,22280,113,73,8249,full_family_coverage,4786
8808,17686,112,132,14784,full_family_coverage,4787
597,13195,115,32,3680,full_family_coverage,4788
7482,23561,53,200,10600,full_family_coverage,4789
65,18167,458,21,9618,full_family_coverage,4790
7438,23594,12,167,2004,full_family_coverage,4791
10327,11732,106,88,9328,full_family_coverage,4792
4170,7299,93,134,12462,full_family_coverage,4793
3599,21062,94,451,42394,full_family_coverage,4794
10272,15517,105,72,7560,full_family_coverage,4795
19929,22204,164,105,17220,full_family_coverage,4796
22545,22848,59,65,3835,full_family_coverage,4797
2071,9603,87,175,15225,full_family_coverage,4798
4103,23420,127,145,18415,full_family_coverage,4799
1374,11074,139,129,17931,full_family_coverage,4800
18929,19155,156,242,37752,full_family_coverage,4801
2680,10288,132,370,48840,full_family_coverage,4802
2834,9025,209,113,23617,full_family_coverage,4803
9746,16813,168,29,4872,full_family_coverage,4804
811,23617,49,98,4802,full_family_coverage,4805
21351,23067,106,310,32860,full_family_coverage,4806
10041,13492,136,171,23256,full_family_coverage,4807
758,23731,136,129,17544,full_family_coverage,4808
1627,9637,81,80,6480,full_family_coverage,4809
11913,25238,230,160,36800,full_family_coverage,4810
17226,20429,32,174,5568,full_family_coverage,4811
6666,7977,270,59,15930,full_family_coverage,4812
11062,11371,160,171,27360,full_family_coverage,4813
21389,22835,113,166,18758,full_family_coverage,4814
2298,17493,281,69,19389,full_family_coverage,4815
80,9124,281,98,27538,full_family_coverage,4816
18786,22140,110,100,11000,full_family_coverage,4817
9930,19616,113,79,8927,full_family_coverage,4818
1766,18096,211,67,14137,full_family_coverage,4819
10817,15936,262,481,126022,full_family_coverage,4820
14735,22557,78,159,12402,full_family_coverage,4821
16254,21606,82,260,21320,full_family_coverage,4822
13295,20038,47,158,7426,full_family_coverage,4823
1540,21648,307,208,63856,full_family_coverage,4824
5627,18793,52,132,6864,full_family_coverage,4825
8922,12746,78,54,4212,full_family_coverage,4826
9757,11577,21,310,6510,full_family_coverage,4827
1121,8851,206,143,29458,full_family_coverage,4828
13033,20605,40,360,14400,full_family_coverage,4829
14655,24044,137,154,21098,full_family_coverage,4830
12449,18838,52,396,20592,full_family_coverage,4831
3392,21716,232,87,20184,full_family_coverage,4832
9747,12472,30,41,1230,full_family_coverage,4833
4530,13800,65,88,5720,full_family_coverage,4834
13810,16379,101,83,8383,full_family_coverage,4835
13348,25223,161,339,54579,full_family_coverage,4836
197,12636,398,148,58904,full_family_coverage,4837
3702,9905,288,79,22752,full_family_coverage,4838
9166,11901,109,10,1090,full_family_coverage,4839
19916,20128,82,43,3526,full_family_coverage,4840
15603,19125,180,112,20160,full_family_coverage,4841
4680,17199,167,38,6346,full_family_coverage,4842
18697,22405,100,372,37200,full_family_coverage,4843
2464,7021,196,70,13720,full_family_coverage,4844
7868,11681,187,123,23001,full_family_coverage,4845
6815,20487,408,97,39576,full_family_coverage,4846
3451,24893,174,190,33060,full_family_coverage,4847
4313,23758,271,95,25745,full_family_coverage,4848
2606,19138,75,169,12675,full_family_coverage,4849
4619,15513,92,96,8832,full_family_coverage,4850
3498,22270,176,253,44528,full_family_coverage,4851
11872,15295,251,123,30873,full_family_coverage,4852
1372,19832,141,54,7614,full_family_coverage,4853
3678,15772,105,32,3360,full_family_coverage,4854
6428,17304,91,51,4641,full_family_coverage,4855
3480,20849,314,67,21038,full_family_coverage,4856
237,17068,107,104,11128,full_family_coverage,4857
423,23410,79,100,7900,full_family_coverage,4858
11693,20418,120,116,13920,full_family_coverage,4859
1656,13932,190,85,16150,full_family_coverage,4860
2120,5793,98,138,13524,full_family_coverage,4861
2077,4729,74,258,19092,full_family_coverage,4862
8306,17744,64,68,4352,full_family_coverage,4863
3825,22927,90,110,9900,full_family_coverage,4864
6351,15251,484,52,25168,full_family_coverage,4865
1860,14687,86,142,12212,full_family_coverage,4866
5371,14471,347,219,75993,full_family_coverage,4867
11697,16085,39,46,1794,full_family_coverage,4868
618,1396,37,430,15910,full_family_coverage,4869
3518,20732,541,137,74117,full_family_coverage,4870
5080,17973,60,36,2160,full_family_coverage,4871
10856,17731,1509,63,95067,full_family_coverage,4872
13294,22294,225,361,81225,full_family_coverage,4873
15587,16236,141,65,9165,full_family_coverage,4874
540,4098,231,692,159852,full_family_coverage,4875
9383,11020,96,51,4896,full_family_coverage,4876
14788,15641,182,326,59332,full_family_coverage,4877
7984,9011,70,300,21000,full_family_coverage,4878
8958,15551,37,87,3219,full_family_coverage,4879
3120,15972,220,183,40260,full_family_coverage,4880
15818,24911,86,55,4730,full_family_coverage,4881
1599,9248,75,110,8250,full_family_coverage,4882
1973,11334,270,257,69390,full_family_coverage,4883
10337,13066,95,72,6840,full_family_coverage,4884
5559,6002,98,87,8526,full_family_coverage,4885
4463,4921,47,53,2491,full_family_coverage,4886
17733,20981,39,120,4680,full_family_coverage,4887
22798,24991,489,494,241566,full_family_coverage,4888
21814,21830,70,125,8750,full_family_coverage,4889
1231,7695,596,244,145424,full_family_coverage,4890
9366,18382,352,762,268224,full_family_coverage,4891
8659,12737,89,207,18423,full_family_coverage,4892
2654,7788,111,106,11766,full_family_coverage,4893
7639,13603,321,97,31137,full_family_coverage,4894
9414,23110,168,117,19656,full_family_coverage,4895
11290,25491,299,36,10764,full_family_coverage,4896
2342,16422,33,198,6534,full_family_coverage,4897
18004,25112,142,57,8094,full_family_coverage,4898
7893,15080,670,72,48240,full_family_coverage,4899
19873,23719,55,36,1980,full_family_coverage,4900
4963,20898,144,160,23040,full_family_coverage,4901
10218,24175,61,87,5307,full_family_coverage,4902
6537,16268,39,55,2145,full_family_coverage,4903
7325,19896,413,56,23128,full_family_coverage,4904
3094,4154,156,279,43524,full_family_coverage,4905
11423,16356,213,145,30885,full_family_coverage,4906
12661,14313,132,122,16104,full_family_coverage,4907
20612,21536,121,33,3993,full_family_coverage,4908
938,10654,362,73,26426,full_family_coverage,4909
5094,7564,113,153,17289,full_family_coverage,4910
8158,22619,32,92,2944,full_family_coverage,4911
10405,14552,120,283,33960,full_family_coverage,4912
8530,20368,62,104,6448,full_family_coverage,4913
19847,25519,149,36,5364,full_family_coverage,4914
5040,13995,347,311,107917,full_family_coverage,4915
15306,22727,316,238,75208,full_family_coverage,4916
5562,25273,294,96,28224,full_family_coverage,4917
16482,21778,91,26,2366,full_family_coverage,4918
8747,16528,116,84,9744,full_family_coverage,4919
4957,10537,137,56,7672,full_family_coverage,4920
9140,17629,146,77,11242,full_family_coverage,4921
4765,20667,244,59,14396,full_family_coverage,4922
1443,16224,213,90,19170,full_family_coverage,4923
2881,24184,89,74,6586,full_family_coverage,4924
5102,10348,126,56,7056,full_family_coverage,4925
4308,25102,121,334,40414,full_family_coverage,4926
6285,15279,400,326,130400,full_family_coverage,4927
2279,15824,429,210,90090,full_family_coverage,4928
9424,11077,91,603,54873,full_family_coverage,4929
2455,7543,63,84,5292,full_family_coverage,4930
8253,13238,54,51,2754,full_family_coverage,4931
1083,22471,205,87,17835,full_family_coverage,4932
17375,25467,157,68,10676,full_family_coverage,4933
12297,13656,55,65,3575,full_family_coverage,4934
3660,25465,55,183,10065,full_family_coverage,4935
5137,25128,314,76,23864,full_family_coverage,4936
16018,24420,354,63,22302,full_family_coverage,4937
3752,13016,130,91,11830,full_family_coverage,4938
16740,19437,126,805,101430,full_family_coverage,4939
20701,22659,93,112,10416,full_family_coverage,4940
12942,15274,129,297,38313,full_family_coverage,4941
16692,20541,129,121,15609,full_family_coverage,4942
11016,11399,511,133,67963,full_family_coverage,4943
15151,23259,286,82,23452,full_family_coverage,4944
8839,23639,42,216,9072,full_family_coverage,4945
5342,8854,466,205,95530,full_family_coverage,4946
6438,6788,79,414,32706,full_family_coverage,4947
20715,24417,50,80,4000,full_family_coverage,4948
202,12915,87,76,6612,full_family_coverage,4949
5071,6939,92,143,13156,full_family_coverage,4950
10755,19011,80,127,10160,full_family_coverage,4951
9012,22316,183,353,64599,full_family_coverage,4952
19659,20285,218,66,14388,full_family_coverage,4953
17623,20936,67,63,4221,full_family_coverage,4954
3166,15173,125,221,27625,full_family_coverage,4955
12902,16361,196,147,28812,full_family_coverage,4956
17011,20731,78,85,6630,full_family_coverage,4957
18551,21400,101,195,19695,full_family_coverage,4958
11570,18996,110,64,7040,full_family_coverage,4959
12592,13355,56,140,7840,full_family_coverage,4960
680,22860,410,148,60680,full_family_coverage,4961
6500,22053,184,40,7360,full_family_coverage,4962
19240,25173,135,131,17685,full_family_coverage,4963
19196,24087,262,191,50042,full_family_coverage,4964
4243,11017,237,262,62094,full_family_coverage,4965
794,17434,55,59,3245,full_family_coverage,4966
14775,20382,151,107,16157,full_family_coverage,4967
17688,20546,91,699,63609,full_family_coverage,4968
10857,21724,165,37,6105,full_family_coverage,4969
18203,18238,36,76,2736,full_family_coverage,4970
144,3384,395,461,182095,full_family_coverage,4971
1212,4438,412,127,52324,full_family_coverage,4972
13247,21633,57,181,10317,full_family_coverage,4973
12514,22466,79,119,9401,full_family_coverage,4974
2832,12886,453,161,72933,full_family_coverage,4975
3904,7828,286,84,24024,full_family_coverage,4976
1691,25513,71,207,14697,full_family_coverage,4977
1059,23976,64,62,3968,full_family_coverage,4978
16337,24980,95,102,9690,full_family_coverage,4979
18302,20309,188,52,9776,full_family_coverage,4980
14610,20538,152,31,4712,full_family_coverage,4981
21103,22450,139,35,4865,full_family_coverage,4982
3102,20606,108,248,26784,full_family_coverage,4983
6554,16055,390,33,12870,full_family_coverage,4984
11204,14628,168,330,55440,full_family_coverage,4985
1255,24375,116,214,24824,full_family_coverage,4986
81,4850,447,235,105045,full_family_coverage,4987
11907,17028,279,110,30690,full_family_coverage,4988
2472,13666,139,40,5560,full_family_coverage,4989
942,17351,174,207,36018,full_family_coverage,4990
10254,20792,71,75,5325,full_family_coverage,4991
24311,25167,125,73,9125,full_family_coverage,4992
1237,20413,311,58,18038,full_family_coverage,4993
3517,21008,146,43,6278,full_family_coverage,4994
17850,23905,70,92,6440,full_family_coverage,4995
632,5825,61,153,9333,full_family_coverage,4996
16448,20933,60,73,4380,full_family_coverage,4997
10622,20093,75,69,5175,full_family_coverage,4998
7369,8698,26,978,25428,full_family_coverage,4999
5078,13862,154,117,18018,full_family_coverage,5000
12422,17069,44,211,9284,full_family_coverage,5001
11223,22931,172,289,49708,full_family_coverage,5002
7702,13208,61,51,3111,full_family_coverage,5003
5244,16404,58,41,2378,full_family_coverage,5004
8682,19043,94,291,27354,full_family_coverage,5005
1652,23353,334,89,29726,full_family_coverage,5006
17143,18137,32,89,2848,full_family_coverage,5007
22191,24031,83,120,9960,full_family_coverage,5008
4257,7479,241,50,12050,full_family_coverage,5009
385,17412,260,61,15860,full_family_coverage,5010
20566,21206,127,120,15240,full_family_coverage,5011
5745,15369,120,67,8040,full_family_coverage,5012
8672,17814,66,146,9636,full_family_coverage,5013
2324,8565,167,81,13527,full_family_coverage,5014
12817,16352,96,109,10464,full_family_coverage,5015
793,20470,95,70,6650,full_family_coverage,5016
5027,21748,140,105,14700,full_family_coverage,5017
9904,12677,60,26,1560,full_family_coverage,5018
5316,7207,160,125,20000,full_family_coverage,5019
4582,7980,190,75,14250,full_family_coverage,5020
4269,22975,126,158,19908,full_family_coverage,5021
15427,15510,151,318,48018,full_family_coverage,5022
15114,24770,133,68,9044,full_family_coverage,5023
20117,23915,99,155,15345,full_family_coverage,5024
697,15726,165,361,59565,full_family_coverage,5025
5662,8529,79,282,22278,full_family_coverage,5026
13239,17176,39,75,2925,full_family_coverage,5027
15278,21746,119,123,14637,full_family_coverage,5028
9498,11126,75,74,5550,full_family_coverage,5029
18499,24114,225,138,31050,full_family_coverage,5030
14634,23885,130,130,16900,full_family_coverage,5031
2301,22428,206,63,12978,full_family_coverage,5032
78,15912,128,286,36608,full_family_coverage,5033
75,9241,97,151,14647,full_family_coverage,5034
13326,15296,64,110,7040,full_family_coverage,5035
5806,11106,154,113,17402,full_family_coverage,5036
13405,22457,131,141,18471,full_family_coverage,5037
3206,6659,39,150,5850,full_family_coverage,5038
15258,22157,306,56,17136,full_family_coverage,5039
2272,15078,183,51,9333,full_family_coverage,5040
2174,6362,26,78,2028,full_family_coverage,5041
3048,10757,117,161,18837,full_family_coverage,5042
9681,20176,123,63,7749,full_family_coverage,5043
10140,21875,35,100,3500,full_family_coverage,5044
19418,19942,301,379,114079,full_family_coverage,5045
8191,13227,206,129,26574,full_family_coverage,5046
15456,23744,194,68,13192,full_family_coverage,5047
4791,10000,38,48,1824,full_family_coverage,5048
9859,12555,209,121,25289,full_family_coverage,5049
2573,8078,206,67,13802,full_family_coverage,5050
5550,20209,66,178,11748,full_family_coverage,5051
12364,19554,65,61,3965,full_family_coverage,5052
1649,10884,19,55,1045,full_family_coverage,5053
24965,25145,97,142,13774,full_family_coverage,5054
13317,22208,98,166,16268,full_family_coverage,5055
1061,24569,119,618,73542,full_family_coverage,5056
717,25381,1127,113,127351,full_family_coverage,5057
6408,24464,82,205,16810,full_family_coverage,5058
9066,16465,369,99,36531,full_family_coverage,5059
14198,18727,110,114,12540,full_family_coverage,5060
3629,8379,77,186,14322,full_family_coverage,5061
4654,23437,71,80,5680,full_family_coverage,5062
9183,13530,101,217,21917,full_family_coverage,5063
10359,19526,73,144,10512,full_family_coverage,5064
5925,12717,26,92,2392,full_family_coverage,5065
10964,24153,193,71,13703,full_family_coverage,5066
6764,17964,95,170,16150,full_family_coverage,5067
1611,14861,198,88,17424,full_family_coverage,5068
872,9048,394,153,60282,full_family_coverage,5069
9792,19238,95,104,9880,full_family_coverage,5070
23445,23946,181,158,28598,full_family_coverage,5071
5507,6793,43,135,5805,full_family_coverage,5072
7037,10904,54,77,4158,full_family_coverage,5073
14559,15354,252,302,76104,full_family_coverage,5074
9853,14821,67,64,4288,full_family_coverage,5075
3901,24868,170,115,19550,full_family_coverage,5076
7301,11433,417,199,82983,full_family_coverage,5077
8167,20113,91,120,10920,full_family_coverage,5078
4900,16993,113,90,10170,full_family_coverage,5079
6822,15694,433,151,65383,full_family_coverage,5080
19662,22519,214,99,21186,full_family_coverage,5081
2300,6596,170,236,40120,full_family_coverage,5082
11301,17787,34,97,3298,full_family_coverage,5083
11654,15433,184,97,17848,full_family_coverage,5084
13206,21476,110,43,4730,full_family_coverage,5085
6611,13490,92,52,4784,full_family_coverage,5086
21781,21866,8,95,760,full_family_coverage,5087
4086,5391,186,103,19158,full_family_coverage,5088
627,19993,122,93,11346,full_family_coverage,5089
6191,12160,177,76,13452,full_family_coverage,5090
4748,25010,226,50,11300,full_family_coverage,5091
940,23107,483,125,60375,full_family_coverage,5092
9324,9752,205,666,136530,full_family_coverage,5093
13554,20155,52,112,5824,full_family_coverage,5094
19382,25452,117,123,14391,full_family_coverage,5095
9815,12885,32,93,2976,full_family_coverage,5096
5982,6105,177,37,6549,full_family_coverage,5097
4899,17250,136,71,9656,full_family_coverage,5098
19845,20903,308,50,15400,full_family_coverage,5099
12125,13210,49,59,2891,full_family_coverage,5100
11964,24419,85,121,10285,full_family_coverage,5101
252,19920,237,46,10902,full_family_coverage,5102
1021,25369,343,71,24353,full_family_coverage,5103
9902,18422,70,135,9450,full_family_coverage,5104
1928,17453,46,80,3680,full_family_coverage,5105
10991,21154,171,91,15561,full_family_coverage,5106
9759,25135,115,166,19090,full_family_coverage,5107
2221,18803,179,119,21301,full_family_coverage,5108
2586,7428,153,36,5508,full_family_coverage,5109
20550,24816,91,366,33306,full_family_coverage,5110
10253,14401,34,567,19278,full_family_coverage,5111
5739,12183,205,126,25830,full_family_coverage,5112
8562,23635,92,66,6072,full_family_coverage,5113
8546,20364,85,126,10710,full_family_coverage,5114
16548,22166,70,61,4270,full_family_coverage,5115
13390,17555,302,49,14798,full_family_coverage,5116
6448,13319,119,139,16541,full_family_coverage,5117
6474,15248,207,122,25254,full_family_coverage,5118
2568,15482,292,93,27156,full_family_coverage,5119
18082,25094,52,332,17264,full_family_coverage,5120
9988,23961,87,148,12876,full_family_coverage,5121
21776,23717,84,125,10500,full_family_coverage,5122
7425,18287,402,108,43416,full_family_coverage,5123
132,7042,511,77,39347,full_family_coverage,5124
16177,20911,143,98,14014,full_family_coverage,5125
17756,24668,99,100,9900,full_family_coverage,5126
11524,18286,19,76,1444,full_family_coverage,5127
9463,11656,88,105,9240,full_family_coverage,5128
8479,23658,277,119,32963,full_family_coverage,5129
7968,21326,250,54,13500,full_family_coverage,5130
8595,23863,244,239,58316,full_family_coverage,5131
3150,10372,281,192,53952,full_family_coverage,5132
8328,15202,68,68,4624,full_family_coverage,5133
2522,4273,170,194,32980,full_family_coverage,5134
4810,12230,246,82,20172,full_family_coverage,5135
19178,23030,229,166,38014,full_family_coverage,5136
1209,9056,159,278,44202,full_family_coverage,5137
15246,16500,112,88,9856,full_family_coverage,5138
14587,16292,118,39,4602,full_family_coverage,5139
16481,19025,90,105,9450,full_family_coverage,5140
5068,12344,781,319,249139,full_family_coverage,5141
7529,17238,52,70,3640,full_family_coverage,5142
2571,8457,242,162,39204,full_family_coverage,5143
3635,20273,71,41,2911,full_family_coverage,5144
15778,18367,131,704,92224,full_family_coverage,5145
20998,22217,77,105,8085,full_family_coverage,5146
6924,12930,133,64,8512,full_family_coverage,5147
4531,6653,96,118,11328,full_family_coverage,5148
13454,20987,49,104,5096,full_family_coverage,5149
12385,20609,136,270,36720,full_family_coverage,5150
6205,24820,91,354,32214,full_family_coverage,5151
9683,19214,452,84,37968,full_family_coverage,5152
5348,22489,345,134,46230,full_family_coverage,5153
19289,19585,150,137,20550,full_family_coverage,5154
7102,16054,90,57,5130,full_family_coverage,5155
2503,10300,150,54,8100,full_family_coverage,5156
2485,3614,116,158,18328,full_family_coverage,5157
14145,21086,89,58,5162,full_family_coverage,5158
17952,20683,78,83,6474,full_family_coverage,5159
6262,15915,245,55,13475,full_family_coverage,5160
2570,20830,177,40,7080,full_family_coverage,5161
7937,17484,343,121,41503,full_family_coverage,5162
14323,21795,131,47,6157,full_family_coverage,5163
2528,8420,39,201,7839,full_family_coverage,5164
2081,17685,241,138,33258,full_family_coverage,5165
3082,17832,429,130,55770,full_family_coverage,5166
8067,19954,159,141,22419,full_family_coverage,5167
3193,13793,189,113,21357,full_family_coverage,5168
3401,7495,86,63,5418,full_family_coverage,5169
19594,22849,113,55,6215,full_family_coverage,5170
7577,17295,94,41,3854,full_family_coverage,5171
28,18358,223,239,53297,full_family_coverage,5172
3258,24955,113,95,10735,full_family_coverage,5173
5989,20000,267,138,36846,full_family_coverage,5174
4718,16108,126,84,10584,full_family_coverage,5175
8491,11530,86,78,6708,full_family_coverage,5176
3208,25018,81,52,4212,full_family_coverage,5177
3091,18006,154,86,13244,full_family_coverage,5178
11082,15542,98,39,3822,full_family_coverage,5179
16233,20924,69,85,5865,full_family_coverage,5180
20208,22365,33,60,1980,full_family_coverage,5181
6070,16387,203,49,9947,full_family_coverage,5182
10137,12758,51,179,9129,full_family_coverage,5183
2632,20459,63,262,16506,full_family_coverage,5184
5145,16075,362,204,73848,full_family_coverage,5185
7175,21852,186,195,36270,full_family_coverage,5186
17628,24829,93,118,10974,full_family_coverage,5187
17829,18361,74,293,21682,full_family_coverage,5188
4842,5866,115,183,21045,full_family_coverage,5189
2073,15819,212,173,36676,full_family_coverage,5190
13269,13328,1108,87,96396,full_family_coverage,5191
6169,8611,138,247,34086,full_family_coverage,5192
14778,24177,265,131,34715,full_family_coverage,5193
23518,25293,90,60,5400,full_family_coverage,5194
14737,24807,376,46,17296,full_family_coverage,5195
10235,21036,129,138,17802,full_family_coverage,5196
18162,19729,113,124,14012,full_family_coverage,5197
4044,6282,45,170,7650,full_family_coverage,5198
3585,13821,228,111,25308,full_family_coverage,5199
3882,19677,293,90,26370,full_family_coverage,5200
8361,14671,107,643,68801,full_family_coverage,5201
3336,21726,162,98,15876,full_family_coverage,5202
12763,21072,161,57,9177,full_family_coverage,5203
17478,20618,105,38,3990,full_family_coverage,5204
11411,22834,107,71,7597,full_family_coverage,5205
18135,23790,173,96,16608,full_family_coverage,5206
2481,21745,214,86,18404,full_family_coverage,5207
1880,2904,124,480,59520,full_family_coverage,5208
15410,21180,77,75,5775,full_family_coverage,5209
12109,20729,212,467,99004,full_family_coverage,5210
8378,20385,83,24,1992,full_family_coverage,5211
14953,18356,138,168,23184,full_family_coverage,5212
6432,15236,29,84,2436,full_family_coverage,5213
9364,11703,195,50,9750,full_family_coverage,5214
13570,14836,112,184,20608,full_family_coverage,5215
6067,17145,68,115,7820,full_family_coverage,5216
6141,7082,164,120,19680,full_family_coverage,5217
13482,20442,51,61,3111,full_family_coverage,5218
15466,19985,38,93,3534,full_family_coverage,5219
17769,22516,118,65,7670,full_family_coverage,5220
13368,13971,205,162,33210,full_family_coverage,5221
16620,17091,400,122,48800,full_family_coverage,5222
20495,21638,99,119,11781,full_family_coverage,5223
15441,19384,152,158,24016,full_family_coverage,5224
17451,18492,22,214,4708,full_family_coverage,5225
16145,25279,46,188,8648,full_family_coverage,5226
17060,20255,103,56,5768,full_family_coverage,5227
4894,12542,73,21,1533,full_family_coverage,5228
12508,15770,276,43,11868,full_family_coverage,5229
19570,24748,66,90,5940,full_family_coverage,5230
17217,22523,77,89,6853,full_family_coverage,5231
5541,24674,66,121,7986,full_family_coverage,5232
8179,20116,30,50,1500,full_family_coverage,5233
4163,22390,106,61,6466,full_family_coverage,5234
22133,22141,37,156,5772,full_family_coverage,5235
16428,24500,52,75,3900,full_family_coverage,5236
15213,20291,260,30,7800,full_family_coverage,5237
17509,18255,41,118,4838,full_family_coverage,5238
1864,4520,114,312,35568,full_family_coverage,5239
2175,17326,52,367,19084,full_family_coverage,5240
3984,24844,157,89,13973,full_family_coverage,5241
9157,19357,182,573,104286,full_family_coverage,5242
18844,24173,129,107,13803,full_family_coverage,5243
4511,9404,50,82,4100,full_family_coverage,5244
16457,25514,69,126,8694,full_family_coverage,5245
15057,19723,46,140,6440,full_family_coverage,5246
23638,24123,202,170,34340,full_family_coverage,5247
5901,9836,224,71,15904,full_family_coverage,5248
4316,11013,117,461,53937,full_family_coverage,5249
10887,11268,102,204,20808,full_family_coverage,5250
7047,21711,163,49,7987,full_family_coverage,5251
4237,24740,64,126,8064,full_family_coverage,5252
22212,23185,150,189,28350,full_family_coverage,5253
114,7626,186,103,19158,full_family_coverage,5254
3956,11486,134,62,8308,full_family_coverage,5255
7000,13986,180,136,24480,full_family_coverage,5256
1135,12923,53,73,3869,full_family_coverage,5257
816,21926,180,165,29700,full_family_coverage,5258
5842,9390,312,101,31512,full_family_coverage,5259
11294,18211,137,154,21098,full_family_coverage,5260
20497,21924,208,95,19760,full_family_coverage,5261
4204,10727,186,29,5394,full_family_coverage,5262
5101,20134,60,60,3600,full_family_coverage,5263
6513,16640,87,100,8700,full_family_coverage,5264
16522,23853,72,184,13248,full_family_coverage,5265
18794,24905,78,89,6942,full_family_coverage,5266
1714,14333,326,178,58028,full_family_coverage,5267
18970,21718,223,23,5129,full_family_coverage,5268
16168,24795,121,77,9317,full_family_coverage,5269
1482,4084,134,446,59764,full_family_coverage,5270
464,5710,242,75,18150,full_family_coverage,5271
7199,9842,135,100,13500,full_family_coverage,5272
4823,16745,77,119,9163,full_family_coverage,5273
11161,19128,178,185,32930,full_family_coverage,5274
8784,16628,145,127,18415,full_family_coverage,5275
15338,16887,158,104,16432,full_family_coverage,5276
5841,18277,122,96,11712,full_family_coverage,5277
1911,22697,84,273,22932,full_family_coverage,5278
18482,22306,205,141,28905,full_family_coverage,5279
8089,16132,69,315,21735,full_family_coverage,5280
14790,24607,93,35,3255,full_family_coverage,5281
6565,22864,238,49,11662,full_family_coverage,5282
9816,15398,250,184,46000,full_family_coverage,5283
7544,8846,53,59,3127,full_family_coverage,5284
9062,13343,364,36,13104,full_family_coverage,5285
7808,17342,53,251,13303,full_family_coverage,5286
16330,18150,214,223,47722,full_family_coverage,5287
5759,16530,37,66,2442,full_family_coverage,5288
14257,21561,247,69,17043,full_family_coverage,5289
7171,12850,50,156,7800,full_family_coverage,5290
9091,18072,181,125,22625,full_family_coverage,5291
12583,16210,76,126,9576,full_family_coverage,5292
23511,25427,40,128,5120,full_family_coverage,5293
6617,7800,556,155,86180,full_family_coverage,5294
3699,12098,117,41,4797,full_family_coverage,5295
18488,18906,340,75,25500,full_family_coverage,5296
8840,18717,225,149,33525,full_family_coverage,5297
17897,20123,180,57,10260,full_family_coverage,5298
21181,25260,125,77,9625,full_family_coverage,5299
7092,18669,112,64,7168,full_family_coverage,5300
10879,20493,117,113,13221,full_family_coverage,5301
3181,20161,97,92,8924,full_family_coverage,5302
19024,20178,92,332,30544,full_family_coverage,5303
3506,23754,140,110,15400,full_family_coverage,5304
6267,23375,194,317,61498,full_family_coverage,5305
6269,10027,59,104,6136,full_family_coverage,5306
9714,20576,276,62,17112,full_family_coverage,5307
4919,13961,161,167,26887,full_family_coverage,5308
10818,17580,56,23,1288,full_family_coverage,5309
7435,24364,25,80,2000,full_family_coverage,5310
8663,11704,109,38,4142,full_family_coverage,5311
1,18292,241,173,41693,full_family_coverage,5312
11380,14026,386,128,49408,full_family_coverage,5313
5706,15215,186,38,7068,full_family_coverage,5314
17050,19654,28,118,3304,full_family_coverage,5315
17770,19907,130,69,8970,full_family_coverage,5316
20829,22679,90,293,26370,full_family_coverage,5317
217,12341,712,85,60520,full_family_coverage,5318
6540,15501,171,85,14535,full_family_coverage,5319
4391,8514,193,97,18721,full_family_coverage,5320
10180,23842,239,248,59272,full_family_coverage,5321
10571,22363,45,84,3780,full_family_coverage,5322
10119,17391,46,133,6118,full_family_coverage,5323
1307,1666,127,69,8763,full_family_coverage,5324
22626,25512,349,56,19544,full_family_coverage,5325
7886,8742,217,153,33201,full_family_coverage,5326
2731,12846,61,147,8967,full_family_coverage,5327
5208,6331,101,128,12928,full_family_coverage,5328
21923,25489,44,20,880,full_family_coverage,5329
3256,24716,481,207,99567,full_family_coverage,5330
12587,12635,140,157,21980,full_family_coverage,5331
19668,24983,182,70,12740,full_family_coverage,5332
18431,22124,285,92,26220,full_family_coverage,5333
850,16828,57,123,7011,full_family_coverage,5334
9020,15345,359,98,35182,full_family_coverage,5335
11089,16181,52,80,4160,full_family_coverage,5336
3723,19140,77,433,33341,full_family_coverage,5337
13732,20435,434,89,38626,full_family_coverage,5338
18470,22127,432,150,64800,full_family_coverage,5339
4374,8358,1212,99,119988,full_family_coverage,5340
13950,18907,149,212,31588,full_family_coverage,5341
1678,8714,184,173,31832,full_family_coverage,5342
12523,21963,35,42,1470,full_family_coverage,5343
1892,14982,86,94,8084,full_family_coverage,5344
2744,24255,155,120,18600,full_family_coverage,5345
2985,18070,387,101,39087,full_family_coverage,5346
16877,23174,112,89,9968,full_family_coverage,5347
6936,19762,206,241,49646,full_family_coverage,5348
12011,14153,177,87,15399,full_family_coverage,5349
971,21707,74,121,8954,full_family_coverage,5350
23149,23276,68,69,4692,full_family_coverage,5351
2256,16670,423,163,68949,full_family_coverage,5352
9620,22030,137,95,13015,full_family_coverage,5353
3471,17765,116,121,14036,full_family_coverage,5354
8653,10199,92,116,10672,full_family_coverage,5355
9453,15089,263,225,59175,full_family_coverage,5356
10601,14483,69,38,2622,full_family_coverage,5357
16195,19503,176,144,25344,full_family_coverage,5358
23339,24298,47,179,8413,full_family_coverage,5359
7056,8543,130,32,4160,full_family_coverage,5360
2666,15269,79,109,8611,full_family_coverage,5361
23578,24978,111,165,18315,full_family_coverage,5362
7561,20170,18,227,4086,full_family_coverage,5363
14858,22056,101,78,7878,full_family_coverage,5364
8550,18453,193,559,107887,full_family_coverage,5365
3172,19386,198,183,36234,full_family_coverage,5366
244,22665,300,154,46200,full_family_coverage,5367
8811,12667,317,101,32017,full_family_coverage,5368
7641,11247,65,39,2535,full_family_coverage,5369
370,1070,96,311,29856,full_family_coverage,5370
8063,12573,146,91,13286,full_family_coverage,5371
15028,17606,58,117,6786,full_family_coverage,5372
16265,24961,65,100,6500,full_family_coverage,5373
3711,24601,43,99,4257,full_family_coverage,5374
7476,23656,38,222,8436,full_family_coverage,5375
20619,23392,69,197,13593,full_family_coverage,5376
170,12328,167,70,11690,full_family_coverage,5377
6318,6384,62,178,11036,full_family_coverage,5378
5351,15639,27,347,9369,full_family_coverage,5379
11762,11898,72,233,16776,full_family_coverage,5380
14497,14794,154,87,13398,full_family_coverage,5381
24408,24938,74,49,3626,full_family_coverage,5382
4338,22091,145,49,7105,full_family_coverage,5383
9734,23120,79,122,9638,full_family_coverage,5384
1275,10562,41,67,2747,full_family_coverage,5385
7854,19439,294,804,236376,full_family_coverage,5386
9887,16904,81,141,11421,full_family_coverage,5387
9286,19058,86,112,9632,full_family_coverage,5388
16012,17810,164,158,25912,full_family_coverage,5389
6388,11978,50,726,36300,full_family_coverage,5390
2766,5681,259,238,61642,full_family_coverage,5391
20468,25428,115,120,13800,full_family_coverage,5392
5619,5937,317,109,34553,full_family_coverage,5393
8758,25285,131,249,32619,full_family_coverage,5394
19834,20716,176,88,15488,full_family_coverage,5395
8837,13092,226,277,62602,full_family_coverage,5396
845,24666,163,93,15159,full_family_coverage,5397
1215,2400,102,217,22134,full_family_coverage,5398
8013,24240,267,161,42987,full_family_coverage,5399
5637,18427,114,588,67032,full_family_coverage,5400
11490,17444,846,112,94752,full_family_coverage,5401
9967,12595,425,421,178925,full_family_coverage,5402
7058,20652,97,101,9797,full_family_coverage,5403
330,1823,77,88,6776,full_family_coverage,5404
10783,23662,273,189,51597,full_family_coverage,5405
14100,21919,87,81,7047,full_family_coverage,5406
7350,20232,122,87,10614,full_family_coverage,5407
7105,22889,254,70,17780,full_family_coverage,5408
6885,8267,70,69,4830,full_family_coverage,5409
4500,14019,77,275,21175,full_family_coverage,5410
14961,22279,56,209,11704,full_family_coverage,5411
6367,24475,278,71,19738,full_family_coverage,5412
22216,24122,85,330,28050,full_family_coverage,5413
12596,20068,158,159,25122,full_family_coverage,5414
15920,16936,262,28,7336,full_family_coverage,5415
11672,24350,96,127,12192,full_family_coverage,5416
1335,14703,115,177,20355,full_family_coverage,5417
5920,20464,118,136,16048,full_family_coverage,5418
9919,14560,56,132,7392,full_family_coverage,5419
6771,22340,189,38,7182,full_family_coverage,5420
4647,22911,83,71,5893,full_family_coverage,5421
20608,24789,192,191,36672,full_family_coverage,5422
3212,5895,134,207,27738,full_family_coverage,5423
14207,21165,145,217,31465,full_family_coverage,5424
10985,23035,648,101,65448,full_family_coverage,5425
3580,10114,239,65,15535,full_family_coverage,5426
1241,24477,408,27,11016,full_family_coverage,5427
23799,24732,19,344,6536,full_family_coverage,5428
2652,17705,58,215,12470,full_family_coverage,5429
10259,12466,223,194,43262,full_family_coverage,5430
612,19388,138,135,18630,full_family_coverage,5431
11564,12421,89,308,27412,full_family_coverage,5432
18633,22332,243,205,49815,full_family_coverage,5433
16923,25170,100,150,15000,full_family_coverage,5434
7975,12590,131,122,15982,full_family_coverage,5435
4358,16798,81,50,4050,full_family_coverage,5436
10346,12948,82,349,28618,full_family_coverage,5437
22028,23711,118,114,13452,full_family_coverage,5438
4633,22966,113,231,26103,full_family_coverage,5439
11543,13933,114,403,45942,full_family_coverage,5440
3009,15240,36,113,4068,full_family_coverage,5441
13543,21682,92,148,13616,full_family_coverage,5442
10862,16003,81,106,8586,full_family_coverage,5443
22639,25496,65,71,4615,full_family_coverage,5444
2924,21981,317,96,30432,full_family_coverage,5445
2949,16900,249,73,18177,full_family_coverage,5446
19395,21343,198,27,5346,full_family_coverage,5447
3929,18531,51,68,3468,full_family_coverage,5448
18504,22895,213,81,17253,full_family_coverage,5449
9576,11453,64,901,57664,full_family_coverage,5450
18289,23795,134,74,9916,full_family_coverage,5451
3426,5528,20,232,4640,full_family_coverage,5452
16462,18323,55,292,16060,full_family_coverage,5453
5956,9663,35,207,7245,full_family_coverage,5454
4981,16116,272,116,31552,full_family_coverage,5455
2217,16148,165,126,20790,full_family_coverage,5456
8469,23171,65,64,4160,full_family_coverage,5457
5654,19436,171,224,38304,full_family_coverage,5458
16929,23794,68,71,4828,full_family_coverage,5459
3832,22112,201,85,17085,full_family_coverage,5460
12371,13076,54,49,2646,full_family_coverage,5461
416,13035,310,160,49600,full_family_coverage,5462
15672,17346,181,28,5068,full_family_coverage,5463
10935,25328,96,66,6336,full_family_coverage,5464
18,6603,97,30,2910,full_family_coverage,5465
1407,8327,88,64,5632,full_family_coverage,5466
6634,8037,112,54,6048,full_family_coverage,5467
11128,18730,163,129,21027,full_family_coverage,5468
7057,24353,77,75,5775,full_family_coverage,5469
3292,15072,250,120,30000,full_family_coverage,5470
4561,9312,197,372,73284,full_family_coverage,5471
8614,21799,136,161,21896,full_family_coverage,5472
22987,25110,188,55,10340,full_family_coverage,5473
6136,6865,316,137,43292,full_family_coverage,5474
186,17193,146,79,11534,full_family_coverage,5475
2513,23622,640,161,103040,full_family_coverage,5476
4544,5456,485,113,54805,full_family_coverage,5477
5609,14859,288,162,46656,full_family_coverage,5478
22924,23483,97,111,10767,full_family_coverage,5479
4356,6482,70,208,14560,full_family_coverage,5480
8464,11862,95,56,5320,full_family_coverage,5481
10466,15985,230,113,25990,full_family_coverage,5482
1557,15129,154,158,24332,full_family_coverage,5483
9293,20917,484,48,23232,full_family_coverage,5484
27,2891,88,501,44088,full_family_coverage,5485
934,7414,224,36,8064,full_family_coverage,5486
11598,22308,151,56,8456,full_family_coverage,5487
4076,7531,136,236,32096,full_family_coverage,5488
9307,17962,129,70,9030,full_family_coverage,5489
17639,22183,80,234,18720,full_family_coverage,5490
7516,22581,41,111,4551,full_family_coverage,5491
9153,23567,47,61,2867,full_family_coverage,5492
3472,12914,49,90,4410,full_family_coverage,5493
2412,10955,145,264,38280,full_family_coverage,5494
3670,14568,240,118,28320,full_family_coverage,5495
1739,6531,30,128,3840,full_family_coverage,5496
1011,15467,105,139,14595,full_family_coverage,5497
10555,24835,28,317,8876,full_family_coverage,5498
11450,15364,377,179,67483,full_family_coverage,5499
24677,25426,105,131,13755,full_family_coverage,5500
6580,10142,85,46,3910,full_family_coverage,5501
8657,14231,238,84,19992,full_family_coverage,5502
5985,11498,409,279,114111,full_family_coverage,5503
1644,11554,84,87,7308,full_family_coverage,5504
18001,22087,175,70,12250,full_family_coverage,5505
1546,5122,99,320,31680,full_family_coverage,5506
6716,20523,148,46,6808,full_family_coverage,5507
2370,11457,54,40,2160,full_family_coverage,5508
10602,25521,154,89,13706,full_family_coverage,5509
3104,21874,232,94,21808,full_family_coverage,5510
7176,7205,127,117,14859,full_family_coverage,5511
6422,22625,158,95,15010,full_family_coverage,5512
17020,17672,69,211,14559,full_family_coverage,5513
4598,14758,75,255,19125,full_family_coverage,5514
21730,24222,140,147,20580,full_family_coverage,5515
823,5417,285,243,69255,full_family_coverage,5516
12208,23776,91,159,14469,full_family_coverage,5517
22069,23018,93,43,3999,full_family_coverage,5518
13397,17024,63,45,2835,full_family_coverage,5519
11605,25241,28,119,3332,full_family_coverage,5520
12841,25088,90,99,8910,full_family_coverage,5521
11707,17520,101,97,9797,full_family_coverage,5522
7572,19210,224,132,29568,full_family_coverage,5523
16930,19996,63,242,15246,full_family_coverage,5524
1512,5912,39,102,3978,full_family_coverage,5525
13781,15446,236,259,61124,full_family_coverage,5526
10712,16577,148,277,40996,full_family_coverage,5527
1013,23497,205,74,15170,full_family_coverage,5528
13012,21525,593,284,168412,full_family_coverage,5529
1796,6806,161,289,46529,full_family_coverage,5530
18503,19648,108,86,9288,full_family_coverage,5531
3649,22060,78,220,17160,full_family_coverage,5532
651,8549,457,78,35646,full_family_coverage,5533
3742,16896,130,115,14950,full_family_coverage,5534
3985,20350,50,195,9750,full_family_coverage,5535
1852,23824,116,93,10788,full_family_coverage,5536
6036,16007,171,142,24282,full_family_coverage,5537
121,11315,256,74,18944,full_family_coverage,5538
5661,21408,128,511,65408,full_family_coverage,5539
2989,21770,136,51,6936,full_family_coverage,5540
3529,9897,395,88,34760,full_family_coverage,5541
24663,25231,31,66,2046,full_family_coverage,5542
12945,16364,74,157,11618,full_family_coverage,5543
9569,25479,157,80,12560,full_family_coverage,5544
21487,22998,57,75,4275,full_family_coverage,5545
3131,22411,126,22,2772,full_family_coverage,5546
7958,18420,90,384,34560,full_family_coverage,5547
7804,21532,76,135,10260,full_family_coverage,5548
5504,15939,55,101,5555,full_family_coverage,5549
21085,21884,55,95,5225,full_family_coverage,5550
9380,11932,493,425,209525,full_family_coverage,5551
10664,21147,65,69,4485,full_family_coverage,5552
21948,22195,142,47,6674,full_family_coverage,5553
11953,16953,84,106,8904,full_family_coverage,5554
10508,10931,233,97,22601,full_family_coverage,5555
241,3305,282,67,18894,full_family_coverage,5556
3965,13620,135,143,19305,full_family_coverage,5557
2334,19416,87,187,16269,full_family_coverage,5558
11327,17278,131,120,15720,full_family_coverage,5559
966,19399,239,156,37284,full_family_coverage,5560
2383,16383,269,84,22596,full_family_coverage,5561
16114,24852,97,67,6499,full_family_coverage,5562
8119,10468,44,194,8536,full_family_coverage,5563
8384,10294,75,118,8850,full_family_coverage,5564
9006,14242,132,98,12936,full_family_coverage,5565
3889,8941,263,97,25511,full_family_coverage,5566
4441,12019,28,185,5180,full_family_coverage,5567
1004,7571,68,74,5032,full_family_coverage,5568
5209,17468,392,47,18424,full_family_coverage,5569
7016,12646,47,32,1504,full_family_coverage,5570
12952,25068,188,27,5076,full_family_coverage,5571
17214,19711,74,56,4144,full_family_coverage,5572
8040,10134,160,81,12960,full_family_coverage,5573
16395,22512,162,275,44550,full_family_coverage,5574
2218,23922,120,122,14640,full_family_coverage,5575
1583,19107,202,24,4848,full_family_coverage,5576
208,6106,167,68,11356,full_family_coverage,5577
426,3532,332,58,19256,full_family_coverage,5578
2697,3428,59,113,6667,full_family_coverage,5579
5644,9054,290,175,50750,full_family_coverage,5580
12851,24853,78,25,1950,full_family_coverage,5581
1187,8237,85,53,4505,full_family_coverage,5582
6725,9378,53,152,8056,full_family_coverage,5583
4006,6676,83,215,17845,full_family_coverage,5584
9159,20047,390,172,67080,full_family_coverage,5585
4133,17337,238,60,14280,full_family_coverage,5586
3142,10480,241,40,9640,full_family_coverage,5587
2282,25030,233,92,21436,full_family_coverage,5588
9777,22787,359,61,21899,full_family_coverage,5589
9358,25040,613,86,52718,full_family_coverage,5590
1750,22567,209,110,22990,full_family_coverage,5591
13487,16914,132,97,12804,full_family_coverage,5592
7028,13535,169,98,16562,full_family_coverage,5593
7933,19280,158,267,42186,full_family_coverage,5594
15955,21860,158,90,14220,full_family_coverage,5595
5756,25299,80,111,8880,full_family_coverage,5596
17868,19430,110,194,21340,full_family_coverage,5597
13703,22783,94,99,9306,full_family_coverage,5598
16612,16689,843,90,75870,full_family_coverage,5599
9810,11210,254,56,14224,full_family_coverage,5600
23616,23757,66,230,15180,full_family_coverage,5601
7836,12735,64,78,4992,full_family_coverage,5602
2670,15073,115,578,66470,full_family_coverage,5603
12563,25464,301,104,31304,full_family_coverage,5604
1006,17379,87,107,9309,full_family_coverage,5605
9302,19419,250,44,11000,full_family_coverage,5606
20393,22938,103,66,6798,full_family_coverage,5607
11803,14075,159,158,25122,full_family_coverage,5608
5551,21145,61,153,9333,full_family_coverage,5609
8813,17702,165,102,16830,full_family_coverage,5610
1694,7803,234,106,24804,full_family_coverage,5611
17632,19731,81,105,8505,full_family_coverage,5612
10615,17002,123,214,26322,full_family_coverage,5613
4940,21211,59,60,3540,full_family_coverage,5614
3473,4863,49,119,5831,full_family_coverage,5615
4988,20151,321,69,22149,full_family_coverage,5616
544,10234,117,170,19890,full_family_coverage,5617
4274,15489,367,118,43306,full_family_coverage,5618
1438,17494,170,137,23290,full_family_coverage,5619
7296,7412,189,97,18333,full_family_coverage,5620
17880,25203,190,61,11590,full_family_coverage,5621
16525,22716,72,65,4680,full_family_coverage,5622
4772,11316,104,129,13416,full_family_coverage,5623
2965,21500,310,56,17360,full_family_coverage,5624
9417,21416,767,61,46787,full_family_coverage,5625
1732,3982,42,194,8148,full_family_coverage,5626
1024,21237,284,149,42316,full_family_coverage,5627
7389,21584,27,53,1431,full_family_coverage,5628
8470,20556,61,62,3782,full_family_coverage,5629
6582,19371,141,46,6486,full_family_coverage,5630
7097,9464,146,238,34748,full_family_coverage,5631
7754,9081,52,187,9724,full_family_coverage,5632
297,8592,104,104,10816,full_family_coverage,5633
16722,23055,51,69,3519,full_family_coverage,5634
11657,15679,115,148,17020,full_family_coverage,5635
15276,16591,369,120,44280,full_family_coverage,5636
888,19563,101,104,10504,full_family_coverage,5637
9132,10974,82,372,30504,full_family_coverage,5638
5689,9078,80,516,41280,full_family_coverage,5639
9184,21272,93,51,4743,full_family_coverage,5640
5860,7487,162,153,24786,full_family_coverage,5641
6569,20181,202,24,4848,full_family_coverage,5642
4303,6998,203,54,10962,full_family_coverage,5643
4470,18588,47,195,9165,full_family_coverage,5644
4536,19069,426,196,83496,full_family_coverage,5645
12726,20760,234,47,10998,full_family_coverage,5646
19085,19939,89,108,9612,full_family_coverage,5647
5045,25526,112,96,10752,full_family_coverage,5648
1416,12100,231,64,14784,full_family_coverage,5649
17568,19217,105,134,14070,full_family_coverage,5650
1114,4352,70,70,4900,full_family_coverage,5651
12869,24812,113,82,9266,full_family_coverage,5652
1547,4083,188,273,51324,full_family_coverage,5653
2532,19955,162,101,16362,full_family_coverage,5654
17470,19387,117,103,12051,full_family_coverage,5655
14780,23391,305,155,47275,full_family_coverage,5656
14338,16432,81,47,3807,full_family_coverage,5657
2751,20835,178,111,19758,full_family_coverage,5658
10362,19344,127,49,6223,full_family_coverage,5659
24307,24730,30,286,8580,full_family_coverage,5660
19039,19401,105,97,10185,full_family_coverage,5661
2694,10843,241,137,33017,full_family_coverage,5662
1879,6471,31,549,17019,full_family_coverage,5663
3226,17530,190,100,19000,full_family_coverage,5664
511,24174,74,274,20276,full_family_coverage,5665
10578,17260,86,29,2494,full_family_coverage,5666
2887,12022,435,70,30450,full_family_coverage,5667
7913,11763,375,131,49125,full_family_coverage,5668
1628,4606,368,178,65504,full_family_coverage,5669
10822,25064,84,498,41832,full_family_coverage,5670
7603,9427,296,100,29600,full_family_coverage,5671
9260,17615,190,65,12350,full_family_coverage,5672
17033,18034,46,63,2898,full_family_coverage,5673
16355,18443,140,174,24360,full_family_coverage,5674
7666,15914,547,537,293739,full_family_coverage,5675
9436,12316,29,153,4437,full_family_coverage,5676
16443,23491,294,123,36162,full_family_coverage,5677
11938,19464,19,38,722,full_family_coverage,5678
3090,15948,168,175,29400,full_family_coverage,5679
7220,22285,59,203,11977,full_family_coverage,5680
10072,16563,83,151,12533,full_family_coverage,5681
10001,21227,49,73,3577,full_family_coverage,5682
21104,21281,209,57,11913,full_family_coverage,5683
5415,12105,54,108,5832,full_family_coverage,5684
11177,24909,36,120,4320,full_family_coverage,5685
10517,13682,623,123,76629,full_family_coverage,5686
4090,23779,146,60,8760,full_family_coverage,5687
9328,14783,419,515,215785,full_family_coverage,5688
11189,15548,193,118,22774,full_family_coverage,5689
1033,4566,174,87,15138,full_family_coverage,5690
6045,8740,32,59,1888,full_family_coverage,5691
8896,18319,100,98,9800,full_family_coverage,5692
6987,11202,52,568,29536,full_family_coverage,5693
7733,18833,70,65,4550,full_family_coverage,5694
4723,20901,469,67,31423,full_family_coverage,5695
777,24008,123,361,44403,full_family_coverage,5696
6756,8011,121,72,8712,full_family_coverage,5697
12246,17799,109,208,22672,full_family_coverage,5698
3395,24673,70,365,25550,full_family_coverage,5699
9425,21427,62,39,2418,full_family_coverage,5700
11171,18485,122,965,117730,full_family_coverage,5701
6132,19153,374,102,38148,full_family_coverage,5702
5060,16068,141,286,40326,full_family_coverage,5703
12483,24035,37,83,3071,full_family_coverage,5704
8337,23132,53,65,3445,full_family_coverage,5705
2537,7455,77,28,2156,full_family_coverage,5706
8309,19204,270,102,27540,full_family_coverage,5707
18843,24275,54,108,5832,full_family_coverage,5708
8602,9024,194,856,166064,full_family_coverage,5709
13919,14936,173,47,8131,full_family_coverage,5710
4971,9466,50,61,3050,full_family_coverage,5711
5880,18749,239,67,16013,full_family_coverage,5712
14399,18155,244,92,22448,full_family_coverage,5713
3899,16990,183,74,13542,full_family_coverage,5714
10162,17723,119,19,2261,full_family_coverage,5715
14478,24435,126,46,5796,full_family_coverage,5716
1127,23005,75,370,27750,full_family_coverage,5717
1935,8735,284,139,39476,full_family_coverage,5718
11713,15038,58,159,9222,full_family_coverage,5719
5794,13038,60,67,4020,full_family_coverage,5720
6664,23396,133,123,16359,full_family_coverage,5721
5444,11169,89,345,30705,full_family_coverage,5722
6157,13521,116,196,22736,full_family_coverage,5723
16956,19589,100,352,35200,full_family_coverage,5724
13107,24997,120,50,6000,full_family_coverage,5725
10611,22429,282,128,36096,full_family_coverage,5726
13325,20457,377,42,15834,full_family_coverage,5727
12916,18679,67,273,18291,full_family_coverage,5728
1451,2549,245,79,19355,full_family_coverage,5729
8495,10854,251,236,59236,full_family_coverage,5730
14222,20651,74,109,8066,full_family_coverage,5731
4594,5467,59,554,32686,full_family_coverage,5732
18473,22815,121,239,28919,full_family_coverage,5733
18191,21843,142,51,7242,full_family_coverage,5734
10339,23012,70,80,5600,full_family_coverage,5735
4795,22277,37,171,6327,full_family_coverage,5736
2509,18821,296,285,84360,full_family_coverage,5737
15817,17230,506,87,44022,full_family_coverage,5738
2312,19888,76,151,11476,full_family_coverage,5739
8465,11795,45,165,7425,full_family_coverage,5740
13398,23669,86,92,7912,full_family_coverage,5741
10335,11994,875,80,70000,full_family_coverage,5742
11627,13876,61,95,5795,full_family_coverage,5743
5302,6073,179,29,5191,full_family_coverage,5744
3890,15917,60,237,14220,full_family_coverage,5745
9737,16649,68,63,4284,full_family_coverage,5746
6646,12440,495,153,75735,full_family_coverage,5747
44,7887,40,104,4160,full_family_coverage,5748
1281,21121,139,88,12232,full_family_coverage,5749
23014,24491,62,55,3410,full_family_coverage,5750
15683,18734,163,124,20212,full_family_coverage,5751
8041,21035,106,62,6572,full_family_coverage,5752
15250,17767,197,126,24822,full_family_coverage,5753
8904,24172,55,315,17325,full_family_coverage,5754
485,18509,515,229,117935,full_family_coverage,5755
8666,21105,124,147,18228,full_family_coverage,5756
16754,23975,66,86,5676,full_family_coverage,5757
16164,19465,135,73,9855,full_family_coverage,5758
6800,21849,43,99,4257,full_family_coverage,5759
6902,14472,58,57,3306,full_family_coverage,5760
4085,20132,267,84,22428,full_family_coverage,5761
6449,24928,68,79,5372,full_family_coverage,5762
757,24862,92,110,10120,full_family_coverage,5763
609,649,24,81,1944,full_family_coverage,5764
8626,21986,356,100,35600,full_family_coverage,5765
2556,19769,151,142,21442,full_family_coverage,5766
12327,22887,98,165,16170,full_family_coverage,5767
2132,18500,71,442,31382,full_family_coverage,5768
15775,25313,115,106,12190,full_family_coverage,5769
6327,16149,42,160,6720,full_family_coverage,5770
23572,23889,295,345,101775,full_family_coverage,5771
8059,10420,291,115,33465,full_family_coverage,5772
2953,12889,198,61,12078,full_family_coverage,5773
3270,22565,199,45,8955,full_family_coverage,5774
13896,14989,24,78,1872,full_family_coverage,5775
11596,16979,152,44,6688,full_family_coverage,5776
493,10740,36,67,2412,full_family_coverage,5777
14203,24336,64,61,3904,full_family_coverage,5778
12334,20743,21,14,294,full_family_coverage,5779
3919,20607,87,102,8874,full_family_coverage,5780
1836,7858,160,84,13440,full_family_coverage,5781
14486,22227,150,65,9750,full_family_coverage,5782
13671,22575,145,100,14500,full_family_coverage,5783
284,25134,297,173,51381,full_family_coverage,5784
8417,9320,186,274,50964,full_family_coverage,5785
1498,16413,147,74,10878,full_family_coverage,5786
12641,13574,177,113,20001,full_family_coverage,5787
1814,13252,348,113,39324,full_family_coverage,5788
1601,22005,882,44,38808,full_family_coverage,5789
22255,22434,169,57,9633,full_family_coverage,5790
9086,20781,135,49,6615,full_family_coverage,5791
397,24293,105,105,11025,full_family_coverage,5792
11115,12198,111,34,3774,full_family_coverage,5793
10716,22019,120,77,9240,full_family_coverage,5794
1788,21853,49,72,3528,full_family_coverage,5795
5385,21336,315,78,24570,full_family_coverage,5796
9371,18522,193,306,59058,full_family_coverage,5797
6091,14668,109,132,14388,full_family_coverage,5798
13362,14791,233,82,19106,full_family_coverage,5799
5314,19951,199,105,20895,full_family_coverage,5800
10227,23256,126,153,19278,full_family_coverage,5801
1525,15856,169,226,38194,full_family_coverage,5802
6001,16138,190,114,21660,full_family_coverage,5803
229,422,122,94,11468,full_family_coverage,5804
10613,24563,60,561,33660,full_family_coverage,5805
19814,21194,72,85,6120,full_family_coverage,5806
11739,20869,168,53,8904,full_family_coverage,5807
8833,20101,187,59,11033,full_family_coverage,5808
12287,22374,563,87,48981,full_family_coverage,5809
6857,25281,159,123,19557,full_family_coverage,5810
5360,10967,157,93,14601,full_family_coverage,5811
7716,21699,285,108,30780,full_family_coverage,5812
11550,12133,238,45,10710,full_family_coverage,5813
1873,7519,294,23,6762,full_family_coverage,5814
12562,14479,196,129,25284,full_family_coverage,5815
20214,22703,108,173,18684,full_family_coverage,5816
1715,15179,40,347,13880,full_family_coverage,5817
3905,4745,285,350,99750,full_family_coverage,5818
2800,9618,519,35,18165,full_family_coverage,5819
9344,24882,133,80,10640,full_family_coverage,5820
645,860,89,346,30794,full_family_coverage,5821
9756,20039,60,76,4560,full_family_coverage,5822
8859,16349,53,122,6466,full_family_coverage,5823
7055,18865,136,140,19040,full_family_coverage,5824
3361,12056,42,121,5082,full_family_coverage,5825
23454,24913,80,237,18960,full_family_coverage,5826
13935,18931,247,221,54587,full_family_coverage,5827
135,16715,244,97,23668,full_family_coverage,5828
13103,19014,50,125,6250,full_family_coverage,5829
14730,20847,193,48,9264,full_family_coverage,5830
3267,5414,158,347,54826,full_family_coverage,5831
117,3468,339,277,93903,full_family_coverage,5832
185,17694,78,298,23244,full_family_coverage,5833
5072,22597,65,35,2275,full_family_coverage,5834
22547,25148,24,116,2784,full_family_coverage,5835
2779,16137,145,117,16965,full_family_coverage,5836
1845,14083,189,119,22491,full_family_coverage,5837
7448,19105,11,112,1232,full_family_coverage,5838
5067,12835,536,72,38592,full_family_coverage,5839
5437,19685,384,190,72960,full_family_coverage,5840
3046,21626,203,111,22533,full_family_coverage,5841
12442,24580,496,225,111600,full_family_coverage,5842
4388,22752,176,42,7392,full_family_coverage,5843
3961,22573,109,66,7194,full_family_coverage,5844
18404,18898,174,76,13224,full_family_coverage,5845
14131,16384,184,103,18952,full_family_coverage,5846
8548,12172,72,38,2736,full_family_coverage,5847
1641,20528,228,93,21204,full_family_coverage,5848
189,17735,248,117,29016,full_family_coverage,5849
14925,15493,1107,75,83025,full_family_coverage,5850
585,18400,67,107,7169,full_family_coverage,5851
5675,23890,96,49,4704,full_family_coverage,5852
7032,17134,85,150,12750,full_family_coverage,5853
21014,21887,102,151,15402,full_family_coverage,5854
7378,9997,25,103,2575,full_family_coverage,5855
4406,23296,50,61,3050,full_family_coverage,5856
5748,16821,81,67,5427,full_family_coverage,5857
4386,8185,197,397,78209,full_family_coverage,5858
17924,24016,102,156,15912,full_family_coverage,5859
730,24286,165,96,15840,full_family_coverage,5860
10438,16602,205,419,85895,full_family_coverage,5861
4253,13213,210,227,47670,full_family_coverage,5862
731,3179,317,97,30749,full_family_coverage,5863
14244,22771,71,136,9656,full_family_coverage,5864
6311,15828,248,42,10416,full_family_coverage,5865
6460,6601,360,141,50760,full_family_coverage,5866
17118,25518,195,431,84045,full_family_coverage,5867
2196,20083,88,72,6336,full_family_coverage,5868
15413,24615,206,67,13802,full_family_coverage,5869
7067,19470,254,191,48514,full_family_coverage,5870
5725,15764,102,181,18462,full_family_coverage,5871
6463,16814,118,44,5192,full_family_coverage,5872
380,24267,286,80,22880,full_family_coverage,5873
15444,16294,132,46,6072,full_family_coverage,5874
557,4640,310,304,94240,full_family_coverage,5875
16153,18830,157,383,60131,full_family_coverage,5876
12521,24331,58,151,8758,full_family_coverage,5877
21200,22185,53,100,5300,full_family_coverage,5878
19202,20399,1074,127,136398,full_family_coverage,5879
10709,16643,1300,155,201500,full_family_coverage,5880
5919,16437,41,110,4510,full_family_coverage,5881
12033,22261,95,260,24700,full_family_coverage,5882
1111,16623,52,136,7072,full_family_coverage,5883
1406,12838,60,59,3540,full_family_coverage,5884
11587,12348,134,51,6834,full_family_coverage,5885
1266,24149,77,118,9086,full_family_coverage,5886
2584,5734,71,33,2343,full_family_coverage,5887
273,3190,24,59,1416,full_family_coverage,5888
14842,22618,86,49,4214,full_family_coverage,5889
1820,3862,151,528,79728,full_family_coverage,5890
3909,16405,79,37,2923,full_family_coverage,5891
9314,14942,94,49,4606,full_family_coverage,5892
7844,10324,20,135,2700,full_family_coverage,5893
15235,21268,278,45,12510,full_family_coverage,5894
3425,23904,294,203,59682,full_family_coverage,5895
7952,9665,129,64,8256,full_family_coverage,5896
1129,22116,109,29,3161,full_family_coverage,5897
9600,16961,74,90,6660,full_family_coverage,5898
15579,15644,118,59,6962,full_family_coverage,5899
9360,13176,224,197,44128,full_family_coverage,5900
18262,18729,69,429,29601,full_family_coverage,5901
16173,24156,164,164,26896,full_family_coverage,5902
12712,16424,132,52,6864,full_family_coverage,5903
1010,21239,126,59,7434,full_family_coverage,5904
19220,21228,211,105,22155,full_family_coverage,5905
14519,19815,56,95,5320,full_family_coverage,5906
5589,21311,53,316,16748,full_family_coverage,5907
18372,18839,68,70,4760,full_family_coverage,5908
5269,25345,93,74,6882,full_family_coverage,5909
3100,23096,85,99,8415,full_family_coverage,5910
6930,8315,23,124,2852,full_family_coverage,5911
13008,15447,22,129,2838,full_family_coverage,5912
2581,10775,122,146,17812,full_family_coverage,5913
16110,22899,184,72,13248,full_family_coverage,5914
6869,10902,52,157,8164,full_family_coverage,5915
12798,14239,90,80,7200,full_family_coverage,5916
1651,16251,176,176,30976,full_family_coverage,5917
23071,23371,124,121,15004,full_family_coverage,5918
9619,12606,37,225,8325,full_family_coverage,5919
23168,23833,111,110,12210,full_family_coverage,5920
7908,18441,388,184,71392,full_family_coverage,5921
8669,19673,37,52,1924,full_family_coverage,5922
20115,22984,47,120,5640,full_family_coverage,5923
9234,18536,178,137,24386,full_family_coverage,5924
724,16944,122,137,16714,full_family_coverage,5925
1933,25026,485,89,43165,full_family_coverage,5926
12104,24285,80,37,2960,full_family_coverage,5927
167,13045,457,24,10968,full_family_coverage,5928
13638,21386,173,68,11764,full_family_coverage,5929
2803,12410,26,136,3536,full_family_coverage,5930
12150,21074,121,131,15851,full_family_coverage,5931
1322,11976,108,167,18036,full_family_coverage,5932
7559,17222,86,92,7912,full_family_coverage,5933
1268,23883,92,160,14720,full_family_coverage,5934
3405,20195,76,91,6916,full_family_coverage,5935
12095,22448,491,110,54010,full_family_coverage,5936
6166,22809,46,113,5198,full_family_coverage,5937
6614,19427,89,63,5607,full_family_coverage,5938
432,4614,116,76,8816,full_family_coverage,5939
2992,23441,288,98,28224,full_family_coverage,5940
4134,9804,59,152,8968,full_family_coverage,5941
20957,23845,21,100,2100,full_family_coverage,5942
15336,15743,174,36,6264,full_family_coverage,5943
23157,24605,107,58,6206,full_family_coverage,5944
3177,19512,153,56,8568,full_family_coverage,5945
1994,2053,268,65,17420,full_family_coverage,5946
20003,20582,101,55,5555,full_family_coverage,5947
3966,6573,70,173,12110,full_family_coverage,5948
21001,24787,41,111,4551,full_family_coverage,5949
20059,25245,59,100,5900,full_family_coverage,5950
402,14973,123,158,19434,full_family_coverage,5951
11797,23688,166,107,17762,full_family_coverage,5952
20490,22968,107,69,7383,full_family_coverage,5953
7408,20192,87,42,3654,full_family_coverage,5954
1302,6280,205,191,39155,full_family_coverage,5955
20044,25216,118,187,22066,full_family_coverage,5956
21854,25469,95,65,6175,full_family_coverage,5957
1980,9117,293,124,36332,full_family_coverage,5958
1562,1655,91,110,10010,full_family_coverage,5959
15533,23283,73,122,8906,full_family_coverage,5960
9697,19194,214,246,52644,full_family_coverage,5961
11810,24720,68,863,58684,full_family_coverage,5962
4025,19611,146,147,21462,full_family_coverage,5963
1276,17576,109,93,10137,full_family_coverage,5964
5905,15843,194,72,13968,full_family_coverage,5965
9858,14091,205,351,71955,full_family_coverage,5966
7177,7240,116,269,31204,full_family_coverage,5967
5333,14379,108,902,97416,full_family_coverage,5968
5981,11712,49,61,2989,full_family_coverage,5969
3637,14101,46,129,5934,full_family_coverage,5970
4455,4879,272,338,91936,full_family_coverage,5971
7034,25066,80,147,11760,full_family_coverage,5972
7631,21346,85,134,11390,full_family_coverage,5973
8912,22184,132,128,16896,full_family_coverage,5974
17073,18514,56,238,13328,full_family_coverage,5975
2152,19161,61,118,7198,full_family_coverage,5976
4625,4700,102,260,26520,full_family_coverage,5977
12284,20472,139,267,37113,full_family_coverage,5978
7303,12558,125,190,23750,full_family_coverage,5979
4094,24349,508,156,79248,full_family_coverage,5980
12493,21090,37,268,9916,full_family_coverage,5981
636,8908,46,138,6348,full_family_coverage,5982
6026,9351,210,284,59640,full_family_coverage,5983
3795,17934,387,95,36765,full_family_coverage,5984
1085,22558,320,65,20800,full_family_coverage,5985
17825,23985,43,52,2236,full_family_coverage,5986
11926,15490,333,79,26307,full_family_coverage,5987
4620,24648,103,484,49852,full_family_coverage,5988
2127,22249,119,307,36533,full_family_coverage,5989
16095,17844,180,190,34200,full_family_coverage,5990
858,14828,133,1045,138985,full_family_coverage,5991
16721,21614,103,231,23793,full_family_coverage,5992
2960,11254,486,128,62208,full_family_coverage,5993
3301,24886,397,186,73842,full_family_coverage,5994
16427,21937,71,99,7029,full_family_coverage,5995
5992,10898,79,61,4819,full_family_coverage,5996
18290,20963,290,113,32770,full_family_coverage,5997
662,6774,93,218,20274,full_family_coverage,5998
488,11529,545,40,21800,full_family_coverage,5999
7432,23620,31,107,3317,full_family_coverage,6000
4379,7827,76,67,5092,full_family_coverage,6001
831,8344,86,209,17974,full_family_coverage,6002
15862,21848,84,76,6384,full_family_coverage,6003
1296,3128,139,163,22657,full_family_coverage,6004
10851,13180,60,505,30300,full_family_coverage,6005
437,8817,245,283,69335,full_family_coverage,6006
8939,20105,19,60,1140,full_family_coverage,6007
15965,24002,95,138,13110,full_family_coverage,6008
18539,22584,271,92,24932,full_family_coverage,6009
4801,18882,284,296,84064,full_family_coverage,6010
6192,10189,83,174,14442,full_family_coverage,6011
21330,22384,75,71,5325,full_family_coverage,6012
3872,20174,107,121,12947,full_family_coverage,6013
5847,12139,149,142,21158,full_family_coverage,6014
6116,17022,327,54,17658,full_family_coverage,6015
3913,13540,58,120,6960,full_family_coverage,6016
13283,18642,200,193,38600,full_family_coverage,6017
9475,20502,113,56,6328,full_family_coverage,6018
19368,21597,23,114,2622,full_family_coverage,6019
3475,12066,59,267,15753,full_family_coverage,6020
22868,24870,113,239,27007,full_family_coverage,6021
10265,18245,341,109,37169,full_family_coverage,6022
4017,18467,105,183,19215,full_family_coverage,6023
4052,24522,101,91,9191,full_family_coverage,6024
1433,2893,314,106,33284,full_family_coverage,6025
2418,12703,219,155,33945,full_family_coverage,6026
18720,22511,103,110,11330,full_family_coverage,6027
7620,21539,85,79,6715,full_family_coverage,6028
10113,14289,135,145,19575,full_family_coverage,6029
8426,20789,258,104,26832,full_family_coverage,6030
5247,8118,512,129,66048,full_family_coverage,6031
16115,23415,111,160,17760,full_family_coverage,6032
2740,12933,96,168,16128,full_family_coverage,6033
7721,15205,214,131,28034,full_family_coverage,6034
17443,19370,42,58,2436,full_family_coverage,6035
4007,10154,99,88,8712,full_family_coverage,6036
9847,16691,207,165,34155,full_family_coverage,6037
18087,24414,173,73,12629,full_family_coverage,6038
11578,13784,48,244,11712,full_family_coverage,6039
18676,19708,141,153,21573,full_family_coverage,6040
15922,22486,145,102,14790,full_family_coverage,6041
1937,16080,99,121,11979,full_family_coverage,6042
6279,20927,86,99,8514,full_family_coverage,6043
4348,17377,385,60,23100,full_family_coverage,6044
3026,17261,302,78,23556,full_family_coverage,6045
7580,13866,195,207,40365,full_family_coverage,6046
1923,7033,127,126,16002,full_family_coverage,6047
10866,24939,235,49,11515,full_family_coverage,6048
4933,20995,135,123,16605,full_family_coverage,6049
851,16532,77,98,7546,full_family_coverage,6050
3278,23128,70,77,5390,full_family_coverage,6051
16066,19208,44,66,2904,full_family_coverage,6052
7907,8569,151,246,37146,full_family_coverage,6053
10203,16705,97,205,19885,full_family_coverage,6054
14093,22099,230,72,16560,full_family_coverage,6055
7477,25019,41,425,17425,full_family_coverage,6056
17905,18103,278,284,78952,full_family_coverage,6057
6468,25264,59,39,2301,full_family_coverage,6058
19284,20867,226,63,14238,full_family_coverage,6059
653,1687,255,304,77520,full_family_coverage,6060
11819,14357,81,145,11745,full_family_coverage,6061
3733,10569,103,62,6386,full_family_coverage,6062
2154,15207,298,244,72712,full_family_coverage,6063
21140,21618,167,82,13694,full_family_coverage,6064
21713,22692,31,43,1333,full_family_coverage,6065
2979,11042,301,207,62307,full_family_coverage,6066
2021,12931,87,106,9222,full_family_coverage,6067
5778,11851,103,238,24514,full_family_coverage,6068
4216,15531,67,110,7370,full_family_coverage,6069
2283,22038,127,140,17780,full_family_coverage,6070
1239,13529,116,131,15196,full_family_coverage,6071
2226,7357,103,360,37080,full_family_coverage,6072
17475,17782,75,63,4725,full_family_coverage,6073
4344,9490,106,422,44732,full_family_coverage,6074
1171,24910,237,195,46215,full_family_coverage,6075
8029,24623,157,1268,199076,full_family_coverage,6076
10616,22610,68,85,5780,full_family_coverage,6077
10361,21434,196,57,11172,full_family_coverage,6078
12778,19957,31,90,2790,full_family_coverage,6079
10633,21783,52,304,15808,full_family_coverage,6080
676,14883,122,154,18788,full_family_coverage,6081
22262,24378,241,163,39283,full_family_coverage,6082
6147,12496,242,70,16940,full_family_coverage,6083
10641,15190,133,77,10241,full_family_coverage,6084
20755,23006,281,60,16860,full_family_coverage,6085
7077,21040,166,107,17762,full_family_coverage,6086
3385,24964,153,65,9945,full_family_coverage,6087
10644,16062,67,149,9983,full_family_coverage,6088
6609,12775,39,236,9204,full_family_coverage,6089
17653,22740,143,144,20592,full_family_coverage,6090
5648,19177,89,147,13083,full_family_coverage,6091
15377,18698,425,62,26350,full_family_coverage,6092
1682,11683,151,148,22348,full_family_coverage,6093
12048,19306,409,303,123927,full_family_coverage,6094
2655,9400,70,754,52780,full_family_coverage,6095
4151,24189,57,69,3933,full_family_coverage,6096
2124,7474,105,21,2205,full_family_coverage,6097
4961,7313,48,223,10704,full_family_coverage,6098
9263,15657,131,150,19650,full_family_coverage,6099
9065,19652,43,403,17329,full_family_coverage,6100
4529,22082,274,70,19180,full_family_coverage,6101
12831,23401,102,92,9384,full_family_coverage,6102
9602,17141,72,146,10512,full_family_coverage,6103
8098,14072,30,274,8220,full_family_coverage,6104
5443,24143,621,233,144693,full_family_coverage,6105
6605,12052,93,76,7068,full_family_coverage,6106
7539,16280,51,89,4539,full_family_coverage,6107
18798,25359,98,88,8624,full_family_coverage,6108
12687,13650,29,165,4785,full_family_coverage,6109
17758,21354,16,130,2080,full_family_coverage,6110
18204,24698,193,70,13510,full_family_coverage,6111
3494,15146,89,265,23585,full_family_coverage,6112
9362,23868,633,35,22155,full_family_coverage,6113
2675,15030,124,133,16492,full_family_coverage,6114
11058,17334,99,51,5049,full_family_coverage,6115
16677,21747,199,80,15920,full_family_coverage,6116
10323,17655,48,89,4272,full_family_coverage,6117
4033,9644,177,52,9204,full_family_coverage,6118
21950,22914,88,238,20944,full_family_coverage,6119
19471,24754,123,100,12300,full_family_coverage,6120
15458,22990,268,214,57352,full_family_coverage,6121
3595,17860,171,126,21546,full_family_coverage,6122
1309,20333,111,136,15096,full_family_coverage,6123
13532,22898,232,259,60088,full_family_coverage,6124
13972,17762,232,47,10904,full_family_coverage,6125
249,25270,172,58,9976,full_family_coverage,6126
4638,20592,216,97,20952,full_family_coverage,6127
13550,24660,326,95,30970,full_family_coverage,6128
8783,23447,219,55,12045,full_family_coverage,6129
11604,18206,52,128,6656,full_family_coverage,6130
8547,20158,91,86,7826,full_family_coverage,6131
13928,17018,223,87,19401,full_family_coverage,6132
205,7404,137,17,2329,full_family_coverage,6133
5896,21942,114,115,13110,full_family_coverage,6134
1981,7211,426,69,29394,full_family_coverage,6135
230,23627,91,55,5005,full_family_coverage,6136
495,18862,482,197,94954,full_family_coverage,6137
16537,17911,38,180,6840,full_family_coverage,6138
6322,24467,100,113,11300,full_family_coverage,6139
12786,15470,83,113,9379,full_family_coverage,6140
4851,24536,199,622,123778,full_family_coverage,6141
7049,7134,129,73,9417,full_family_coverage,6142
13738,15116,121,272,32912,full_family_coverage,6143
7254,24253,492,195,95940,full_family_coverage,6144
2491,3101,64,130,8320,full_family_coverage,6145
13360,25104,133,690,91770,full_family_coverage,6146
8960,24004,118,73,8614,full_family_coverage,6147
3720,24791,70,117,8190,full_family_coverage,6148
14697,24260,300,90,27000,full_family_coverage,6149
17461,18650,83,136,11288,full_family_coverage,6150
17783,18508,12,253,3036,full_family_coverage,6151
1203,15430,260,163,42380,full_family_coverage,6152
6507,8401,110,111,12210,full_family_coverage,6153
9017,19310,128,290,37120,full_family_coverage,6154
455,12480,401,132,52932,full_family_coverage,6155
4617,20669,308,102,31416,full_family_coverage,6156
15034,25484,199,71,14129,full_family_coverage,6157
2620,21847,118,134,15812,full_family_coverage,6158
13196,16436,76,287,21812,full_family_coverage,6159
4575,25477,259,95,24605,full_family_coverage,6160
6040,10402,61,49,2989,full_family_coverage,6161
15016,19008,101,138,13938,full_family_coverage,6162
2341,10057,194,58,11252,full_family_coverage,6163
12195,19756,80,88,7040,full_family_coverage,6164
5241,9329,242,661,159962,full_family_coverage,6165
9914,14621,106,191,20246,full_family_coverage,6166
1126,20370,202,128,25856,full_family_coverage,6167
21639,24146,75,59,4425,full_family_coverage,6168
16770,19576,68,133,9044,full_family_coverage,6169
15012,22158,305,71,21655,full_family_coverage,6170
14405,15820,116,418,48488,full_family_coverage,6171
5223,13670,129,188,24252,full_family_coverage,6172
10059,20395,147,59,8673,full_family_coverage,6173
1602,9134,32,138,4416,full_family_coverage,6174
9830,23031,160,129,20640,full_family_coverage,6175
11677,19288,118,145,17110,full_family_coverage,6176
214,6955,49,55,2695,full_family_coverage,6177
4038,7971,76,170,12920,full_family_coverage,6178
6633,7227,91,164,14924,full_family_coverage,6179
1676,21315,51,94,4794,full_family_coverage,6180
1345,23477,72,135,9720,full_family_coverage,6181
13762,18956,82,97,7954,full_family_coverage,6182
17929,23267,429,177,75933,full_family_coverage,6183
10701,14957,94,76,7144,full_family_coverage,6184
2185,9954,102,67,6834,full_family_coverage,6185
2219,23013,104,246,25584,full_family_coverage,6186
8650,23449,78,95,7410,full_family_coverage,6187
7938,19303,331,126,41706,full_family_coverage,6188
507,12416,180,165,29700,full_family_coverage,6189
8848,12805,109,84,9156,full_family_coverage,6190
15391,21787,347,125,43375,full_family_coverage,6191
12598,23292,140,108,15120,full_family_coverage,6192
15984,21390,114,96,10944,full_family_coverage,6193
10771,21550,26,148,3848,full_family_coverage,6194
4615,20663,39,64,2496,full_family_coverage,6195
3236,22671,34,135,4590,full_family_coverage,6196
5485,12147,296,66,19536,full_family_coverage,6197
13006,20634,47,120,5640,full_family_coverage,6198
16329,17441,661,91,60151,full_family_coverage,6199
22655,24761,132,44,5808,full_family_coverage,6200
3923,17968,115,192,22080,full_family_coverage,6201
12917,24706,49,85,4165,full_family_coverage,6202
4136,17951,45,110,4950,full_family_coverage,6203
15735,16686,116,43,4988,full_family_coverage,6204
8688,20628,77,170,13090,full_family_coverage,6205
10220,18496,256,351,89856,full_family_coverage,6206
4514,12005,473,46,21758,full_family_coverage,6207
12365,13002,366,16,5856,full_family_coverage,6208
3253,6434,132,252,33264,full_family_coverage,6209
3450,12202,229,394,90226,full_family_coverage,6210
17085,20877,123,231,28413,full_family_coverage,6211
11504,19853,144,365,52560,full_family_coverage,6212
915,13744,106,76,8056,full_family_coverage,6213
8684,18132,126,263,33138,full_family_coverage,6214
10299,16995,58,89,5162,full_family_coverage,6215
6215,11805,305,218,66490,full_family_coverage,6216
209,3152,125,262,32750,full_family_coverage,6217
14959,19823,113,85,9605,full_family_coverage,6218
875,6790,362,193,69866,full_family_coverage,6219
18993,23146,286,146,41756,full_family_coverage,6220
6058,20380,291,111,32301,full_family_coverage,6221
10950,15368,131,183,23973,full_family_coverage,6222
20759,24380,91,114,10374,full_family_coverage,6223
4973,24272,83,71,5893,full_family_coverage,6224
4668,6568,43,297,12771,full_family_coverage,6225
3282,9667,52,82,4264,full_family_coverage,6226
20821,24657,144,39,5616,full_family_coverage,6227
8021,14132,48,221,10608,full_family_coverage,6228
9573,20765,69,101,6969,full_family_coverage,6229
18811,21287,94,54,5076,full_family_coverage,6230
497,22135,105,266,27930,full_family_coverage,6231
1351,2950,55,139,7645,full_family_coverage,6232
18060,20010,143,75,10725,full_family_coverage,6233
4118,11213,135,113,15255,full_family_coverage,6234
18672,23442,102,110,11220,full_family_coverage,6235
2471,15736,249,86,21414,full_family_coverage,6236
2435,20808,129,120,15480,full_family_coverage,6237
15143,24259,97,85,8245,full_family_coverage,6238
2209,20032,317,158,50086,full_family_coverage,6239
9894,20674,156,120,18720,full_family_coverage,6240
17071,25055,134,260,34840,full_family_coverage,6241
1586,9299,47,142,6674,full_family_coverage,6242
1528,6312,124,369,45756,full_family_coverage,6243
4276,10596,344,269,92536,full_family_coverage,6244
1174,21332,386,18,6948,full_family_coverage,6245
4907,23752,82,34,2788,full_family_coverage,6246
16622,20145,180,58,10440,full_family_coverage,6247
11102,20584,98,158,15484,full_family_coverage,6248
7316,7616,39,49,1911,full_family_coverage,6249
5139,15621,175,49,8575,full_family_coverage,6250
10500,24836,117,80,9360,full_family_coverage,6251
2437,9728,132,32,4224,full_family_coverage,6252
420,16573,99,186,18414,full_family_coverage,6253
5931,22268,103,98,10094,full_family_coverage,6254
7270,13245,124,67,8308,full_family_coverage,6255
5373,22777,235,120,28200,full_family_coverage,6256
3790,21908,162,30,4860,full_family_coverage,6257
2286,18944,92,84,7728,full_family_coverage,6258
14753,19131,145,183,26535,full_family_coverage,6259
15455,22103,189,115,21735,full_family_coverage,6260
10821,18236,123,206,25338,full_family_coverage,6261
14866,24014,65,146,9490,full_family_coverage,6262
22686,25499,257,363,93291,full_family_coverage,6263
10595,18256,170,27,4590,full_family_coverage,6264
5123,17903,44,56,2464,full_family_coverage,6265
10744,21694,84,70,5880,full_family_coverage,6266
6268,10098,105,110,11550,full_family_coverage,6267
6694,24101,78,50,3900,full_family_coverage,6268
8146,22599,52,58,3016,full_family_coverage,6269
10190,15732,125,63,7875,full_family_coverage,6270
2512,18173,75,46,3450,full_family_coverage,6271
18863,24505,130,272,35360,full_family_coverage,6272
5464,6065,77,124,9548,full_family_coverage,6273
21070,23901,352,177,62304,full_family_coverage,6274
18935,20757,222,53,11766,full_family_coverage,6275
3339,17065,52,66,3432,full_family_coverage,6276
456,12207,139,1221,169719,full_family_coverage,6277
5797,15224,134,136,18224,full_family_coverage,6278
276,22346,133,427,56791,full_family_coverage,6279
5900,10150,344,140,48160,full_family_coverage,6280
18704,22878,99,67,6633,full_family_coverage,6281
1782,15831,327,39,12753,full_family_coverage,6282
1222,4551,27,365,9855,full_family_coverage,6283
9167,22620,84,67,5628,full_family_coverage,6284
8169,21371,105,95,9975,full_family_coverage,6285
11021,22335,76,95,7220,full_family_coverage,6286
17058,25164,86,107,9202,full_family_coverage,6287
23770,24543,185,119,22015,full_family_coverage,6288
9269,24389,50,147,7350,full_family_coverage,6289
2034,21221,64,93,5952,full_family_coverage,6290
20080,25485,41,204,8364,full_family_coverage,6291
949,1260,127,154,19558,full_family_coverage,6292
14305,22940,39,121,4719,full_family_coverage,6293
3368,10002,87,214,18618,full_family_coverage,6294
6644,22790,318,243,77274,full_family_coverage,6295
8025,9465,315,100,31500,full_family_coverage,6296
1771,3676,141,169,23829,full_family_coverage,6297
11902,12876,39,304,11856,full_family_coverage,6298
12276,24535,60,948,56880,full_family_coverage,6299
5683,14243,122,409,49898,full_family_coverage,6300
2646,19327,99,74,7326,full_family_coverage,6301
14317,17777,234,77,18018,full_family_coverage,6302
7946,17554,137,87,11919,full_family_coverage,6303
18397,18594,101,165,16665,full_family_coverage,6304
14111,16444,104,65,6760,full_family_coverage,6305
16847,18903,66,91,6006,full_family_coverage,6306
10408,19475,75,252,18900,full_family_coverage,6307
1108,15056,127,89,11303,full_family_coverage,6308
7498,24792,58,159,9222,full_family_coverage,6309
386,25409,13,119,1547,full_family_coverage,6310
9519,18597,83,61,5063,full_family_coverage,6311
5610,5773,199,145,28855,full_family_coverage,6312
13442,16166,369,41,15129,full_family_coverage,6313
12058,13394,92,78,7176,full_family_coverage,6314
7041,22709,117,125,14625,full_family_coverage,6315
12878,23461,94,65,6110,full_family_coverage,6316
2977,16315,210,81,17010,full_family_coverage,6317
8017,17491,72,48,3456,full_family_coverage,6318
2845,17512,94,82,7708,full_family_coverage,6319
471,5132,312,117,36504,full_family_coverage,6320
3515,4509,30,303,9090,full_family_coverage,6321
96,17892,13,107,1391,full_family_coverage,6322
5388,12169,450,103,46350,full_family_coverage,6323
5205,12084,179,66,11814,full_family_coverage,6324
6292,15850,175,91,15925,full_family_coverage,6325
458,4434,104,156,16224,full_family_coverage,6326
2156,23830,818,60,49080,full_family_coverage,6327
3081,8822,429,64,27456,full_family_coverage,6328
2775,22407,297,29,8613,full_family_coverage,6329
13808,22214,250,86,21500,full_family_coverage,6330
17817,20466,126,105,13230,full_family_coverage,6331
14678,24217,341,70,23870,full_family_coverage,6332
4035,14034,144,121,17424,full_family_coverage,6333
2984,9257,121,346,41866,full_family_coverage,6334
3265,13777,227,73,16571,full_family_coverage,6335
22086,22233,44,104,4576,full_family_coverage,6336
180,1720,74,171,12654,full_family_coverage,6337
5405,24813,246,86,21156,full_family_coverage,6338
12990,20738,446,246,109716,full_family_coverage,6339
2045,19551,28,97,2716,full_family_coverage,6340
15395,24628,242,147,35574,full_family_coverage,6341
2605,3148,21,221,4641,full_family_coverage,6342
2173,6796,125,385,48125,full_family_coverage,6343
7165,9704,186,512,95232,full_family_coverage,6344
1214,23221,278,316,87848,full_family_coverage,6345
17745,20322,109,54,5886,full_family_coverage,6346
2482,17835,369,50,18450,full_family_coverage,6347
2962,8606,61,106,6466,full_family_coverage,6348
2836,22746,259,87,22533,full_family_coverage,6349
5942,19542,117,58,6786,full_family_coverage,6350
14795,17407,607,78,47346,full_family_coverage,6351
15312,19307,715,238,170170,full_family_coverage,6352
2170,3886,201,168,33768,full_family_coverage,6353
2575,8250,115,61,7015,full_family_coverage,6354
6530,16371,25,30,750,full_family_coverage,6355
565,1169,137,93,12741,full_family_coverage,6356
1094,12122,62,214,13268,full_family_coverage,6357
2047,16802,69,72,4968,full_family_coverage,6358
131,4220,122,98,11956,full_family_coverage,6359
22654,24524,387,69,26703,full_family_coverage,6360
5727,24974,272,24,6528,full_family_coverage,6361
14614,19859,153,268,41004,full_family_coverage,6362
4115,16845,618,93,57474,full_family_coverage,6363
17547,22632,218,95,20710,full_family_coverage,6364
1093,11256,128,196,25088,full_family_coverage,6365
21392,22357,82,48,3936,full_family_coverage,6366
21806,22797,180,114,20520,full_family_coverage,6367
14484,20267,315,44,13860,full_family_coverage,6368
4175,5183,159,89,14151,full_family_coverage,6369
7809,22164,96,136,13056,full_family_coverage,6370
669,8368,314,73,22922,full_family_coverage,6371
1541,4435,155,91,14105,full_family_coverage,6372
15084,20996,38,81,3078,full_family_coverage,6373
7470,10913,52,83,4316,full_family_coverage,6374
196,24178,494,91,44954,full_family_coverage,6375
826,4271,285,126,35910,full_family_coverage,6376
5250,8535,201,107,21507,full_family_coverage,6377
5271,10467,273,121,33033,full_family_coverage,6378
5643,9403,183,139,25437,full_family_coverage,6379
4223,14044,148,65,9620,full_family_coverage,6380
4587,16660,41,218,8938,full_family_coverage,6381
11446,15671,173,41,7093,full_family_coverage,6382
5604,23206,102,149,15198,full_family_coverage,6383
13616,24616,145,177,25665,full_family_coverage,6384
8285,15409,57,153,8721,full_family_coverage,6385
6983,21298,171,56,9576,full_family_coverage,6386
9363,24926,114,102,11628,full_family_coverage,6387
22647,24452,115,125,14375,full_family_coverage,6388
2667,5054,264,225,59400,full_family_coverage,6389
922,25207,97,53,5141,full_family_coverage,6390
152,17515,153,124,18972,full_family_coverage,6391
1043,19982,349,714,249186,full_family_coverage,6392
1858,12154,211,57,12027,full_family_coverage,6393
86,19742,38,105,3990,full_family_coverage,6394
1828,6722,185,78,14430,full_family_coverage,6395
908,6925,122,75,9150,full_family_coverage,6396
5046,21341,168,99,16632,full_family_coverage,6397
2015,20591,214,112,23968,full_family_coverage,6398
4906,14318,67,58,3886,full_family_coverage,6399
4444,18322,34,228,7752,full_family_coverage,6400
2054,6946,37,47,1739,full_family_coverage,6401
1373,5315,48,141,6768,full_family_coverage,6402
1431,21677,132,139,18348,full_family_coverage,6403
6286,16932,40,153,6120,full_family_coverage,6404
8670,12142,159,73,11607,full_family_coverage,6405
16600,20506,111,51,5661,full_family_coverage,6406
2813,25425,88,135,11880,full_family_coverage,6407
11297,13605,86,91,7826,full_family_coverage,6408
5708,12699,135,63,8505,full_family_coverage,6409
7608,23952,32,84,2688,full_family_coverage,6410
2220,21556,255,46,11730,full_family_coverage,6411
14772,19842,174,215,37410,full_family_coverage,6412
3707,5538,68,288,19584,full_family_coverage,6413
11337,11651,159,137,21783,full_family_coverage,6414
18743,21087,81,110,8910,full_family_coverage,6415
15026,20633,165,130,21450,full_family_coverage,6416
4135,12961,302,22,6644,full_family_coverage,6417
11456,14670,62,79,4898,full_family_coverage,6418
8705,13780,219,1045,228855,full_family_coverage,6419
3736,15864,206,136,28016,full_family_coverage,6420
7723,8387,123,191,23493,full_family_coverage,6421
8931,10470,71,131,9301,full_family_coverage,6422
8969,19102,302,116,35032,full_family_coverage,6423
1297,18726,178,72,12816,full_family_coverage,6424
10322,21825,93,120,11160,full_family_coverage,6425
14000,14020,143,60,8580,full_family_coverage,6426
20718,24199,83,122,10126,full_family_coverage,6427
2753,22039,99,215,21285,full_family_coverage,6428
11308,19002,60,110,6600,full_family_coverage,6429
16664,19013,173,71,12283,full_family_coverage,6430
4293,10794,205,71,14555,full_family_coverage,6431
17859,23934,51,108,5508,full_family_coverage,6432
10427,17622,993,83,82419,full_family_coverage,6433
673,23225,205,110,22550,full_family_coverage,6434
8003,23588,128,104,13312,full_family_coverage,6435
7900,13654,243,123,29889,full_family_coverage,6436
8373,18156,51,53,2703,full_family_coverage,6437
10703,20072,96,113,10848,full_family_coverage,6438
3487,12320,249,77,19173,full_family_coverage,6439
12540,14146,63,159,10017,full_family_coverage,6440
13028,21426,122,58,7076,full_family_coverage,6441
1807,12488,70,65,4550,full_family_coverage,6442
935,5158,14,275,3850,full_family_coverage,6443
6910,18324,66,84,5544,full_family_coverage,6444
3445,6349,66,187,12342,full_family_coverage,6445
1052,17920,86,44,3784,full_family_coverage,6446
72,7661,116,71,8236,full_family_coverage,6447
2695,3381,212,361,76532,full_family_coverage,6448
8781,9578,114,132,15048,full_family_coverage,6449
1044,8452,293,70,20510,full_family_coverage,6450
2107,21081,88,131,11528,full_family_coverage,6451
3149,6054,349,204,71196,full_family_coverage,6452
10193,15065,183,125,22875,full_family_coverage,6453
10849,20265,222,14,3108,full_family_coverage,6454
4872,16366,133,80,10640,full_family_coverage,6455
9832,14413,121,253,30613,full_family_coverage,6456
1568,2650,214,106,22684,full_family_coverage,6457
14475,22651,218,471,102678,full_family_coverage,6458
4280,8763,288,237,68256,full_family_coverage,6459
3927,24210,120,60,7200,full_family_coverage,6460
4428,10238,281,253,71093,full_family_coverage,6461
7999,21940,180,160,28800,full_family_coverage,6462
24325,25397,70,95,6650,full_family_coverage,6463
21188,21872,82,95,7790,full_family_coverage,6464
6899,15987,375,457,171375,full_family_coverage,6465
4923,23204,65,61,3965,full_family_coverage,6466
518,17272,135,105,14175,full_family_coverage,6467
14492,25338,575,61,35075,full_family_coverage,6468
192,15076,172,36,6192,full_family_coverage,6469
19443,24714,67,83,5561,full_family_coverage,6470
6843,17528,103,53,5459,full_family_coverage,6471
19992,20561,101,204,20604,full_family_coverage,6472
5612,24510,651,168,109368,full_family_coverage,6473
5726,20108,127,40,5080,full_family_coverage,6474
11057,15746,269,103,27707,full_family_coverage,6475
7431,17231,34,52,1768,full_family_coverage,6476
13847,16633,49,125,6125,full_family_coverage,6477
301,23305,914,54,49356,full_family_coverage,6478
1824,24066,178,179,31862,full_family_coverage,6479
8385,12736,279,138,38502,full_family_coverage,6480
6731,12653,377,133,50141,full_family_coverage,6481
3422,18550,152,123,18696,full_family_coverage,6482
20409,23787,25,99,2475,full_family_coverage,6483
5167,15574,97,56,5432,full_family_coverage,6484
8897,13381,116,135,15660,full_family_coverage,6485
12594,20736,103,62,6386,full_family_coverage,6486
13844,25097,105,65,6825,full_family_coverage,6487
2966,5953,507,107,54249,full_family_coverage,6488
6305,18994,186,509,94674,full_family_coverage,6489
6317,15191,209,90,18810,full_family_coverage,6490
6563,22033,144,46,6624,full_family_coverage,6491
17283,21698,60,99,5940,full_family_coverage,6492
1148,6941,306,40,12240,full_family_coverage,6493
4189,11777,73,55,4015,full_family_coverage,6494
10149,21058,177,132,23364,full_family_coverage,6495
5311,24629,114,119,13566,full_family_coverage,6496
1647,4188,284,124,35216,full_family_coverage,6497
3642,21862,138,45,6210,full_family_coverage,6498
902,18436,166,97,16102,full_family_coverage,6499
14948,24999,79,65,5135,full_family_coverage,6500
6008,16854,144,88,12672,full_family_coverage,6501
24975,25122,180,716,128880,full_family_coverage,6502
12131,15450,248,117,29016,full_family_coverage,6503
13590,23285,134,56,7504,full_family_coverage,6504
16807,25003,96,126,12096,full_family_coverage,6505
6470,8726,149,258,38442,full_family_coverage,6506
2943,3201,486,38,18468,full_family_coverage,6507
9541,11774,89,27,2403,full_family_coverage,6508
14914,24711,107,263,28141,full_family_coverage,6509
16301,19076,58,74,4292,full_family_coverage,6510
5951,12998,25,290,7250,full_family_coverage,6511
12968,23808,134,105,14070,full_family_coverage,6512
4321,14647,254,98,24892,full_family_coverage,6513
2161,13648,207,115,23805,full_family_coverage,6514
7530,13093,697,44,30668,full_family_coverage,6515
16244,24187,33,251,8283,full_family_coverage,6516
3074,23433,536,62,33232,full_family_coverage,6517
14924,23384,157,20,3140,full_family_coverage,6518
2264,23829,217,58,12586,full_family_coverage,6519
10669,19696,122,96,11712,full_family_coverage,6520
7411,11252,55,1186,65230,full_family_coverage,6521
4613,9700,86,60,5160,full_family_coverage,6522
3651,21108,121,42,5082,full_family_coverage,6523
9528,20519,287,116,33292,full_family_coverage,6524
13877,22949,119,65,7735,full_family_coverage,6525
12415,16601,78,58,4524,full_family_coverage,6526
975,25460,45,156,7020,full_family_coverage,6527
4491,9158,575,107,61525,full_family_coverage,6528
9595,22098,40,175,7000,full_family_coverage,6529
12185,19915,197,126,24822,full_family_coverage,6530
947,18275,108,100,10800,full_family_coverage,6531
14467,19930,70,24,1680,full_family_coverage,6532
4996,16954,62,90,5580,full_family_coverage,6533
5747,21506,74,135,9990,full_family_coverage,6534
9259,9863,117,62,7254,full_family_coverage,6535
9981,24621,153,79,12087,full_family_coverage,6536
3042,12826,181,50,9050,full_family_coverage,6537
17314,21684,41,84,3444,full_family_coverage,6538
6763,9415,215,404,86860,full_family_coverage,6539
23660,24369,481,311,149591,full_family_coverage,6540
5182,15117,228,479,109212,full_family_coverage,6541
3924,15082,88,142,12496,full_family_coverage,6542
759,16882,270,115,31050,full_family_coverage,6543
21798,25468,118,62,7316,full_family_coverage,6544
923,21835,325,50,16250,full_family_coverage,6545
6047,8998,202,678,136956,full_family_coverage,6546
3980,8640,192,273,52416,full_family_coverage,6547
8681,13392,332,118,39176,full_family_coverage,6548
100,279,210,105,22050,full_family_coverage,6549
14844,24640,196,203,39788,full_family_coverage,6550
17449,20602,244,129,31476,full_family_coverage,6551
3527,8668,53,214,11342,full_family_coverage,6552
15367,21635,110,101,11110,full_family_coverage,6553
11489,24214,79,123,9717,full_family_coverage,6554
3310,14651,200,105,21000,full_family_coverage,6555
519,13333,181,69,12489,full_family_coverage,6556
5149,8838,287,37,10619,full_family_coverage,6557
1015,24247,218,67,14606,full_family_coverage,6558
26,17184,84,128,10752,full_family_coverage,6559
1483,17659,354,104,36816,full_family_coverage,6560
8421,15165,25,58,1450,full_family_coverage,6561
8498,18183,58,110,6380,full_family_coverage,6562
4712,22731,441,141,62181,full_family_coverage,6563
5265,22591,157,22,3454,full_family_coverage,6564
882,18019,293,118,34574,full_family_coverage,6565
6383,19016,42,60,2520,full_family_coverage,6566
17776,19660,105,158,16590,full_family_coverage,6567
9570,22764,103,122,12566,full_family_coverage,6568
14211,19881,126,63,7938,full_family_coverage,6569
9279,21007,98,158,15484,full_family_coverage,6570
6243,9980,171,75,12825,full_family_coverage,6571
4962,7715,26,114,2964,full_family_coverage,6572
11842,22762,409,51,20859,full_family_coverage,6573
15135,18765,234,149,34866,full_family_coverage,6574
1243,10429,388,310,120280,full_family_coverage,6575
4218,11521,46,108,4968,full_family_coverage,6576
3400,9298,158,101,15958,full_family_coverage,6577
15335,19887,91,99,9009,full_family_coverage,6578
8985,15324,175,71,12425,full_family_coverage,6579
15341,21114,56,186,10416,full_family_coverage,6580
17497,18802,65,119,7735,full_family_coverage,6581
1630,1645,202,125,25250,full_family_coverage,6582
1563,2232,102,95,9690,full_family_coverage,6583
462,8749,253,195,49335,full_family_coverage,6584
5398,8149,531,108,57348,full_family_coverage,6585
1855,13184,79,74,5846,full_family_coverage,6586
5278,17917,259,44,11396,full_family_coverage,6587
12078,22596,100,56,5600,full_family_coverage,6588
5013,22022,136,170,23120,full_family_coverage,6589
5855,13431,32,44,1408,full_family_coverage,6590
2612,13472,92,174,16008,full_family_coverage,6591
517,14911,58,325,18850,full_family_coverage,6592
22718,23091,156,70,10920,full_family_coverage,6593
13223,22445,54,118,6372,full_family_coverage,6594
4186,13765,120,230,27600,full_family_coverage,6595
3059,3739,90,41,3690,full_family_coverage,6596
6703,8899,108,245,26460,full_family_coverage,6597
5607,24733,68,233,15844,full_family_coverage,6598
16832,20894,104,58,6032,full_family_coverage,6599
7353,19676,133,95,12635,full_family_coverage,6600
14540,22189,124,204,25296,full_family_coverage,6601
5692,10708,60,90,5400,full_family_coverage,6602
9855,20893,72,91,6552,full_family_coverage,6603
1256,9995,188,78,14664,full_family_coverage,6604
19080,23557,166,58,9628,full_family_coverage,6605
10731,17703,144,84,12096,full_family_coverage,6606
1320,13820,47,66,3102,full_family_coverage,6607
5539,12584,53,56,2968,full_family_coverage,6608
5721,13154,217,122,26474,full_family_coverage,6609
9793,14860,154,77,11858,full_family_coverage,6610
263,8416,25,107,2675,full_family_coverage,6611
1282,25217,194,111,21534,full_family_coverage,6612
6974,18081,162,52,8424,full_family_coverage,6613
1228,8281,180,105,18900,full_family_coverage,6614
10215,22827,368,144,52992,full_family_coverage,6615
9126,17540,92,32,2944,full_family_coverage,6616
623,4448,293,184,53912,full_family_coverage,6617
10213,20858,152,135,20520,full_family_coverage,6618
10005,10816,88,133,11704,full_family_coverage,6619
14557,22578,266,32,8512,full_family_coverage,6620
14682,17136,310,160,49600,full_family_coverage,6621
8444,22974,282,96,27072,full_family_coverage,6622
2788,22646,151,102,15402,full_family_coverage,6623
6704,14451,132,108,14256,full_family_coverage,6624
22691,24421,143,113,16159,full_family_coverage,6625
8392,24036,137,33,4521,full_family_coverage,6626
1625,17842,164,66,10824,full_family_coverage,6627
9938,25511,43,134,5762,full_family_coverage,6628
6872,8148,131,145,18995,full_family_coverage,6629
8243,14297,41,319,13079,full_family_coverage,6630
6246,22234,76,58,4408,full_family_coverage,6631
18442,22589,491,44,21604,full_family_coverage,6632
6932,12326,53,18,954,full_family_coverage,6633
5810,14191,97,180,17460,full_family_coverage,6634
2035,7969,17,176,2992,full_family_coverage,6635
1606,17394,103,98,10094,full_family_coverage,6636
19991,22785,392,107,41944,full_family_coverage,6637
9245,18824,89,58,5162,full_family_coverage,6638
1854,20328,105,125,13125,full_family_coverage,6639
2424,3039,270,392,105840,full_family_coverage,6640
10332,22446,141,170,23970,full_family_coverage,6641
8058,8900,130,150,19500,full_family_coverage,6642
3623,22312,154,76,11704,full_family_coverage,6643
390,16585,57,86,4902,full_family_coverage,6644
5093,22822,137,127,17399,full_family_coverage,6645
17926,20647,166,55,9130,full_family_coverage,6646
5843,14061,59,186,10974,full_family_coverage,6647
10573,11749,79,143,11297,full_family_coverage,6648
9548,16380,39,272,10608,full_family_coverage,6649
993,13329,489,232,113448,full_family_coverage,6650
10900,22213,181,370,66970,full_family_coverage,6651
3897,19268,149,144,21456,full_family_coverage,6652
2427,6665,156,146,22776,full_family_coverage,6653
5451,9092,150,99,14850,full_family_coverage,6654
4780,9781,604,81,48924,full_family_coverage,6655
15271,16883,53,124,6572,full_family_coverage,6656
18447,24686,486,243,118098,full_family_coverage,6657
14704,18140,251,211,52961,full_family_coverage,6658
1143,10665,153,38,5814,full_family_coverage,6659
4505,5732,248,435,107880,full_family_coverage,6660
16881,19637,108,257,27756,full_family_coverage,6661
480,11606,380,94,35720,full_family_coverage,6662
13853,14050,23,161,3703,full_family_coverage,6663
537,2868,18,287,5166,full_family_coverage,6664
490,25016,75,168,12600,full_family_coverage,6665
18348,21681,68,93,6324,full_family_coverage,6666
169,10530,70,320,22400,full_family_coverage,6667
5364,20085,211,248,52328,full_family_coverage,6668
1418,22633,549,55,30195,full_family_coverage,6669
22720,25041,61,40,2440,full_family_coverage,6670
23223,23314,30,105,3150,full_family_coverage,6671
5520,24407,303,140,42420,full_family_coverage,6672
7652,15519,206,102,21012,full_family_coverage,6673
3218,22271,124,56,6944,full_family_coverage,6674
7160,11434,38,89,3382,full_family_coverage,6675
5655,8826,31,261,8091,full_family_coverage,6676
12301,21966,41,73,2993,full_family_coverage,6677
5197,5688,43,68,2924,full_family_coverage,6678
2596,24195,81,141,11421,full_family_coverage,6679
12857,15691,228,43,9804,full_family_coverage,6680
10753,17608,136,81,11016,full_family_coverage,6681
21417,23444,64,225,14400,full_family_coverage,6682
8069,21769,72,6,432,full_family_coverage,6683
7281,12743,294,153,44982,full_family_coverage,6684
1913,21454,47,98,4606,full_family_coverage,6685
716,18916,38,430,16340,full_family_coverage,6686
2255,2505,247,68,16796,full_family_coverage,6687
19827,20086,144,83,11952,full_family_coverage,6688
18398,25266,45,89,4005,full_family_coverage,6689
4747,23549,418,65,27170,full_family_coverage,6690
568,4407,248,97,24056,full_family_coverage,6691
10630,13291,720,81,58320,full_family_coverage,6692
6186,10776,376,219,82344,full_family_coverage,6693
24541,25481,977,167,163159,full_family_coverage,6694
17578,24493,136,81,11016,full_family_coverage,6695
780,10367,266,62,16492,full_family_coverage,6696
13897,20252,578,50,28900,full_family_coverage,6697
11501,21352,148,86,12728,full_family_coverage,6698
14617,22037,108,288,31104,full_family_coverage,6699
12375,17730,75,28,2100,full_family_coverage,6700
13496,13541,166,97,16102,full_family_coverage,6701
5421,9617,166,123,20418,full_family_coverage,6702
19527,22579,216,42,9072,full_family_coverage,6703
9527,14174,270,49,13230,full_family_coverage,6704
5665,6006,119,86,10234,full_family_coverage,6705
9198,20296,224,15,3360,full_family_coverage,6706
10532,19190,142,156,22152,full_family_coverage,6707
8276,11827,144,813,117072,full_family_coverage,6708
15929,16070,391,37,14467,full_family_coverage,6709
1279,21779,135,50,6750,full_family_coverage,6710
8180,15853,98,103,10094,full_family_coverage,6711
9585,9744,76,8,608,full_family_coverage,6712
3857,12812,105,101,10605,full_family_coverage,6713
6882,19182,38,235,8930,full_family_coverage,6714
11561,12750,109,148,16132,full_family_coverage,6715
1072,20515,125,362,45250,full_family_coverage,6716
9208,10141,157,121,18997,full_family_coverage,6717
7947,23914,68,352,23936,full_family_coverage,6718
3266,9803,323,72,23256,full_family_coverage,6719
14965,24377,83,129,10707,full_family_coverage,6720
5304,18945,85,182,15470,full_family_coverage,6721
5844,21435,292,237,69204,full_family_coverage,6722
7911,16921,59,28,1652,full_family_coverage,6723
18053,22011,152,30,4560,full_family_coverage,6724
12559,20444,161,35,5635,full_family_coverage,6725
16073,23983,116,142,16472,full_family_coverage,6726
201,18722,307,113,34691,full_family_coverage,6727
8014,11352,242,112,27104,full_family_coverage,6728
4082,21673,47,175,8225,full_family_coverage,6729
15394,16476,260,57,14820,full_family_coverage,6730
12438,12654,70,119,8330,full_family_coverage,6731
9239,20310,135,189,25515,full_family_coverage,6732
9231,16127,279,113,31527,full_family_coverage,6733
22839,23964,185,118,21830,full_family_coverage,6734
7914,25009,388,102,39576,full_family_coverage,6735
809,22817,271,233,63143,full_family_coverage,6736
17594,23407,97,100,9700,full_family_coverage,6737
11644,21316,115,35,4025,full_family_coverage,6738
24496,24584,61,85,5185,full_family_coverage,6739
14025,24130,80,125,10000,full_family_coverage,6740
14863,16119,96,93,8928,full_family_coverage,6741
213,9064,249,152,37848,full_family_coverage,6742
15231,19354,216,216,46656,full_family_coverage,6743
21002,21421,79,89,7031,full_family_coverage,6744
14228,23989,235,132,31020,full_family_coverage,6745
4449,13672,97,112,10864,full_family_coverage,6746
8918,23544,372,116,43152,full_family_coverage,6747
5518,19020,29,209,6061,full_family_coverage,6748
4347,13982,210,244,51240,full_family_coverage,6749
16773,23366,49,287,14063,full_family_coverage,6750
15182,18860,240,221,53040,full_family_coverage,6751
2371,13618,64,169,10816,full_family_coverage,6752
19741,23765,247,68,16796,full_family_coverage,6753
689,1632,290,58,16820,full_family_coverage,6754
999,15130,54,112,6048,full_family_coverage,6755
1147,16338,65,716,46540,full_family_coverage,6756
3549,13944,86,52,4472,full_family_coverage,6757
8268,24038,125,184,23000,full_family_coverage,6758
7444,16090,38,56,2128,full_family_coverage,6759
2842,21075,84,53,4452,full_family_coverage,6760
20744,22323,56,105,5880,full_family_coverage,6761
12814,17263,106,92,9752,full_family_coverage,6762
14071,21456,75,321,24075,full_family_coverage,6763
6423,20331,191,57,10887,full_family_coverage,6764
4010,4734,163,92,14996,full_family_coverage,6765
9130,12810,65,116,7540,full_family_coverage,6766
18490,18780,115,460,52900,full_family_coverage,6767
799,10553,53,75,3975,full_family_coverage,6768
14341,18877,213,101,21513,full_family_coverage,6769
4806,7534,188,54,10152,full_family_coverage,6770
18456,25535,186,125,23250,full_family_coverage,6771
3838,16274,232,51,11832,full_family_coverage,6772
10659,11839,52,34,1768,full_family_coverage,6773
1526,10607,170,37,6290,full_family_coverage,6774
1639,1886,121,74,8954,full_family_coverage,6775
11317,19396,184,129,23736,full_family_coverage,6776
5346,16505,511,157,80227,full_family_coverage,6777
10545,20758,367,51,18717,full_family_coverage,6778
1019,10243,133,134,17822,full_family_coverage,6779
7212,8521,62,70,4340,full_family_coverage,6780
14980,16130,355,225,79875,full_family_coverage,6781
12672,17121,75,190,14250,full_family_coverage,6782
4881,14448,61,193,11773,full_family_coverage,6783
3325,25125,122,329,40138,full_family_coverage,6784
5941,15905,180,277,49860,full_family_coverage,6785
9923,21083,63,54,3402,full_family_coverage,6786
9481,17891,69,488,33672,full_family_coverage,6787
16430,16983,71,89,6319,full_family_coverage,6788
325,5090,228,44,10032,full_family_coverage,6789
5131,11382,31,184,5704,full_family_coverage,6790
13010,15457,70,66,4620,full_family_coverage,6791
7762,15118,81,43,3483,full_family_coverage,6792
17352,20577,263,55,14465,full_family_coverage,6793
1305,10988,63,67,4221,full_family_coverage,6794
6409,15532,142,109,15478,full_family_coverage,6795
18922,22321,95,192,18240,full_family_coverage,6796
6299,25065,61,64,3904,full_family_coverage,6797
2138,5908,104,113,11752,full_family_coverage,6798
8206,19062,281,64,17984,full_family_coverage,6799
16484,23858,162,97,15714,full_family_coverage,6800
13133,13564,45,127,5715,full_family_coverage,6801
3364,19856,270,158,42660,full_family_coverage,6802
7693,18133,50,188,9400,full_family_coverage,6803
6374,9291,43,106,4558,full_family_coverage,6804
9242,23465,89,96,8544,full_family_coverage,6805
22508,23774,169,93,15717,full_family_coverage,6806
389,9525,20,38,760,full_family_coverage,6807
1413,8804,185,172,31820,full_family_coverage,6808
1779,25277,178,129,22962,full_family_coverage,6809
3912,22437,158,90,14220,full_family_coverage,6810
272,5544,370,254,93980,full_family_coverage,6811
4666,21082,370,61,22570,full_family_coverage,6812
10232,17459,234,37,8658,full_family_coverage,6813
1118,18603,183,111,20313,full_family_coverage,6814
11525,14217,42,87,3654,full_family_coverage,6815
4528,24351,240,175,42000,full_family_coverage,6816
10673,24226,67,189,12663,full_family_coverage,6817
4731,21187,243,86,20898,full_family_coverage,6818
443,21373,26,69,1794,full_family_coverage,6819
11823,20197,157,164,25748,full_family_coverage,6820
1242,13181,95,231,21945,full_family_coverage,6821
16263,19500,24,23,552,full_family_coverage,6822
7485,20728,138,126,17388,full_family_coverage,6823
2098,12529,341,43,14663,full_family_coverage,6824
13321,13594,98,281,27538,full_family_coverage,6825
7812,13886,148,421,62308,full_family_coverage,6826
5921,13596,412,105,43260,full_family_coverage,6827
16794,23750,92,78,7176,full_family_coverage,6828
2030,11336,38,68,2584,full_family_coverage,6829
18518,22795,261,61,15921,full_family_coverage,6830
11183,19783,81,113,9153,full_family_coverage,6831
18959,21678,76,167,12692,full_family_coverage,6832
10650,16485,62,169,10478,full_family_coverage,6833
3596,10828,55,68,3740,full_family_coverage,6834
4300,10109,257,41,10537,full_family_coverage,6835
6547,17781,169,92,15548,full_family_coverage,6836
12253,20572,70,99,6930,full_family_coverage,6837
19781,22560,219,115,25185,full_family_coverage,6838
11597,22035,75,168,12600,full_family_coverage,6839
15027,18120,72,177,12744,full_family_coverage,6840
12862,23568,83,120,9960,full_family_coverage,6841
7333,15042,411,203,83433,full_family_coverage,6842
333,17680,301,200,60200,full_family_coverage,6843
8345,13059,194,63,12222,full_family_coverage,6844
21175,21596,96,16,1536,full_family_coverage,6845
7415,10051,49,50,2450,full_family_coverage,6846
5884,7753,252,78,19656,full_family_coverage,6847
2955,14060,318,79,25122,full_family_coverage,6848
19271,21225,91,117,10647,full_family_coverage,6849
1566,20504,113,101,11413,full_family_coverage,6850
1917,4622,290,78,22620,full_family_coverage,6851
17904,24647,90,70,6300,full_family_coverage,6852
22401,25221,101,379,38279,full_family_coverage,6853
7686,18681,47,127,5969,full_family_coverage,6854
9301,19577,753,203,152859,full_family_coverage,6855
790,2144,105,131,13755,full_family_coverage,6856
5359,23199,108,194,20952,full_family_coverage,6857
2986,3646,104,82,8528,full_family_coverage,6858
10264,18973,74,71,5254,full_family_coverage,6859
14885,15790,89,321,28569,full_family_coverage,6860
14462,17722,1287,69,88803,full_family_coverage,6861
2908,7163,114,351,40014,full_family_coverage,6862
10352,13686,66,411,27126,full_family_coverage,6863
7315,12630,115,236,27140,full_family_coverage,6864
9929,18622,68,237,16116,full_family_coverage,6865
13608,19506,282,103,29046,full_family_coverage,6866
7550,24423,141,43,6063,full_family_coverage,6867
1018,14304,145,121,17545,full_family_coverage,6868
5944,18306,176,229,40304,full_family_coverage,6869
1866,21974,238,123,29274,full_family_coverage,6870
3579,15502,52,144,7488,full_family_coverage,6871
639,6733,96,95,9120,full_family_coverage,6872
12059,15081,125,73,9125,full_family_coverage,6873
3548,3682,316,34,10744,full_family_coverage,6874
12221,24384,96,295,28320,full_family_coverage,6875
18995,19228,106,140,14840,full_family_coverage,6876
1315,13517,87,70,6090,full_family_coverage,6877
14503,18246,113,299,33787,full_family_coverage,6878
9925,25383,78,120,9360,full_family_coverage,6879
16083,21398,249,68,16932,full_family_coverage,6880
4728,9604,306,51,15606,full_family_coverage,6881
15760,21278,156,94,14664,full_family_coverage,6882
2233,11671,111,279,30969,full_family_coverage,6883
15234,16183,77,309,23793,full_family_coverage,6884
3668,16226,262,108,28296,full_family_coverage,6885
16397,24083,146,118,17228,full_family_coverage,6886
12212,24860,35,170,5950,full_family_coverage,6887
13894,24688,55,169,9295,full_family_coverage,6888
5828,13480,13,118,1534,full_family_coverage,6889
5603,20304,56,138,7728,full_family_coverage,6890
4452,17152,116,23,2668,full_family_coverage,6891
6727,13072,162,170,27540,full_family_coverage,6892
6715,19809,232,118,27376,full_family_coverage,6893
13464,14810,113,333,37629,full_family_coverage,6894
2852,11508,128,35,4480,full_family_coverage,6895
6249,24808,252,116,29232,full_family_coverage,6896
12214,24021,139,153,21267,full_family_coverage,6897
1719,5935,348,150,52200,full_family_coverage,6898
479,8863,493,74,36482,full_family_coverage,6899
766,15378,178,259,46102,full_family_coverage,6900
9294,25163,133,36,4788,full_family_coverage,6901
21226,22858,79,180,14220,full_family_coverage,6902
3968,12381,212,77,16324,full_family_coverage,6903
5107,6670,72,161,11592,full_family_coverage,6904
393,14432,181,127,22987,full_family_coverage,6905
14008,20856,45,62,2790,full_family_coverage,6906
6398,17589,44,106,4664,full_family_coverage,6907
3079,13000,241,62,14942,full_family_coverage,6908
4405,24707,189,132,24948,full_family_coverage,6909
13882,15412,48,160,7680,full_family_coverage,6910
8983,13913,183,270,49410,full_family_coverage,6911
9049,10944,58,223,12934,full_family_coverage,6912
11928,17211,106,84,8904,full_family_coverage,6913
18609,21209,95,59,5605,full_family_coverage,6914
6296,18026,176,44,7744,full_family_coverage,6915
1605,11228,54,43,2322,full_family_coverage,6916
11719,15022,88,299,26312,full_family_coverage,6917
12576,20018,66,155,10230,full_family_coverage,6918
15896,19860,529,147,77763,full_family_coverage,6919
4071,8182,160,102,16320,full_family_coverage,6920
24046,25166,274,54,14796,full_family_coverage,6921
14427,14931,52,195,10140,full_family_coverage,6922
15650,21636,94,114,10716,full_family_coverage,6923
10648,15055,208,249,51792,full_family_coverage,6924
3995,19485,86,93,7998,full_family_coverage,6925
1096,21593,114,137,15618,full_family_coverage,6926
18195,18710,195,65,12675,full_family_coverage,6927
13702,18909,135,106,14310,full_family_coverage,6928
11581,16524,49,57,2793,full_family_coverage,6929
1029,7321,210,97,20370,full_family_coverage,6930
5416,20408,58,182,10556,full_family_coverage,6931
15245,16902,62,120,7440,full_family_coverage,6932
12254,13689,39,61,2379,full_family_coverage,6933
2197,11205,16,111,1776,full_family_coverage,6934
14602,23452,62,218,13516,full_family_coverage,6935
4254,15156,141,64,9024,full_family_coverage,6936
5868,23125,65,73,4745,full_family_coverage,6937
853,11746,202,179,36158,full_family_coverage,6938
13171,21736,205,208,42640,full_family_coverage,6939
546,14287,40,49,1960,full_family_coverage,6940
3789,11533,373,171,63783,full_family_coverage,6941
13437,15046,251,16,4016,full_family_coverage,6942
8079,23857,116,50,5800,full_family_coverage,6943
10713,11064,63,225,14175,full_family_coverage,6944
1193,10966,239,84,20076,full_family_coverage,6945
1831,10896,84,323,27132,full_family_coverage,6946
11436,24033,204,319,65076,full_family_coverage,6947
20221,20263,64,35,2240,full_family_coverage,6948
505,2928,19,170,3230,full_family_coverage,6949
10672,15077,121,61,7381,full_family_coverage,6950
5557,9850,253,137,34661,full_family_coverage,6951
9968,22985,54,194,10476,full_family_coverage,6952
20491,21183,16,72,1152,full_family_coverage,6953
973,12626,150,127,19050,full_family_coverage,6954
16933,20589,51,114,5814,full_family_coverage,6955
13138,13508,146,93,13578,full_family_coverage,6956
1496,24449,6,72,432,full_family_coverage,6957
10297,18788,209,67,14003,full_family_coverage,6958
4248,15050,45,39,1755,full_family_coverage,6959
1371,16191,246,138,33948,full_family_coverage,6960
12061,18608,153,86,13158,full_family_coverage,6961
10742,11405,88,117,10296,full_family_coverage,6962
3485,21411,88,32,2816,full_family_coverage,6963
19933,20624,44,51,2244,full_family_coverage,6964
12317,12935,268,40,10720,full_family_coverage,6965
14992,15562,292,127,37084,full_family_coverage,6966
16919,18801,95,229,21755,full_family_coverage,6967
12261,23898,124,55,6820,full_family_coverage,6968
4600,16180,132,28,3696,full_family_coverage,6969
13345,17408,153,74,11322,full_family_coverage,6970
1508,1856,322,90,28980,full_family_coverage,6971
5658,16571,73,83,6059,full_family_coverage,6972
15916,21032,102,179,18258,full_family_coverage,6973
1399,13515,112,202,22624,full_family_coverage,6974
4046,14185,59,157,9263,full_family_coverage,6975
3412,6860,362,179,64798,full_family_coverage,6976
1534,20403,148,55,8140,full_family_coverage,6977
173,3221,143,36,5148,full_family_coverage,6978
4579,13912,95,462,43890,full_family_coverage,6979
19323,21468,99,86,8514,full_family_coverage,6980
5358,14985,89,134,11926,full_family_coverage,6981
474,23580,259,85,22015,full_family_coverage,6982
5939,25510,510,107,54570,full_family_coverage,6983
5546,13968,421,235,98935,full_family_coverage,6984
1713,7030,208,89,18512,full_family_coverage,6985
5496,10364,338,116,39208,full_family_coverage,6986
3103,14554,169,101,17069,full_family_coverage,6987
9986,18428,119,58,6902,full_family_coverage,6988
9005,20616,239,72,17208,full_family_coverage,6989
2760,18577,95,546,51870,full_family_coverage,6990
11012,18354,236,136,32096,full_family_coverage,6991
718,15164,127,123,15621,full_family_coverage,6992
382,3547,39,148,5772,full_family_coverage,6993
5816,17808,88,121,10648,full_family_coverage,6994
12302,15160,72,125,9000,full_family_coverage,6995
15995,16319,94,217,20398,full_family_coverage,6996
9580,10331,201,229,46029,full_family_coverage,6997
19748,25251,59,40,2360,full_family_coverage,6998
925,17531,83,98,8134,full_family_coverage,6999
3417,11250,54,324,17496,full_family_coverage,7000
11558,18065,72,108,7776,full_family_coverage,7001
3343,17364,48,96,4608,full_family_coverage,7002
9765,13918,26,441,11466,full_family_coverage,7003
2926,3610,232,361,83752,full_family_coverage,7004
5930,10176,65,96,6240,full_family_coverage,7005
9018,24185,181,311,56291,full_family_coverage,7006
5459,14909,101,325,32825,full_family_coverage,7007
18035,24232,133,140,18620,full_family_coverage,7008
9556,13037,29,267,7743,full_family_coverage,7009
720,6970,344,15,5160,full_family_coverage,7010
11673,22021,32,175,5600,full_family_coverage,7011
3817,18752,187,116,21692,full_family_coverage,7012
14188,16781,232,124,28768,full_family_coverage,7013
11469,12803,65,75,4875,full_family_coverage,7014
23672,24876,15,148,2220,full_family_coverage,7015
1999,23789,31,131,4061,full_family_coverage,7016
15882,20510,73,105,7665,full_family_coverage,7017
5705,21775,377,101,38077,full_family_coverage,7018
5239,17437,20,122,2440,full_family_coverage,7019
5707,5875,299,34,10166,full_family_coverage,7020
6954,13983,94,130,12220,full_family_coverage,7021
4869,17679,116,127,14732,full_family_coverage,7022
3098,18407,77,343,26411,full_family_coverage,7023
348,5400,139,182,25298,full_family_coverage,7024
12740,22036,116,90,10440,full_family_coverage,7025
17670,20359,276,119,32844,full_family_coverage,7026
17366,18505,92,106,9752,full_family_coverage,7027
9483,23310,74,91,6734,full_family_coverage,7028
1811,24284,114,74,8436,full_family_coverage,7029
961,4252,69,266,18354,full_family_coverage,7030
14094,25516,204,82,16728,full_family_coverage,7031
179,1161,514,80,41120,full_family_coverage,7032
1650,19656,195,146,28470,full_family_coverage,7033
2896,12855,110,120,13200,full_family_coverage,7034
14541,22034,188,380,71440,full_family_coverage,7035
20171,20427,76,35,2660,full_family_coverage,7036
5540,7619,44,131,5764,full_family_coverage,7037
5297,10781,439,81,35559,full_family_coverage,7038
5003,21186,283,70,19810,full_family_coverage,7039
9353,10503,102,157,16014,full_family_coverage,7040
644,12518,48,288,13824,full_family_coverage,7041
2159,21253,349,61,21289,full_family_coverage,7042
13057,24457,487,87,42369,full_family_coverage,7043
141,17198,332,85,28220,full_family_coverage,7044
14267,22108,65,211,13715,full_family_coverage,7045
424,7377,42,61,2562,full_family_coverage,7046
958,22284,187,208,38896,full_family_coverage,7047
4977,6685,54,59,3186,full_family_coverage,7048
10112,20727,343,368,126224,full_family_coverage,7049
16433,22880,213,179,38127,full_family_coverage,7050
40,13766,80,265,21200,full_family_coverage,7051
19496,20970,86,223,19178,full_family_coverage,7052
10848,12911,51,130,6630,full_family_coverage,7053
5780,6810,48,104,4992,full_family_coverage,7054
16479,24742,67,78,5226,full_family_coverage,7055
16546,19772,73,44,3212,full_family_coverage,7056
13558,25116,138,153,21114,full_family_coverage,7057
1587,7017,74,17,1258,full_family_coverage,7058
2423,7368,75,32,2400,full_family_coverage,7059
6309,14167,159,124,19716,full_family_coverage,7060
5085,13070,159,227,36093,full_family_coverage,7061
13148,23037,114,85,9690,full_family_coverage,7062
564,6323,174,52,9048,full_family_coverage,7063
16816,18960,68,127,8636,full_family_coverage,7064
91,2971,52,87,4524,full_family_coverage,7065
20244,24018,77,39,3003,full_family_coverage,7066
11393,24878,282,184,51888,full_family_coverage,7067
16336,18493,177,78,13806,full_family_coverage,7068
4425,16499,255,368,93840,full_family_coverage,7069
2932,14707,132,108,14256,full_family_coverage,7070
23,8805,74,106,7844,full_family_coverage,7071
2611,6661,48,174,8352,full_family_coverage,7072
18077,24590,138,382,52716,full_family_coverage,7073
1263,10396,55,83,4565,full_family_coverage,7074
1954,24193,161,80,12880,full_family_coverage,7075
3525,14110,224,90,20160,full_family_coverage,7076
4450,23440,200,126,25200,full_family_coverage,7077
1869,2774,93,88,8184,full_family_coverage,7078
14151,17960,59,257,15163,full_family_coverage,7079
5174,20219,82,116,9512,full_family_coverage,7080
14812,18666,469,127,59563,full_family_coverage,7081
2603,4421,64,243,15552,full_family_coverage,7082
9409,19886,110,79,8690,full_family_coverage,7083
6993,24332,93,332,30876,full_family_coverage,7084
6702,7138,63,69,4347,full_family_coverage,7085
13531,14290,99,185,18315,full_family_coverage,7086
12807,16266,83,119,9877,full_family_coverage,7087
12314,21462,269,226,60794,full_family_coverage,7088
13736,22231,71,129,9159,full_family_coverage,7089
16704,19504,99,158,15642,full_family_coverage,7090
5354,24960,376,97,36472,full_family_coverage,7091
14099,17569,123,102,12546,full_family_coverage,7092
18545,24625,127,378,48006,full_family_coverage,7093
12733,25012,133,109,14497,full_family_coverage,7094
2897,3626,89,71,6319,full_family_coverage,7095
9102,24880,455,163,74165,full_family_coverage,7096
2964,3703,365,526,191990,full_family_coverage,7097
235,11414,123,233,28659,full_family_coverage,7098
3129,4121,159,196,31164,full_family_coverage,7099
93,8317,39,100,3900,full_family_coverage,7100
8359,9270,118,252,29736,full_family_coverage,7101
10012,15115,111,93,10323,full_family_coverage,7102
19104,25054,149,34,5066,full_family_coverage,7103
13819,17158,163,51,8313,full_family_coverage,7104
19171,21304,315,80,25200,full_family_coverage,7105
20742,21607,80,80,6400,full_family_coverage,7106
22414,25366,149,62,9238,full_family_coverage,7107
3787,11555,148,74,10952,full_family_coverage,7108
3025,7304,81,230,18630,full_family_coverage,7109
10629,14436,66,434,28644,full_family_coverage,7110
5335,15794,111,131,14541,full_family_coverage,7111
17862,22299,97,286,27742,full_family_coverage,7112
20796,22586,90,83,7470,full_family_coverage,7113
14109,24912,84,261,21924,full_family_coverage,7114
4856,8879,20,169,3380,full_family_coverage,7115
3586,13274,47,181,8507,full_family_coverage,7116
6019,11097,51,110,5610,full_family_coverage,7117
3992,21360,46,40,1840,full_family_coverage,7118
460,22592,177,31,5487,full_family_coverage,7119
3550,6986,63,151,9513,full_family_coverage,7120
3840,5671,95,55,5225,full_family_coverage,7121
913,23455,224,60,13440,full_family_coverage,7122
5805,8620,30,421,12630,full_family_coverage,7123
1735,19609,77,115,8855,full_family_coverage,7124
5663,15243,125,78,9750,full_family_coverage,7125
1377,24326,101,135,13635,full_family_coverage,7126
18171,18240,116,167,19372,full_family_coverage,7127
8944,19078,105,80,8400,full_family_coverage,7128
18462,20026,401,408,163608,full_family_coverage,7129
11903,18630,12,97,1164,full_family_coverage,7130
18271,20960,628,81,50868,full_family_coverage,7131
5709,17490,266,94,25004,full_family_coverage,7132
9623,25234,244,184,44896,full_family_coverage,7133
906,11756,405,60,24300,full_family_coverage,7134
3971,17986,208,99,20592,full_family_coverage,7135
4093,16102,99,261,25839,full_family_coverage,7136
9479,13583,65,103,6695,full_family_coverage,7137
1081,10678,93,189,17577,full_family_coverage,7138
784,23294,24,159,3816,full_family_coverage,7139
3499,24798,58,161,9338,full_family_coverage,7140
7647,22792,746,103,76838,full_family_coverage,7141
8147,12888,60,85,5100,full_family_coverage,7142
10939,24966,81,136,11016,full_family_coverage,7143
5285,20823,378,127,48006,full_family_coverage,7144
11023,18631,116,160,18560,full_family_coverage,7145
7051,24803,189,20,3780,full_family_coverage,7146
6641,17998,95,249,23655,full_family_coverage,7147
13139,13364,452,120,54240,full_family_coverage,7148
10043,12108,81,71,5751,full_family_coverage,7149
3342,19620,92,64,5888,full_family_coverage,7150
17689,21149,145,45,6525,full_family_coverage,7151
1423,22535,272,45,12240,full_family_coverage,7152
9450,19424,121,53,6413,full_family_coverage,7153
17202,20203,37,56,2072,full_family_coverage,7154
8862,13129,329,155,50995,full_family_coverage,7155
232,11640,117,177,20709,full_family_coverage,7156
13250,22010,70,34,2380,full_family_coverage,7157
11073,15421,287,242,69454,full_family_coverage,7158
16595,24594,123,205,25215,full_family_coverage,7159
16347,21093,334,56,18704,full_family_coverage,7160
1273,18586,71,133,9443,full_family_coverage,7161
5375,10700,438,274,120012,full_family_coverage,7162
9072,20437,203,90,18270,full_family_coverage,7163
14660,23643,83,94,7802,full_family_coverage,7164
388,2594,42,162,6804,full_family_coverage,7165
10937,19319,115,250,28750,full_family_coverage,7166
22923,23414,55,207,11385,full_family_coverage,7167
10619,21620,112,56,6272,full_family_coverage,7168
17575,18553,124,45,5580,full_family_coverage,7169
5200,22660,30,376,11280,full_family_coverage,7170
6252,25098,335,95,31825,full_family_coverage,7171
13851,23076,240,236,56640,full_family_coverage,7172
11589,12426,48,56,2688,full_family_coverage,7173
2326,3658,168,105,17640,full_family_coverage,7174
2625,2729,95,268,25460,full_family_coverage,7175
15315,19509,192,227,43584,full_family_coverage,7176
283,3465,127,128,16256,full_family_coverage,7177
12396,23423,100,145,14500,full_family_coverage,7178
18711,24019,180,39,7020,full_family_coverage,7179
6755,15358,45,159,7155,full_family_coverage,7180
1631,9950,486,48,23328,full_family_coverage,7181
10018,16594,113,114,12882,full_family_coverage,7182
2900,18528,286,112,32032,full_family_coverage,7183
3729,24461,85,119,10115,full_family_coverage,7184
1962,3953,555,136,75480,full_family_coverage,7185
10698,24678,240,146,35040,full_family_coverage,7186
13625,21605,99,74,7326,full_family_coverage,7187
749,16621,122,113,13786,full_family_coverage,7188
16190,21670,101,63,6363,full_family_coverage,7189
733,3032,108,58,6264,full_family_coverage,7190
7393,21903,15,39,585,full_family_coverage,7191
5254,12354,147,69,10143,full_family_coverage,7192
224,6097,222,55,12210,full_family_coverage,7193
13838,24391,65,405,26325,full_family_coverage,7194
15357,17961,73,283,20659,full_family_coverage,7195
17229,19093,99,74,7326,full_family_coverage,7196
2004,11067,368,147,54096,full_family_coverage,7197
21826,22014,94,25,2350,full_family_coverage,7198
21282,21619,107,173,18511,full_family_coverage,7199
2474,8831,221,194,42874,full_family_coverage,7200
9545,19940,140,519,72660,full_family_coverage,7201
9745,15035,58,160,9280,full_family_coverage,7202
2191,21706,814,153,124542,full_family_coverage,7203
11643,21238,185,112,20720,full_family_coverage,7204
2839,3563,239,103,24617,full_family_coverage,7205
14593,15734,104,120,12480,full_family_coverage,7206
11848,21773,39,136,5304,full_family_coverage,7207
3264,16398,235,97,22795,full_family_coverage,7208
545,14218,106,85,9010,full_family_coverage,7209
9426,19094,275,171,47025,full_family_coverage,7210
7699,16249,151,150,22650,full_family_coverage,7211
223,7013,122,90,10980,full_family_coverage,7212
7070,7920,78,89,6942,full_family_coverage,7213
6833,14329,277,85,23545,full_family_coverage,7214
8858,11630,178,463,82414,full_family_coverage,7215
3271,20539,74,131,9694,full_family_coverage,7216
10425,21365,72,134,9648,full_family_coverage,7217
20855,22173,49,125,6125,full_family_coverage,7218
5026,12087,37,168,6216,full_family_coverage,7219
9639,12593,57,47,2679,full_family_coverage,7220
7223,9875,26,118,3068,full_family_coverage,7221
17565,24538,75,176,13200,full_family_coverage,7222
12038,16326,163,80,13040,full_family_coverage,7223
17874,18347,117,60,7020,full_family_coverage,7224
11438,14586,159,253,40227,full_family_coverage,7225
15686,21407,215,201,43215,full_family_coverage,7226
7484,11104,67,67,4489,full_family_coverage,7227
8510,11981,205,154,31570,full_family_coverage,7228
15091,23202,76,279,21204,full_family_coverage,7229
8496,10363,120,214,25680,full_family_coverage,7230
8350,9029,76,124,9424,full_family_coverage,7231
16255,20820,162,155,25110,full_family_coverage,7232
13141,18365,203,242,49126,full_family_coverage,7233
19007,22342,112,209,23408,full_family_coverage,7234
14718,15978,227,123,27921,full_family_coverage,7235
20004,25353,144,129,18576,full_family_coverage,7236
19694,25124,59,100,5900,full_family_coverage,7237
15311,24771,134,70,9380,full_family_coverage,7238
10920,22781,53,75,3975,full_family_coverage,7239
5533,6364,165,687,113355,full_family_coverage,7240
5701,13178,58,296,17168,full_family_coverage,7241
7450,11820,10,50,500,full_family_coverage,7242
1941,10386,127,149,18923,full_family_coverage,7243
5328,6542,191,227,43357,full_family_coverage,7244
4290,11706,21,185,3885,full_family_coverage,7245
3248,6216,184,159,29256,full_family_coverage,7246
19260,20384,281,88,24728,full_family_coverage,7247
18670,24403,61,134,8174,full_family_coverage,7248
8087,12235,133,116,15428,full_family_coverage,7249
11477,23109,180,62,11160,full_family_coverage,7250
4200,11155,236,152,35872,full_family_coverage,7251
916,11302,548,31,16988,full_family_coverage,7252
8086,8195,120,108,12960,full_family_coverage,7253
116,3080,210,160,33600,full_family_coverage,7254
10663,17042,77,70,5390,full_family_coverage,7255
18689,25255,124,217,26908,full_family_coverage,7256
19546,24402,126,90,11340,full_family_coverage,7257
6721,14450,137,79,10823,full_family_coverage,7258
270,21969,59,102,6018,full_family_coverage,7259
827,1857,229,196,44884,full_family_coverage,7260
7107,7792,41,187,7667,full_family_coverage,7261
5819,11574,230,425,97750,full_family_coverage,7262
15997,18305,262,263,68906,full_family_coverage,7263
5204,25528,349,146,50954,full_family_coverage,7264
7119,21741,225,106,23850,full_family_coverage,7265
10576,24167,108,92,9936,full_family_coverage,7266
1721,22379,244,140,34160,full_family_coverage,7267
1262,18157,87,196,17052,full_family_coverage,7268
2096,7336,74,252,18648,full_family_coverage,7269
13263,13426,162,114,18468,full_family_coverage,7270
7322,8597,96,113,10848,full_family_coverage,7271
3044,15717,112,230,25760,full_family_coverage,7272
8394,14688,134,407,54538,full_family_coverage,7273
7238,17534,77,85,6545,full_family_coverage,7274
1325,25047,113,93,10509,full_family_coverage,7275
7122,19641,29,380,11020,full_family_coverage,7276
670,5251,93,373,34689,full_family_coverage,7277
2940,17896,93,604,56172,full_family_coverage,7278
5568,9920,148,135,19980,full_family_coverage,7279
14302,21588,59,71,4189,full_family_coverage,7280
825,7311,111,245,27195,full_family_coverage,7281
2320,3486,134,103,13802,full_family_coverage,7282
2714,12013,70,402,28140,full_family_coverage,7283
17110,17573,286,101,28886,full_family_coverage,7284
2526,18371,239,192,45888,full_family_coverage,7285
9375,21912,294,385,113190,full_family_coverage,7286
8746,19516,57,96,5472,full_family_coverage,7287
5687,6673,181,144,26064,full_family_coverage,7288
17389,22504,131,37,4847,full_family_coverage,7289
11432,18795,253,137,34661,full_family_coverage,7290
6878,24531,19,118,2242,full_family_coverage,7291
13425,23810,180,1424,256320,full_family_coverage,7292
574,4415,92,461,42412,full_family_coverage,7293
16775,23027,224,58,12992,full_family_coverage,7294
9111,25198,42,97,4074,full_family_coverage,7295
20529,23793,77,37,2849,full_family_coverage,7296
7025,20008,108,139,15012,full_family_coverage,7297
14897,22999,100,113,11300,full_family_coverage,7298
617,18494,22,124,2728,full_family_coverage,7299
8330,15177,117,79,9243,full_family_coverage,7300
1230,8599,175,181,31675,full_family_coverage,7301
1983,15791,264,63,16632,full_family_coverage,7302
17975,24180,48,30,1440,full_family_coverage,7303
5433,16869,130,24,3120,full_family_coverage,7304
1891,4697,107,59,6313,full_family_coverage,7305
1552,14578,363,93,33759,full_family_coverage,7306
19172,19462,412,527,217124,full_family_coverage,7307
5718,23466,374,70,26180,full_family_coverage,7308
3573,19158,135,199,26865,full_family_coverage,7309
9517,24288,133,102,13566,full_family_coverage,7310
8319,11199,95,350,33250,full_family_coverage,7311
366,25263,61,176,10736,full_family_coverage,7312
2572,14726,103,192,19776,full_family_coverage,7313
16028,18808,82,218,17876,full_family_coverage,7314
11946,20961,357,156,55692,full_family_coverage,7315
11111,15108,63,114,7182,full_family_coverage,7316
2179,10125,342,74,25308,full_family_coverage,7317
17149,18911,82,92,7544,full_family_coverage,7318
104,6684,124,330,40920,full_family_coverage,7319
13308,21603,294,79,23226,full_family_coverage,7320
10277,11652,38,270,10260,full_family_coverage,7321
5830,15113,217,202,43834,full_family_coverage,7322
6093,10697,71,229,16259,full_family_coverage,7323
2768,12310,256,137,35072,full_family_coverage,7324
2303,14391,106,388,41128,full_family_coverage,7325
11026,21802,74,140,10360,full_family_coverage,7326
3944,21715,47,60,2820,full_family_coverage,7327
6048,25482,165,147,24255,full_family_coverage,7328
17647,19595,56,49,2744,full_family_coverage,7329
3559,14539,240,66,15840,full_family_coverage,7330
7961,23272,66,155,10230,full_family_coverage,7331
6165,18791,242,55,13310,full_family_coverage,7332
13613,21929,101,81,8181,full_family_coverage,7333
14746,18294,453,295,133635,full_family_coverage,7334
21661,24887,37,134,4958,full_family_coverage,7335
4099,7397,142,23,3266,full_family_coverage,7336
21235,23939,100,272,27200,full_family_coverage,7337
10158,22396,248,77,19096,full_family_coverage,7338
7756,20717,65,123,7995,full_family_coverage,7339
2393,20319,127,95,12065,full_family_coverage,7340
6502,21850,249,30,7470,full_family_coverage,7341
467,6807,72,131,9432,full_family_coverage,7342
1077,16605,217,344,74648,full_family_coverage,7343
6905,13779,72,120,8640,full_family_coverage,7344
18674,22799,600,584,350400,full_family_coverage,7345
4012,17939,85,153,13005,full_family_coverage,7346
5713,8175,180,98,17640,full_family_coverage,7347
4096,10330,274,51,13974,full_family_coverage,7348
5934,16182,50,97,4850,full_family_coverage,7349
1943,7123,233,115,26795,full_family_coverage,7350
13036,25445,101,106,10706,full_family_coverage,7351
5933,20282,160,118,18880,full_family_coverage,7352
166,2268,59,435,25665,full_family_coverage,7353
6411,20705,59,120,7080,full_family_coverage,7354
6244,10972,148,149,22052,full_family_coverage,7355
18614,19098,288,223,64224,full_family_coverage,7356
10815,20864,125,148,18500,full_family_coverage,7357
14368,15904,1353,58,78474,full_family_coverage,7358
6227,18890,127,184,23368,full_family_coverage,7359
1795,15633,284,33,9372,full_family_coverage,7360
9504,12089,291,176,51216,full_family_coverage,7361
9355,11233,107,28,2996,full_family_coverage,7362
3556,4244,167,420,70140,full_family_coverage,7363
16442,22942,131,93,12183,full_family_coverage,7364
20942,24441,128,126,16128,full_family_coverage,7365
5264,11711,135,439,59265,full_family_coverage,7366
8917,9915,484,50,24200,full_family_coverage,7367
3634,13812,236,103,24308,full_family_coverage,7368
5495,20383,221,107,23647,full_family_coverage,7369
4698,7095,73,112,8176,full_family_coverage,7370
2948,21213,94,128,12032,full_family_coverage,7371
5361,5633,76,109,8284,full_family_coverage,7372
17442,20135,69,91,6279,full_family_coverage,7373
5954,13771,60,121,7260,full_family_coverage,7374
3773,14698,59,319,18821,full_family_coverage,7375
21688,22328,95,181,17195,full_family_coverage,7376
1859,4721,75,94,7050,full_family_coverage,7377
2559,25154,115,55,6325,full_family_coverage,7378
21486,25052,88,47,4136,full_family_coverage,7379
9918,11767,72,464,33408,full_family_coverage,7380
7151,10284,136,62,8432,full_family_coverage,7381
15969,18267,296,132,39072,full_family_coverage,7382
9554,25143,2367,266,629622,full_family_coverage,7383
3007,23690,171,327,55917,full_family_coverage,7384
1844,14817,80,117,9360,full_family_coverage,7385
18126,21457,111,114,12654,full_family_coverage,7386
18774,22726,177,63,11151,full_family_coverage,7387
2002,11990,149,87,12963,full_family_coverage,7388
5063,21258,794,95,75430,full_family_coverage,7389
2901,8693,92,72,6624,full_family_coverage,7390
1428,19840,144,186,26784,full_family_coverage,7391
318,2507,118,249,29382,full_family_coverage,7392
9563,13795,114,35,3990,full_family_coverage,7393
7745,22722,226,276,62376,full_family_coverage,7394
11728,18279,183,198,36234,full_family_coverage,7395
7698,23349,60,329,19740,full_family_coverage,7396
24727,25306,88,126,11088,full_family_coverage,7397
5062,11684,238,36,8568,full_family_coverage,7398
1290,18226,55,216,11880,full_family_coverage,7399
13561,18796,88,52,4576,full_family_coverage,7400
6185,9471,337,81,27297,full_family_coverage,7401
4305,8566,276,52,14352,full_family_coverage,7402
2475,19579,170,123,20910,full_family_coverage,7403
10349,14293,105,128,13440,full_family_coverage,7404
11333,14564,90,356,32040,full_family_coverage,7405
404,25076,148,112,16576,full_family_coverage,7406
8645,20312,359,38,13642,full_family_coverage,7407
12984,19027,135,252,34020,full_family_coverage,7408
7372,7983,68,55,3740,full_family_coverage,7409
4527,20645,105,62,6510,full_family_coverage,7410
5392,24943,198,70,13860,full_family_coverage,7411
9634,12981,263,52,13676,full_family_coverage,7412
1348,6223,195,85,16575,full_family_coverage,7413
533,22571,34,71,2414,full_family_coverage,7414
3033,7219,143,59,8437,full_family_coverage,7415
10258,13278,61,45,2745,full_family_coverage,7416
9131,23161,71,105,7455,full_family_coverage,7417
8539,17635,34,99,3366,full_family_coverage,7418
11793,17078,201,93,18693,full_family_coverage,7419
15665,19718,120,111,13320,full_family_coverage,7420
17100,22102,106,84,8904,full_family_coverage,7421
4003,19541,207,45,9315,full_family_coverage,7422
12241,24592,30,162,4860,full_family_coverage,7423
14774,17935,280,144,40320,full_family_coverage,7424
1754,16506,262,27,7074,full_family_coverage,7425
6341,9852,93,126,11718,full_family_coverage,7426
4112,18085,95,139,13205,full_family_coverage,7427
9374,14221,239,49,11711,full_family_coverage,7428
17849,24627,89,116,10324,full_family_coverage,7429
3137,7956,37,157,5809,full_family_coverage,7430
1929,13330,20,232,4640,full_family_coverage,7431
5384,18259,37,89,3293,full_family_coverage,7432
11650,20287,79,48,3792,full_family_coverage,7433
4693,18930,158,284,44872,full_family_coverage,7434
9893,23367,290,39,11310,full_family_coverage,7435
8,19879,191,99,18909,full_family_coverage,7436
6730,17482,50,79,3950,full_family_coverage,7437
8603,16940,101,120,12120,full_family_coverage,7438
13453,18567,297,148,43956,full_family_coverage,7439
5877,16092,141,305,43005,full_family_coverage,7440
7771,9069,94,565,53110,full_family_coverage,7441
6642,9370,521,154,80234,full_family_coverage,7442
20391,22854,74,279,20646,full_family_coverage,7443
4510,16046,366,239,87474,full_family_coverage,7444
3013,19627,199,728,144872,full_family_coverage,7445
15422,20424,139,104,14456,full_family_coverage,7446
1383,20035,268,59,15812,full_family_coverage,7447
10303,12128,253,142,35926,full_family_coverage,7448
3369,19423,116,78,9048,full_family_coverage,7449
10050,20904,61,118,7198,full_family_coverage,7450
17350,21624,247,192,47424,full_family_coverage,7451
3974,16974,245,88,21560,full_family_coverage,7452
5031,21502,217,120,26040,full_family_coverage,7453
1893,10316,179,54,9666,full_family_coverage,7454
2133,4404,79,165,13035,full_family_coverage,7455
15092,20935,278,88,24464,full_family_coverage,7456
7528,23822,161,225,36225,full_family_coverage,7457
3914,20419,80,102,8160,full_family_coverage,7458
4583,16820,281,102,28662,full_family_coverage,7459
4947,20076,151,167,25217,full_family_coverage,7460
18823,21157,110,214,23540,full_family_coverage,7461
10275,19912,69,214,14766,full_family_coverage,7462
4376,16700,644,104,66976,full_family_coverage,7463
6236,16951,189,143,27027,full_family_coverage,7464
10458,22789,319,65,20735,full_family_coverage,7465
7864,23032,217,257,55769,full_family_coverage,7466
1476,17153,240,18,4320,full_family_coverage,7467
3807,18123,54,56,3024,full_family_coverage,7468
17585,21533,310,123,38130,full_family_coverage,7469
17376,20826,97,98,9506,full_family_coverage,7470
2701,25096,65,90,5850,full_family_coverage,7471
7896,15477,283,129,36507,full_family_coverage,7472
4059,20104,107,133,14231,full_family_coverage,7473
10017,25075,83,62,5146,full_family_coverage,7474
14765,23299,218,294,64092,full_family_coverage,7475
1153,11306,47,88,4136,full_family_coverage,7476
2617,11066,82,146,11972,full_family_coverage,7477
2627,6526,108,146,15768,full_family_coverage,7478
5177,23345,125,87,10875,full_family_coverage,7479
8334,16959,41,26,1066,full_family_coverage,7480
778,21693,138,159,21942,full_family_coverage,7481
1851,13680,113,295,33335,full_family_coverage,7482
1481,4778,184,404,74336,full_family_coverage,7483
18219,20240,1171,250,292750,full_family_coverage,7484
4227,16120,50,234,11700,full_family_coverage,7485
14234,16541,46,55,2530,full_family_coverage,7486
17977,25049,50,448,22400,full_family_coverage,7487
1689,24358,114,100,11400,full_family_coverage,7488
18258,24069,567,113,64071,full_family_coverage,7489
7979,13872,191,128,24448,full_family_coverage,7490
10917,18634,74,107,7918,full_family_coverage,7491
9895,21548,121,26,3146,full_family_coverage,7492
8631,23142,151,21,3171,full_family_coverage,7493
10168,12377,30,58,1740,full_family_coverage,7494
3015,14563,186,319,59334,full_family_coverage,7495
7343,15663,118,222,26196,full_family_coverage,7496
5435,13586,60,49,2940,full_family_coverage,7497
12069,15247,128,217,27776,full_family_coverage,7498
4591,21190,58,164,9512,full_family_coverage,7499
14386,18799,322,85,27370,full_family_coverage,7500
15651,22444,66,146,9636,full_family_coverage,7501
2190,10810,12,169,2028,full_family_coverage,7502
5580,13805,97,521,50537,full_family_coverage,7503
2591,23986,62,165,10230,full_family_coverage,7504
9797,16747,105,56,5880,full_family_coverage,7505
2438,6477,234,301,70434,full_family_coverage,7506
7186,23362,171,22,3762,full_family_coverage,7507
20883,25111,58,87,5046,full_family_coverage,7508
1449,8633,293,156,45708,full_family_coverage,7509
5242,12140,167,126,21042,full_family_coverage,7510
15599,19248,100,98,9800,full_family_coverage,7511
18439,19555,170,86,14620,full_family_coverage,7512
1570,13715,71,54,3834,full_family_coverage,7513
19510,21994,55,100,5500,full_family_coverage,7514
4459,5283,106,685,72610,full_family_coverage,7515
1012,3816,76,304,23104,full_family_coverage,7516
3748,17560,188,17,3196,full_family_coverage,7517
12768,13798,192,94,18048,full_family_coverage,7518
3706,6561,101,358,36158,full_family_coverage,7519
6037,25342,142,50,7100,full_family_coverage,7520
14760,21124,30,101,3030,full_family_coverage,7521
6809,17638,157,106,16642,full_family_coverage,7522
2795,19452,317,207,65619,full_family_coverage,7523
1347,1789,163,88,14344,full_family_coverage,7524
2484,6373,57,20,1140,full_family_coverage,7525
5597,12009,94,158,14852,full_family_coverage,7526
19905,24889,198,67,13266,full_family_coverage,7527
14258,16061,11,360,3960,full_family_coverage,7528
4283,20087,297,18,5346,full_family_coverage,7529
7906,21700,207,160,33120,full_family_coverage,7530
4222,10031,167,115,19205,full_family_coverage,7531
4819,22304,254,88,22352,full_family_coverage,7532
7143,23052,739,83,61337,full_family_coverage,7533
15619,23640,66,166,10956,full_family_coverage,7534
15805,21172,198,187,37026,full_family_coverage,7535
12655,20862,119,69,8211,full_family_coverage,7536
1613,9478,237,295,69915,full_family_coverage,7537
4481,13852,181,63,11403,full_family_coverage,7538
6922,11391,110,229,25190,full_family_coverage,7539
13677,20440,434,156,67704,full_family_coverage,7540
6576,10676,182,89,16198,full_family_coverage,7541
3316,22658,373,380,141740,full_family_coverage,7542
3446,14895,39,135,5265,full_family_coverage,7543
12453,21474,397,76,30172,full_family_coverage,7544
6314,15789,378,156,58968,full_family_coverage,7545
14136,14156,86,70,6020,full_family_coverage,7546
7354,15002,100,498,49800,full_family_coverage,7547
4264,13576,350,75,26250,full_family_coverage,7548
10766,22468,118,116,13688,full_family_coverage,7549
10567,19159,174,115,20010,full_family_coverage,7550
4032,5838,101,59,5959,full_family_coverage,7551
11494,22177,133,83,11039,full_family_coverage,7552
19114,24315,49,85,4165,full_family_coverage,7553
9148,17387,135,27,3645,full_family_coverage,7554
4289,17955,8,94,752,full_family_coverage,7555
18379,24245,239,115,27485,full_family_coverage,7556
11412,24568,251,91,22841,full_family_coverage,7557
4080,22482,98,105,10290,full_family_coverage,7558
713,8312,168,234,39312,full_family_coverage,7559
1763,25226,140,151,21140,full_family_coverage,7560
14764,21056,318,64,20352,full_family_coverage,7561
4975,13705,102,48,4896,full_family_coverage,7562
7587,9057,18,130,2340,full_family_coverage,7563
6086,8590,54,34,1836,full_family_coverage,7564
4812,5299,106,241,25546,full_family_coverage,7565
8921,12875,359,53,19027,full_family_coverage,7566
14567,20693,411,109,44799,full_family_coverage,7567
8518,12969,127,45,5715,full_family_coverage,7568
6851,15259,24,206,4944,full_family_coverage,7569
7159,12922,106,298,31588,full_family_coverage,7570
1804,21433,109,170,18530,full_family_coverage,7571
1257,1835,149,414,61686,full_family_coverage,7572
5002,7466,196,318,62328,full_family_coverage,7573
8314,16161,121,150,18150,full_family_coverage,7574
12955,15577,46,54,2484,full_family_coverage,7575
1368,11232,185,22,4070,full_family_coverage,7576
1770,23667,122,42,5124,full_family_coverage,7577
14054,18047,122,266,32452,full_family_coverage,7578
12972,13714,35,163,5705,full_family_coverage,7579
7089,17234,112,82,9184,full_family_coverage,7580
9645,22500,90,80,7200,full_family_coverage,7581
12700,21039,164,76,12464,full_family_coverage,7582
3726,11230,221,83,18343,full_family_coverage,7583
6149,22156,210,67,14070,full_family_coverage,7584
3345,6130,128,68,8704,full_family_coverage,7585
8238,13226,174,72,12528,full_family_coverage,7586
3331,14223,228,146,33288,full_family_coverage,7587
7079,20853,126,59,7434,full_family_coverage,7588
5368,21169,114,81,9234,full_family_coverage,7589
7875,17435,109,45,4905,full_family_coverage,7590
446,23553,394,57,22458,full_family_coverage,7591
6395,16676,81,114,9234,full_family_coverage,7592
9107,22873,88,60,5280,full_family_coverage,7593
3674,17516,224,47,10528,full_family_coverage,7594
3514,7976,69,281,19389,full_family_coverage,7595
1778,12884,84,49,4116,full_family_coverage,7596
8567,14035,124,264,32736,full_family_coverage,7597
4458,13725,50,342,17100,full_family_coverage,7598
340,22947,326,132,43032,full_family_coverage,7599
8052,8667,84,75,6300,full_family_coverage,7600
9983,14900,27,42,1134,full_family_coverage,7601
335,14294,266,57,15162,full_family_coverage,7602
15716,22002,49,125,6125,full_family_coverage,7603
11377,13813,142,125,17750,full_family_coverage,7604
1545,7194,86,198,17028,full_family_coverage,7605
5796,23382,54,196,10584,full_family_coverage,7606
7640,12742,255,246,62730,full_family_coverage,7607
5836,23203,239,77,18403,full_family_coverage,7608
2530,24121,65,898,58370,full_family_coverage,7609
4210,16399,185,46,8510,full_family_coverage,7610
3413,24665,75,106,7950,full_family_coverage,7611
7870,11710,93,78,7254,full_family_coverage,7612
9063,13257,34,172,5848,full_family_coverage,7613
9555,24246,584,160,93440,full_family_coverage,7614
6328,19733,229,99,22671,full_family_coverage,7615
12821,21566,809,111,89799,full_family_coverage,7616
5564,10242,111,120,13320,full_family_coverage,7617
12669,21394,317,97,30749,full_family_coverage,7618
5014,14626,331,150,49650,full_family_coverage,7619
8293,24641,91,75,6825,full_family_coverage,7620
61,16517,118,22,2596,full_family_coverage,7621
1747,8449,156,75,11700,full_family_coverage,7622
8981,22031,123,212,26076,full_family_coverage,7623
18873,20428,85,114,9690,full_family_coverage,7624
6162,14599,61,144,8784,full_family_coverage,7625
4340,4467,134,162,21708,full_family_coverage,7626
18481,25393,239,95,22705,full_family_coverage,7627
4392,6203,289,30,8670,full_family_coverage,7628
8610,25395,132,82,10824,full_family_coverage,7629
3918,13116,81,67,5427,full_family_coverage,7630
1192,19591,215,59,12685,full_family_coverage,7631
11430,21366,102,42,4284,full_family_coverage,7632
828,18164,357,453,161721,full_family_coverage,7633
11322,15706,60,47,2820,full_family_coverage,7634
3955,6585,212,307,65084,full_family_coverage,7635
2518,21199,194,126,24444,full_family_coverage,7636
19947,21657,116,131,15196,full_family_coverage,7637
20300,24183,133,365,48545,full_family_coverage,7638
12690,12979,77,127,9779,full_family_coverage,7639
4925,14946,119,116,13804,full_family_coverage,7640
6144,16629,337,115,38755,full_family_coverage,7641
4897,12277,298,174,51852,full_family_coverage,7642
8445,9176,53,152,8056,full_family_coverage,7643
7052,21750,43,253,10879,full_family_coverage,7644
2149,3801,145,554,80330,full_family_coverage,7645
14262,23151,300,72,21600,full_family_coverage,7646
9685,12909,41,305,12505,full_family_coverage,7647
3062,6289,260,30,7800,full_family_coverage,7648
562,18489,86,224,19264,full_family_coverage,7649
10770,15567,309,86,26574,full_family_coverage,7650
12269,21622,29,58,1682,full_family_coverage,7651
15888,23618,51,81,4131,full_family_coverage,7652
10754,15200,62,62,3844,full_family_coverage,7653
11221,23182,378,81,30618,full_family_coverage,7654
560,728,112,153,17136,full_family_coverage,7655
22188,25035,170,96,16320,full_family_coverage,7656
7039,11768,104,116,12064,full_family_coverage,7657
12308,19189,60,502,30120,full_family_coverage,7658
13606,18975,255,110,28050,full_family_coverage,7659
1773,3191,266,64,17024,full_family_coverage,7660
10882,24297,268,115,30820,full_family_coverage,7661
20172,25000,34,128,4352,full_family_coverage,7662
4302,21266,61,121,7381,full_family_coverage,7663
14286,24842,808,129,104232,full_family_coverage,7664
23886,25070,129,287,37023,full_family_coverage,7665
1472,6548,226,23,5198,full_family_coverage,7666
4845,18876,416,238,99008,full_family_coverage,7667
20673,24709,105,188,19740,full_family_coverage,7668
5133,12166,240,93,22320,full_family_coverage,7669
3679,25333,136,159,21624,full_family_coverage,7670
1667,12887,205,179,36695,full_family_coverage,7671
842,6405,138,161,22218,full_family_coverage,7672
6850,23782,141,70,9870,full_family_coverage,7673
23610,25531,151,223,33673,full_family_coverage,7674
12892,23608,25,93,2325,full_family_coverage,7675
22423,24160,31,295,9145,full_family_coverage,7676
7179,23957,75,112,8400,full_family_coverage,7677
6795,13567,176,202,35552,full_family_coverage,7678
19311,19646,247,103,25441,full_family_coverage,7679
1762,18648,114,49,5586,full_family_coverage,7680
59,23513,268,100,26800,full_family_coverage,7681
8654,24785,28,55,1540,full_family_coverage,7682
4331,8524,73,89,6497,full_family_coverage,7683
6536,13177,132,82,10824,full_family_coverage,7684
11410,22951,308,74,22792,full_family_coverage,7685
11035,18012,313,120,37560,full_family_coverage,7686
12633,24626,59,38,2242,full_family_coverage,7687
7452,24903,14,66,924,full_family_coverage,7688
13477,25108,96,145,13920,full_family_coverage,7689
463,6738,120,90,10800,full_family_coverage,7690
11678,15952,54,60,3240,full_family_coverage,7691
4075,19233,444,71,31524,full_family_coverage,7692
8033,15503,118,80,9440,full_family_coverage,7693
12539,14680,160,248,39680,full_family_coverage,7694
227,7500,233,24,5592,full_family_coverage,7695
20220,24567,48,789,37872,full_family_coverage,7696
9873,24578,153,151,23103,full_family_coverage,7697
1878,18809,7,253,1771,full_family_coverage,7698
10311,16019,32,230,7360,full_family_coverage,7699
8097,8310,28,68,1904,full_family_coverage,7700
9900,24680,126,100,12600,full_family_coverage,7701
10529,17281,301,101,30401,full_family_coverage,7702
1046,3021,29,157,4553,full_family_coverage,7703
400,15096,12,81,972,full_family_coverage,7704
2019,9492,76,76,5776,full_family_coverage,7705
16471,21313,102,129,13158,full_family_coverage,7706
4777,6602,68,161,10948,full_family_coverage,7707
1398,14074,39,117,4563,full_family_coverage,7708
18800,19816,138,70,9660,full_family_coverage,7709
10241,19055,74,112,8288,full_family_coverage,7710
13922,18198,58,20,1160,full_family_coverage,7711
1925,13287,49,215,10535,full_family_coverage,7712
9000,15101,60,100,6000,full_family_coverage,7713
3768,9337,254,78,19812,full_family_coverage,7714
6375,24772,88,80,7040,full_family_coverage,7715
1663,13818,120,36,4320,full_family_coverage,7716
3354,14720,57,694,39558,full_family_coverage,7717
2139,16091,509,152,77368,full_family_coverage,7718
6590,18708,73,76,5548,full_family_coverage,7719
3,17001,127,22,2794,full_family_coverage,7720
2036,23714,15,192,2880,full_family_coverage,7721
14170,24781,436,129,56244,full_family_coverage,7722
571,20992,77,173,13321,full_family_coverage,7723
363,9732,33,79,2607,full_family_coverage,7724
13718,17626,105,107,11235,full_family_coverage,7725
84,5019,63,100,6300,full_family_coverage,7726
5289,21844,205,76,15580,full_family_coverage,7727
18715,21780,292,48,14016,full_family_coverage,7728
14369,22372,978,75,73350,full_family_coverage,7729
10741,13352,87,53,4611,full_family_coverage,7730
1447,17660,129,120,15480,full_family_coverage,7731
163,17571,120,98,11760,full_family_coverage,7732
8399,21931,184,85,15640,full_family_coverage,7733
2103,5394,374,84,31416,full_family_coverage,7734
17517,19948,88,143,12584,full_family_coverage,7735
5720,15104,176,93,16368,full_family_coverage,7736
9179,16938,289,17,4913,full_family_coverage,7737
9173,24439,217,148,32116,full_family_coverage,7738
23468,23579,50,216,10800,full_family_coverage,7739
5029,9459,83,249,20667,full_family_coverage,7740
15668,20985,89,94,8366,full_family_coverage,7741
1224,17532,106,107,11342,full_family_coverage,7742
9421,24220,32,64,2048,full_family_coverage,7743
1286,20048,63,38,2394,full_family_coverage,7744
14210,15786,161,231,37191,full_family_coverage,7745
2861,5835,62,327,20274,full_family_coverage,7746
1748,5114,202,600,121200,full_family_coverage,7747
946,8536,120,154,18480,full_family_coverage,7748
16867,20481,164,127,20828,full_family_coverage,7749
10089,22668,48,55,2640,full_family_coverage,7750
4297,18878,157,141,22137,full_family_coverage,7751
11305,20505,143,96,13728,full_family_coverage,7752
13231,15480,204,279,56916,full_family_coverage,7753
15328,15826,74,69,5106,full_family_coverage,7754
11889,19338,408,187,76296,full_family_coverage,7755
4250,10520,112,81,9072,full_family_coverage,7756
9326,18313,257,238,61166,full_family_coverage,7757
13974,20013,174,194,33756,full_family_coverage,7758
10735,24454,227,167,37909,full_family_coverage,7759
14003,25121,140,121,16940,full_family_coverage,7760
290,16057,189,133,25137,full_family_coverage,7761
10169,24901,87,112,9744,full_family_coverage,7762
11802,23867,142,87,12354,full_family_coverage,7763
18390,20865,81,58,4698,full_family_coverage,7764
12673,16050,128,72,9216,full_family_coverage,7765
10084,23241,408,73,29784,full_family_coverage,7766
3501,4446,251,253,63503,full_family_coverage,7767
2382,21855,166,40,6640,full_family_coverage,7768
6497,23994,100,94,9400,full_family_coverage,7769
11653,24024,96,28,2688,full_family_coverage,7770
607,19047,306,53,16218,full_family_coverage,7771
9780,11386,87,192,16704,full_family_coverage,7772
6104,17232,97,103,9991,full_family_coverage,7773
1134,14620,216,76,16416,full_family_coverage,7774
1556,8583,252,103,25956,full_family_coverage,7775
18628,20211,116,92,10672,full_family_coverage,7776
9820,13284,42,43,1806,full_family_coverage,7777
3249,22882,283,79,22357,full_family_coverage,7778
8730,22106,66,142,9372,full_family_coverage,7779
2210,8506,305,434,132370,full_family_coverage,7780
2529,5808,144,26,3744,full_family_coverage,7781
6849,7351,44,78,3432,full_family_coverage,7782
7664,19820,147,136,19992,full_family_coverage,7783
1380,3096,143,169,24167,full_family_coverage,7784
6600,12804,189,109,20601,full_family_coverage,7785
2162,2176,291,425,123675,full_family_coverage,7786
22198,24287,41,101,4141,full_family_coverage,7787
20672,22562,141,100,14100,full_family_coverage,7788
14395,16420,54,169,9126,full_family_coverage,7789
5657,24042,412,252,103824,full_family_coverage,7790
240,13949,282,232,65424,full_family_coverage,7791
8850,20964,250,426,106500,full_family_coverage,7792
2366,11915,537,238,127806,full_family_coverage,7793
5548,13559,81,167,13527,full_family_coverage,7794
6407,6491,111,541,60051,full_family_coverage,7795
9207,16898,118,85,10030,full_family_coverage,7796
19945,20432,452,291,131532,full_family_coverage,7797
2664,17788,409,28,11452,full_family_coverage,7798
2619,19747,163,75,12225,full_family_coverage,7799
9935,10250,76,351,26676,full_family_coverage,7800
10493,14106,75,191,14325,full_family_coverage,7801
6913,10460,54,55,2970,full_family_coverage,7802
2533,8480,264,42,11088,full_family_coverage,7803
2244,2498,315,55,17325,full_family_coverage,7804
14121,24009,153,209,31977,full_family_coverage,7805
2511,15475,200,129,25800,full_family_coverage,7806
11583,23921,210,35,7350,full_family_coverage,7807
9844,23193,250,70,17500,full_family_coverage,7808
1963,10694,163,322,52486,full_family_coverage,7809
1726,4518,339,31,10509,full_family_coverage,7810
9596,23881,155,82,12710,full_family_coverage,7811
17192,24396,160,236,37760,full_family_coverage,7812
5787,24604,113,542,61246,full_family_coverage,7813
21660,23066,27,189,5103,full_family_coverage,7814
7509,11775,89,85,7565,full_family_coverage,7815
7718,14534,38,368,13984,full_family_coverage,7816
18366,18376,1573,170,267410,full_family_coverage,7817
6353,10011,114,189,21546,full_family_coverage,7818
13011,24534,300,78,23400,full_family_coverage,7819
7888,13940,70,53,3710,full_family_coverage,7820
3399,14690,320,104,33280,full_family_coverage,7821
7604,21123,292,53,15476,full_family_coverage,7822
19049,22090,204,61,12444,full_family_coverage,7823
4482,4548,140,160,22400,full_family_coverage,7824
11929,20152,126,46,5796,full_family_coverage,7825
2723,12762,217,74,16058,full_family_coverage,7826
14013,23380,55,175,9625,full_family_coverage,7827
1386,25159,112,110,12320,full_family_coverage,7828
8301,22627,123,462,56826,full_family_coverage,7829
334,7245,118,284,33512,full_family_coverage,7830
7429,10689,26,172,4472,full_family_coverage,7831
51,7772,131,367,48077,full_family_coverage,7832
7774,16419,565,343,193795,full_family_coverage,7833
1009,2967,267,101,26967,full_family_coverage,7834
710,20953,137,145,19865,full_family_coverage,7835
13387,21615,198,148,29304,full_family_coverage,7836
17031,23406,82,95,7790,full_family_coverage,7837
5445,23342,69,90,6210,full_family_coverage,7838
4069,4543,512,343,175616,full_family_coverage,7839
18478,25133,277,219,60663,full_family_coverage,7840
10070,18836,67,137,9179,full_family_coverage,7841
13859,23902,98,94,9212,full_family_coverage,7842
12644,12716,86,84,7224,full_family_coverage,7843
14169,19087,123,117,14391,full_family_coverage,7844
11700,23122,77,109,8393,full_family_coverage,7845
2671,8992,141,139,19599,full_family_coverage,7846
6794,23631,122,131,15982,full_family_coverage,7847
7006,17840,61,66,4026,full_family_coverage,7848
7869,14919,351,151,53001,full_family_coverage,7849
13728,18837,54,169,9126,full_family_coverage,7850
1618,18056,30,134,4020,full_family_coverage,7851
15988,17348,108,188,20304,full_family_coverage,7852
994,15163,245,176,43120,full_family_coverage,7853
2660,9688,109,546,59514,full_family_coverage,7854
6110,8004,498,668,332664,full_family_coverage,7855
7719,20053,365,58,21170,full_family_coverage,7856
15756,17473,106,105,11130,full_family_coverage,7857
4727,12510,301,29,8729,full_family_coverage,7858
15318,17755,77,85,6545,full_family_coverage,7859
7036,15809,89,111,9879,full_family_coverage,7860
6965,18961,130,124,16120,full_family_coverage,7861
12760,17823,16,259,4144,full_family_coverage,7862
20969,22969,49,138,6762,full_family_coverage,7863
7118,22193,69,84,5796,full_family_coverage,7864
2434,12419,92,88,8096,full_family_coverage,7865
1450,24354,454,144,65376,full_family_coverage,7866
20483,23340,97,39,3783,full_family_coverage,7867
1888,17633,33,188,6204,full_family_coverage,7868
11979,16658,120,150,18000,full_family_coverage,7869
2996,23156,111,48,5328,full_family_coverage,7870
605,24778,99,160,15840,full_family_coverage,7871
2886,4541,199,398,79202,full_family_coverage,7872
6443,15216,117,73,8541,full_family_coverage,7873
6979,11257,203,57,11571,full_family_coverage,7874
20213,21985,81,24,1944,full_family_coverage,7875
2631,20553,250,58,14500,full_family_coverage,7876
8249,25472,141,110,15510,full_family_coverage,7877
10990,23369,227,88,19976,full_family_coverage,7878
12658,13419,82,98,8036,full_family_coverage,7879
12156,14722,48,675,32400,full_family_coverage,7880
11747,21270,71,50,3550,full_family_coverage,7881
11152,21418,63,118,7434,full_family_coverage,7882
3161,10161,437,143,62491,full_family_coverage,7883
5022,19398,122,112,13664,full_family_coverage,7884
3143,7157,128,230,29440,full_family_coverage,7885
2889,23734,106,64,6784,full_family_coverage,7886
6061,18370,95,448,42560,full_family_coverage,7887
14085,21308,143,78,11154,full_family_coverage,7888
17867,23599,127,93,11811,full_family_coverage,7889
19120,25356,188,62,11656,full_family_coverage,7890
5152,8121,281,72,20232,full_family_coverage,7891
11461,14939,21,82,1722,full_family_coverage,7892
4242,4892,442,287,126854,full_family_coverage,7893
22851,23755,113,83,9379,full_family_coverage,7894
14811,22134,42,234,9828,full_family_coverage,7895
17673,21247,93,29,2697,full_family_coverage,7896
13685,24488,86,111,9546,full_family_coverage,7897
2086,4208,368,538,197984,full_family_coverage,7898
16599,22093,101,295,29795,full_family_coverage,7899
8471,21901,277,55,15235,full_family_coverage,7900
7731,22734,62,45,2790,full_family_coverage,7901
10170,14324,98,150,14700,full_family_coverage,7902
4792,14202,583,257,149831,full_family_coverage,7903
1623,17030,60,123,7380,full_family_coverage,7904
4184,11136,192,129,24768,full_family_coverage,7905
20260,23257,102,195,19890,full_family_coverage,7906
4673,13286,438,114,49932,full_family_coverage,7907
5522,14584,102,121,12342,full_family_coverage,7908
14082,24273,84,115,9660,full_family_coverage,7909
10115,21587,95,86,8170,full_family_coverage,7910
3757,9575,48,50,2400,full_family_coverage,7911
148,14224,310,82,25420,full_family_coverage,7912
8638,20509,214,165,35310,full_family_coverage,7913
10784,16576,159,272,43248,full_family_coverage,7914
661,8088,64,89,5696,full_family_coverage,7915
3497,16743,43,96,4128,full_family_coverage,7916
878,15194,108,77,8316,full_family_coverage,7917
551,7402,177,69,12213,full_family_coverage,7918
18408,22207,442,92,40664,full_family_coverage,7919
9174,13473,155,120,18600,full_family_coverage,7920
7880,15822,160,45,7200,full_family_coverage,7921
9384,22640,126,88,11088,full_family_coverage,7922
14409,24472,134,221,29614,full_family_coverage,7923
14555,21878,87,167,14529,full_family_coverage,7924
9016,16322,437,99,43263,full_family_coverage,7925
22278,24429,187,35,6545,full_family_coverage,7926
6359,17719,90,170,15300,full_family_coverage,7927
13228,21402,121,201,24321,full_family_coverage,7928
3437,13027,236,56,13216,full_family_coverage,7929
8723,18543,104,168,17472,full_family_coverage,7930
7131,12450,214,150,32100,full_family_coverage,7931
1425,4246,18,454,8172,full_family_coverage,7932
19499,23564,158,21,3318,full_family_coverage,7933
13587,22061,38,104,3952,full_family_coverage,7934
20595,21598,55,147,8085,full_family_coverage,7935
800,17307,131,49,6419,full_family_coverage,7936
9338,10826,316,134,42344,full_family_coverage,7937
4671,15019,385,47,18095,full_family_coverage,7938
278,18537,81,217,17577,full_family_coverage,7939
4898,7780,381,161,61341,full_family_coverage,7940
4078,11804,33,121,3993,full_family_coverage,7941
674,21208,104,61,6344,full_family_coverage,7942
2822,15321,181,278,50318,full_family_coverage,7943
9622,14988,184,83,15272,full_family_coverage,7944
12774,18196,32,104,3328,full_family_coverage,7945
6984,16642,251,152,38152,full_family_coverage,7946
8865,12191,163,30,4890,full_family_coverage,7947
1332,7581,24,53,1272,full_family_coverage,7948
23320,23725,99,95,9405,full_family_coverage,7949
15884,18387,335,289,96815,full_family_coverage,7950
13001,24456,141,118,16638,full_family_coverage,7951
7943,10205,47,44,2068,full_family_coverage,7952
12088,21998,283,270,76410,full_family_coverage,7953
14226,24539,144,132,19008,full_family_coverage,7954
6256,11429,65,357,23205,full_family_coverage,7955
10995,22148,475,163,77425,full_family_coverage,7956
6610,21092,166,168,27888,full_family_coverage,7957
250,9978,138,74,10212,full_family_coverage,7958
4495,17885,50,66,3300,full_family_coverage,7959
10094,18461,358,693,248094,full_family_coverage,7960
11935,13091,86,51,4386,full_family_coverage,7961
6134,13150,221,104,22984,full_family_coverage,7962
8872,25282,529,81,42849,full_family_coverage,7963
20590,24832,71,85,6035,full_family_coverage,7964
12861,22615,77,82,6314,full_family_coverage,7965
3759,15737,252,66,16632,full_family_coverage,7966
1690,16140,227,187,42449,full_family_coverage,7967
410,14114,155,44,6820,full_family_coverage,7968
1119,8192,204,308,62832,full_family_coverage,7969
12240,14867,147,87,12789,full_family_coverage,7970
16504,24328,135,64,8640,full_family_coverage,7971
10759,14908,251,85,21335,full_family_coverage,7972
9431,19282,86,93,7998,full_family_coverage,7973
6749,18105,52,44,2288,full_family_coverage,7974
2046,21817,105,190,19950,full_family_coverage,7975
11162,15270,180,44,7920,full_family_coverage,7976
23869,24973,175,80,14000,full_family_coverage,7977
1446,6069,368,37,13616,full_family_coverage,7978
6018,9993,64,95,6080,full_family_coverage,7979
4773,17223,20,47,940,full_family_coverage,7980
9806,14728,163,959,156317,full_family_coverage,7981
16827,19857,331,71,23501,full_family_coverage,7982
1412,25184,79,79,6241,full_family_coverage,7983
16841,19869,89,102,9078,full_family_coverage,7984
17682,24237,188,114,21432,full_family_coverage,7985
359,11538,263,144,37872,full_family_coverage,7986
16109,22246,97,72,6984,full_family_coverage,7987
18655,23015,311,114,35454,full_family_coverage,7988
926,20679,178,55,9790,full_family_coverage,7989
3017,17624,290,73,21170,full_family_coverage,7990
3260,8915,248,139,34472,full_family_coverage,7991
9671,14674,406,134,54404,full_family_coverage,7992
6687,10093,86,54,4644,full_family_coverage,7993
18936,23394,393,89,34977,full_family_coverage,7994
912,4332,174,322,56028,full_family_coverage,7995
8582,15921,27,541,14607,full_family_coverage,7996
4990,22922,183,98,17934,full_family_coverage,7997
11758,14748,85,83,7055,full_family_coverage,7998
14150,19578,170,75,12750,full_family_coverage,7999
8849,16880,831,75,62325,full_family_coverage,8000
3106,21807,103,140,14420,full_family_coverage,8001
14314,19168,116,150,17400,full_family_coverage,8002
8325,9084,161,55,8855,full_family_coverage,8003
14459,15352,164,54,8856,full_family_coverage,8004
7418,10255,23,70,1610,full_family_coverage,8005
694,6265,444,51,22644,full_family_coverage,8006
12704,17450,45,106,4770,full_family_coverage,8007
531,17753,164,70,11480,full_family_coverage,8008
3050,3911,256,87,22272,full_family_coverage,8009
5849,10976,51,134,6834,full_family_coverage,8010
19341,22852,99,176,17424,full_family_coverage,8011
2742,21126,135,77,10395,full_family_coverage,8012
7970,15260,176,178,31328,full_family_coverage,8013
6446,19023,104,86,8944,full_family_coverage,8014
1434,20558,319,83,26477,full_family_coverage,8015
12363,20452,118,44,5192,full_family_coverage,8016
9007,17893,425,18,7650,full_family_coverage,8017
21885,23482,110,100,11000,full_family_coverage,8018
1881,11143,205,333,68265,full_family_coverage,8019
20488,25451,363,192,69696,full_family_coverage,8020
1749,6273,170,417,70890,full_family_coverage,8021
8305,19375,67,29,1943,full_family_coverage,8022
15751,17402,42,32,1344,full_family_coverage,8023
6031,22802,111,39,4329,full_family_coverage,8024
9352,12675,213,187,39831,full_family_coverage,8025
14716,24243,82,100,8200,full_family_coverage,8026
15448,21100,97,92,8924,full_family_coverage,8027
7147,7752,45,225,10125,full_family_coverage,8028
3178,15951,112,77,8624,full_family_coverage,8029
14933,16396,141,86,12126,full_family_coverage,8030
7229,23634,66,182,12012,full_family_coverage,8031
4883,22669,227,318,72186,full_family_coverage,8032
19650,24753,153,155,23715,full_family_coverage,8033
4964,16774,289,125,36125,full_family_coverage,8034
1206,19199,336,72,24192,full_family_coverage,8035
33,6084,85,53,4505,full_family_coverage,8036
11328,12865,107,104,11128,full_family_coverage,8037
7725,24956,115,119,13685,full_family_coverage,8038
17984,24547,102,138,14076,full_family_coverage,8039
7554,20896,177,41,7257,full_family_coverage,8040
20763,24124,49,253,12397,full_family_coverage,8041
10347,12243,83,71,5893,full_family_coverage,8042
15385,18883,119,72,8568,full_family_coverage,8043
21674,22862,83,126,10458,full_family_coverage,8044
12018,12801,52,90,4680,full_family_coverage,8045
4760,23106,214,68,14552,full_family_coverage,8046
6101,7214,60,65,3900,full_family_coverage,8047
2599,4105,180,65,11700,full_family_coverage,8048
6333,12500,121,206,24926,full_family_coverage,8049
8288,9026,99,280,27720,full_family_coverage,8050
3031,20532,795,89,70755,full_family_coverage,8051
2137,13669,77,225,17325,full_family_coverage,8052
2208,9833,306,94,28764,full_family_coverage,8053
13631,22356,54,137,7398,full_family_coverage,8054
16748,20081,57,73,4161,full_family_coverage,8055
4890,8304,115,80,9200,full_family_coverage,8056
5127,10179,266,177,47082,full_family_coverage,8057
1200,4045,323,109,35207,full_family_coverage,8058
4005,25495,214,150,32100,full_family_coverage,8059
4127,21611,215,160,34400,full_family_coverage,8060
21712,23155,69,50,3450,full_family_coverage,8061
5353,13084,449,111,49839,full_family_coverage,8062
9433,23413,247,103,25441,full_family_coverage,8063
3073,10997,311,206,64066,full_family_coverage,8064
5542,18540,65,84,5460,full_family_coverage,8065
12689,12872,53,139,7367,full_family_coverage,8066
2727,22288,252,170,42840,full_family_coverage,8067
11004,17398,156,23,3588,full_family_coverage,8068
5118,20103,382,95,36290,full_family_coverage,8069
3774,6014,169,79,13351,full_family_coverage,8070
8630,9953,149,88,13112,full_family_coverage,8071
6293,13452,117,38,4446,full_family_coverage,8072
12956,13071,91,124,11284,full_family_coverage,8073
6193,10911,72,137,9864,full_family_coverage,8074
6916,20362,40,45,1800,full_family_coverage,8075
4563,14130,147,81,11907,full_family_coverage,8076
16179,16751,28,152,4256,full_family_coverage,8077
2874,15303,1363,72,98136,full_family_coverage,8078
9276,16158,199,60,11940,full_family_coverage,8079
10038,20518,38,47,1786,full_family_coverage,8080
2398,11225,28,128,3584,full_family_coverage,8081
5918,23783,135,50,6750,full_family_coverage,8082
6817,14229,73,127,9271,full_family_coverage,8083
8517,19556,960,128,122880,full_family_coverage,8084
5009,23192,95,391,37145,full_family_coverage,8085
12515,24498,39,89,3471,full_family_coverage,8086
83,8007,98,198,19404,full_family_coverage,8087
10487,23512,87,40,3480,full_family_coverage,8088
2862,11397,240,104,24960,full_family_coverage,8089
2732,13432,94,220,20680,full_family_coverage,8090
1037,18957,179,131,23449,full_family_coverage,8091
14830,17537,98,100,9800,full_family_coverage,8092
4586,7167,175,89,15575,full_family_coverage,8093
12081,15170,314,165,51810,full_family_coverage,8094
5053,19786,27,153,4131,full_family_coverage,8095
9835,15432,139,294,40866,full_family_coverage,8096
9189,25380,149,104,15496,full_family_coverage,8097
4646,19366,204,414,84456,full_family_coverage,8098
4580,8406,48,103,4944,full_family_coverage,8099
2870,20500,62,89,5518,full_family_coverage,8100
14814,15910,199,245,48755,full_family_coverage,8101
1321,13870,33,71,2343,full_family_coverage,8102
12526,15634,82,55,4510,full_family_coverage,8103
16136,20712,131,48,6288,full_family_coverage,8104
291,317,42,386,16212,full_family_coverage,8105
8923,12621,354,170,60180,full_family_coverage,8106
15944,16910,443,67,29681,full_family_coverage,8107
21943,23558,133,130,17290,full_family_coverage,8108
16421,23753,46,77,3542,full_family_coverage,8109
2186,20188,230,122,28060,full_family_coverage,8110
6839,18892,32,25,800,full_family_coverage,8111
14731,23443,185,125,23125,full_family_coverage,8112
16657,23476,118,50,5900,full_family_coverage,8113
1548,16534,111,171,18981,full_family_coverage,8114
468,25219,250,122,30500,full_family_coverage,8115
13169,25043,169,149,25181,full_family_coverage,8116
11619,19411,140,253,35420,full_family_coverage,8117
9828,9912,17,122,2074,full_family_coverage,8118
11052,14159,177,105,18585,full_family_coverage,8119
17599,24058,101,82,8282,full_family_coverage,8120
17301,21117,107,107,11449,full_family_coverage,8121
5018,24188,177,376,66552,full_family_coverage,8122
19679,22701,90,78,7020,full_family_coverage,8123
14845,17838,134,92,12328,full_family_coverage,8124
18645,22260,120,93,11160,full_family_coverage,8125
2262,6960,152,204,31008,full_family_coverage,8126
8042,17906,164,188,30832,full_family_coverage,8127
9264,16901,186,66,12276,full_family_coverage,8128
3687,11190,36,54,1944,full_family_coverage,8129
7437,21376,17,74,1258,full_family_coverage,8130
12459,15547,215,50,10750,full_family_coverage,8131
8065,24376,85,152,12920,full_family_coverage,8132
6454,17388,54,82,4428,full_family_coverage,8133
3203,21016,144,155,22320,full_family_coverage,8134
18197,21025,132,86,11352,full_family_coverage,8135
16216,21958,128,100,12800,full_family_coverage,8136
9290,22649,79,437,34523,full_family_coverage,8137
17725,19838,169,61,10309,full_family_coverage,8138
4660,23562,82,650,53300,full_family_coverage,8139
13864,21378,60,64,3840,full_family_coverage,8140
16293,19453,84,247,20748,full_family_coverage,8141
8691,11032,61,110,6710,full_family_coverage,8142
6075,14096,94,515,48410,full_family_coverage,8143
107,17714,303,85,25755,full_family_coverage,8144
1487,7687,80,128,10240,full_family_coverage,8145
4733,19290,152,114,17328,full_family_coverage,8146
12719,12795,334,144,48096,full_family_coverage,8147
5517,17790,59,92,5428,full_family_coverage,8148
8492,8867,155,19,2945,full_family_coverage,8149
14275,22282,136,86,11696,full_family_coverage,8150
14126,19317,235,109,25615,full_family_coverage,8151
8188,17815,213,121,25773,full_family_coverage,8152
616,11178,25,78,1950,full_family_coverage,8153
3359,7646,33,63,2079,full_family_coverage,8154
6926,17292,26,59,1534,full_family_coverage,8155
5513,18641,154,349,53746,full_family_coverage,8156
3731,5007,122,87,10614,full_family_coverage,8157
25210,25462,210,75,15750,full_family_coverage,8158
6992,18011,60,81,4860,full_family_coverage,8159
18513,20289,137,91,12467,full_family_coverage,8160
2643,5523,98,231,22638,full_family_coverage,8161
11018,23873,218,48,10464,full_family_coverage,8162
14629,18611,188,90,16920,full_family_coverage,8163
5065,23531,38,40,1520,full_family_coverage,8164
5760,11345,88,335,29480,full_family_coverage,8165
933,6931,93,76,7068,full_family_coverage,8166
12218,21902,54,121,6534,full_family_coverage,8167
739,13690,72,53,3816,full_family_coverage,8168
5473,7542,40,125,5000,full_family_coverage,8169
10472,11534,118,61,7198,full_family_coverage,8170
1491,5153,1076,443,476668,full_family_coverage,8171
1741,4368,175,149,26075,full_family_coverage,8172
5601,20060,1043,93,96999,full_family_coverage,8173
3211,5345,281,775,217775,full_family_coverage,8174
10060,12950,138,200,27600,full_family_coverage,8175
13923,14868,341,57,19437,full_family_coverage,8176
1267,10779,71,133,9443,full_family_coverage,8177
1020,12652,199,153,30447,full_family_coverage,8178
5928,21078,201,240,48240,full_family_coverage,8179
2249,19909,46,69,3174,full_family_coverage,8180
4205,25214,274,176,48224,full_family_coverage,8181
6197,13967,67,209,14003,full_family_coverage,8182
19115,22119,122,185,22570,full_family_coverage,8183
2720,16359,520,69,35880,full_family_coverage,8184
5952,9616,123,49,6027,full_family_coverage,8185
11511,12189,16,176,2816,full_family_coverage,8186
7653,18599,89,91,8099,full_family_coverage,8187
5484,7515,110,42,4620,full_family_coverage,8188
1559,8372,414,59,24426,full_family_coverage,8189
6532,12401,421,222,93462,full_family_coverage,8190
9977,17827,111,77,8547,full_family_coverage,8191
3520,13857,147,438,64386,full_family_coverage,8192
1617,8738,122,30,3660,full_family_coverage,8193
13639,14837,143,42,6006,full_family_coverage,8194
13402,21869,91,162,14742,full_family_coverage,8195
2068,5214,206,56,11536,full_family_coverage,8196
10092,24827,47,285,13395,full_family_coverage,8197
12694,16111,157,103,16171,full_family_coverage,8198
17526,24571,101,74,7474,full_family_coverage,8199
2084,2735,178,184,32752,full_family_coverage,8200
14543,20928,163,89,14507,full_family_coverage,8201
282,15037,120,80,9600,full_family_coverage,8202
2853,24652,93,64,5952,full_family_coverage,8203
10535,15606,102,83,8466,full_family_coverage,8204
20514,20675,66,101,6666,full_family_coverage,8205
15514,17454,104,57,5928,full_family_coverage,8206
14139,21009,406,121,49126,full_family_coverage,8207
5004,14723,100,145,14500,full_family_coverage,8208
10802,17006,247,162,40014,full_family_coverage,8209
1863,12073,269,344,92536,full_family_coverage,8210
11639,12335,77,286,22022,full_family_coverage,8211
14724,22386,123,134,16482,full_family_coverage,8212
2184,23804,184,113,20792,full_family_coverage,8213
5213,7605,201,215,43215,full_family_coverage,8214
3533,22786,108,107,11556,full_family_coverage,8215
17196,25053,60,85,5100,full_family_coverage,8216
387,522,33,345,11385,full_family_coverage,8217
5652,23270,287,232,66584,full_family_coverage,8218
13788,21894,198,65,12870,full_family_coverage,8219
6773,11664,30,117,3510,full_family_coverage,8220
4945,23689,171,291,49761,full_family_coverage,8221
19275,24446,151,83,12533,full_family_coverage,8222
4931,13475,178,77,13706,full_family_coverage,8223
6961,13299,72,65,4680,full_family_coverage,8224
13524,13760,87,86,7482,full_family_coverage,8225
4476,10338,226,174,39324,full_family_coverage,8226
19674,22079,193,75,14475,full_family_coverage,8227
601,2361,71,254,18034,full_family_coverage,8228
896,3423,71,147,10437,full_family_coverage,8229
8197,8555,47,65,3055,full_family_coverage,8230
13421,17405,33,171,5643,full_family_coverage,8231
2913,3241,133,407,54131,full_family_coverage,8232
13272,23002,54,90,4860,full_family_coverage,8233
20298,24867,112,56,6272,full_family_coverage,8234
2653,8275,233,84,19572,full_family_coverage,8235
16839,19614,58,97,5626,full_family_coverage,8236
19831,19908,88,355,31240,full_family_coverage,8237
3312,6570,82,114,9348,full_family_coverage,8238
23336,24431,177,285,50445,full_family_coverage,8239
3406,8885,108,206,22248,full_family_coverage,8240
3659,12264,268,32,8576,full_family_coverage,8241
3329,3755,55,50,2750,full_family_coverage,8242
6217,24695,185,108,19980,full_family_coverage,8243
6126,6539,182,55,10010,full_family_coverage,8244
3439,5578,68,208,14144,full_family_coverage,8245
1300,2857,21,231,4851,full_family_coverage,8246
1842,14445,281,121,34001,full_family_coverage,8247
5483,18104,329,78,25662,full_family_coverage,8248
8870,10795,53,38,2014,full_family_coverage,8249
1724,21363,143,49,7007,full_family_coverage,8250
638,11300,98,454,44492,full_family_coverage,8251
10751,21742,25,108,2700,full_family_coverage,8252
5547,24422,354,90,31860,full_family_coverage,8253
8369,13004,58,96,5568,full_family_coverage,8254
2259,22710,588,57,33516,full_family_coverage,8255
7867,22267,94,104,9776,full_family_coverage,8256
6326,8351,74,43,3182,full_family_coverage,8257
6344,14184,52,56,2912,full_family_coverage,8258
2041,24712,90,30,2700,full_family_coverage,8259
21348,24211,78,90,7020,full_family_coverage,8260
21578,23446,97,110,10670,full_family_coverage,8261
13941,24948,184,177,32568,full_family_coverage,8262
5049,17039,293,135,39555,full_family_coverage,8263
1564,11195,99,534,52866,full_family_coverage,8264
8018,23498,63,255,16065,full_family_coverage,8265
10217,22170,71,210,14910,full_family_coverage,8266
14740,16980,139,102,14178,full_family_coverage,8267
2973,13776,165,170,28050,full_family_coverage,8268
14073,15371,220,193,42460,full_family_coverage,8269
699,13493,348,304,105792,full_family_coverage,8270
1927,17430,70,85,5950,full_family_coverage,8271
14335,21192,96,112,10752,full_family_coverage,8272
2031,17720,27,35,945,full_family_coverage,8273
4020,10343,66,219,14454,full_family_coverage,8274
5837,11670,193,64,12352,full_family_coverage,8275
14376,20965,124,105,13020,full_family_coverage,8276
22012,23046,20,101,2020,full_family_coverage,8277
22391,25262,133,143,19019,full_family_coverage,8278
10639,11030,463,373,172699,full_family_coverage,8279
12548,21954,112,38,4256,full_family_coverage,8280
5999,8967,82,392,32144,full_family_coverage,8281
7904,21734,102,89,9078,full_family_coverage,8282
3409,19630,769,74,56906,full_family_coverage,8283
11526,18363,121,282,34122,full_family_coverage,8284
16135,16178,332,135,44820,full_family_coverage,8285
12037,15565,237,18,4266,full_family_coverage,8286
1717,2878,137,104,14248,full_family_coverage,8287
5461,13312,530,173,91690,full_family_coverage,8288
7677,11615,112,79,8848,full_family_coverage,8289
2785,4989,110,174,19140,full_family_coverage,8290
8771,14200,65,188,12220,full_family_coverage,8291
7264,20484,136,169,22984,full_family_coverage,8292
19381,19808,230,81,18630,full_family_coverage,8293
8782,22732,126,65,8190,full_family_coverage,8294
6433,19986,174,130,22620,full_family_coverage,8295
3765,7921,125,347,43375,full_family_coverage,8296
20891,21709,295,176,51920,full_family_coverage,8297
6208,19352,227,201,45627,full_family_coverage,8298
10756,12833,64,115,7360,full_family_coverage,8299
2935,10461,200,246,49200,full_family_coverage,8300
1920,3085,121,172,20812,full_family_coverage,8301
452,20768,42,119,4998,full_family_coverage,8302
13979,22385,387,101,39087,full_family_coverage,8303
19671,19874,93,94,8742,full_family_coverage,8304
9457,16527,141,45,6345,full_family_coverage,8305
10019,11495,68,60,4080,full_family_coverage,8306
4839,13509,295,124,36580,full_family_coverage,8307
4295,12755,561,58,32538,full_family_coverage,8308
11641,23538,223,322,71806,full_family_coverage,8309
21733,22991,68,142,9656,full_family_coverage,8310
4221,13135,129,134,17286,full_family_coverage,8311
3076,21560,215,43,9245,full_family_coverage,8312
2130,14104,62,460,28520,full_family_coverage,8313
12624,19598,60,102,6120,full_family_coverage,8314
10970,17503,64,385,24640,full_family_coverage,8315
21659,24588,27,54,1458,full_family_coverage,8316
19213,24057,113,45,5085,full_family_coverage,8317
1333,18663,297,130,38610,full_family_coverage,8318
1916,24152,178,70,12460,full_family_coverage,8319
4584,13628,177,188,33276,full_family_coverage,8320
683,22700,115,89,10235,full_family_coverage,8321
1051,25083,319,99,31581,full_family_coverage,8322
17201,18616,179,325,58175,full_family_coverage,8323
17621,19658,142,139,19738,full_family_coverage,8324
10519,20806,53,115,6095,full_family_coverage,8325
19101,20836,91,31,2821,full_family_coverage,8326
7182,7532,103,31,3193,full_family_coverage,8327
1261,22871,181,163,29503,full_family_coverage,8328
9100,20534,200,75,15000,full_family_coverage,8329
3776,23590,296,130,38480,full_family_coverage,8330
11285,19596,132,30,3960,full_family_coverage,8331
14877,22101,161,115,18515,full_family_coverage,8332
4187,13503,159,116,18444,full_family_coverage,8333
8280,12918,91,347,31577,full_family_coverage,8334
6892,21755,98,365,35770,full_family_coverage,8335
13549,19091,88,95,8360,full_family_coverage,8336
9,20779,49,73,3577,full_family_coverage,8337
3134,11492,374,69,25806,full_family_coverage,8338
10444,22129,373,215,80195,full_family_coverage,8339
8074,14058,149,401,59749,full_family_coverage,8340
4050,21501,720,84,60480,full_family_coverage,8341
3754,6940,183,121,22143,full_family_coverage,8342
3251,6518,44,104,4576,full_family_coverage,8343
14547,25275,73,206,15038,full_family_coverage,8344
14713,15198,172,242,41624,full_family_coverage,8345
5763,17922,85,338,28730,full_family_coverage,8346
9332,21764,128,122,15616,full_family_coverage,8347
320,16615,312,287,89544,full_family_coverage,8348
7703,14757,216,115,24840,full_family_coverage,8349
17056,17824,30,43,1290,full_family_coverage,8350
1138,8008,62,91,5642,full_family_coverage,8351
6958,21518,752,44,33088,full_family_coverage,8352
5420,15980,244,238,58072,full_family_coverage,8353
5800,25450,202,171,34542,full_family_coverage,8354
6473,19633,75,133,9975,full_family_coverage,8355
16122,23312,95,110,10450,full_family_coverage,8356
1612,4192,77,66,5082,full_family_coverage,8357
20301,20707,40,114,4560,full_family_coverage,8358
7208,23509,234,110,25740,full_family_coverage,8359
4684,9215,279,188,52452,full_family_coverage,8360
3505,13909,137,175,23975,full_family_coverage,8361
1989,13132,325,110,35750,full_family_coverage,8362
10307,14196,203,46,9338,full_family_coverage,8363
7990,15766,60,156,9360,full_family_coverage,8364
9495,18168,32,143,4576,full_family_coverage,8365
12012,18706,61,119,7259,full_family_coverage,8366
10247,17303,94,60,5640,full_family_coverage,8367
2457,11110,147,210,30870,full_family_coverage,8368
3799,17476,173,88,15224,full_family_coverage,8369
2353,17147,511,134,68474,full_family_coverage,8370
10893,17999,139,443,61577,full_family_coverage,8371
20800,22194,80,205,16400,full_family_coverage,8372
1532,9877,86,66,5676,full_family_coverage,8373
13817,16320,45,74,3330,full_family_coverage,8374
3276,25447,61,60,3660,full_family_coverage,8375
16592,17236,95,72,6840,full_family_coverage,8376
14087,18270,52,131,6812,full_family_coverage,8377
9878,19112,81,128,10368,full_family_coverage,8378
7329,9398,115,61,7015,full_family_coverage,8379
4411,7765,121,105,12705,full_family_coverage,8380
6350,14133,88,106,9328,full_family_coverage,8381
20991,21883,107,125,13375,full_family_coverage,8382
10207,18214,141,137,19317,full_family_coverage,8383
5590,15294,187,146,27302,full_family_coverage,8384
1181,11715,314,90,28260,full_family_coverage,8385
10309,20880,191,126,24066,full_family_coverage,8386
2759,9702,81,494,40014,full_family_coverage,8387
5038,8075,76,99,7524,full_family_coverage,8388
15653,16746,50,56,2800,full_family_coverage,8389
7384,20163,25,151,3775,full_family_coverage,8390
6780,16460,12,200,2400,full_family_coverage,8391
8706,24579,73,78,5694,full_family_coverage,8392
2269,21300,66,89,5874,full_family_coverage,8393
14403,17773,91,148,13468,full_family_coverage,8394
3771,16559,126,102,12852,full_family_coverage,8395
1184,10807,90,243,21870,full_family_coverage,8396
15010,20237,194,57,11058,full_family_coverage,8397
7339,9493,193,178,34354,full_family_coverage,8398
1420,22107,251,202,50702,full_family_coverage,8399
12971,17101,63,102,6426,full_family_coverage,8400
4359,14661,215,103,22145,full_family_coverage,8401
4629,19219,249,139,34611,full_family_coverage,8402
1258,18707,55,120,6600,full_family_coverage,8403
11942,25438,139,57,7923,full_family_coverage,8404
12631,25118,85,157,13345,full_family_coverage,8405
810,12384,422,81,34182,full_family_coverage,8406
21585,22526,143,90,12870,full_family_coverage,8407
3959,14637,93,149,13857,full_family_coverage,8408
14533,24679,188,48,9024,full_family_coverage,8409
7636,21572,249,50,12450,full_family_coverage,8410
12512,13839,358,66,23628,full_family_coverage,8411
6079,12190,249,105,26145,full_family_coverage,8412
13908,20655,54,196,10584,full_family_coverage,8413
7094,17286,97,20,1940,full_family_coverage,8414
11133,13285,290,131,37990,full_family_coverage,8415
9206,21334,106,229,24274,full_family_coverage,8416
409,5667,251,115,28865,full_family_coverage,8417
21568,23089,85,62,5270,full_family_coverage,8418
7478,24831,14,260,3640,full_family_coverage,8419
10980,15815,163,86,14018,full_family_coverage,8420
9419,23150,104,455,47320,full_family_coverage,8421
14786,19426,361,101,36461,full_family_coverage,8422
20648,24250,184,113,20792,full_family_coverage,8423
11224,16967,96,119,11424,full_family_coverage,8424
7989,20144,125,67,8375,full_family_coverage,8425
8955,23133,139,72,10008,full_family_coverage,8426
2824,13783,368,191,70288,full_family_coverage,8427
11376,21091,61,64,3904,full_family_coverage,8428
7308,19732,83,194,16102,full_family_coverage,8429
14325,19286,102,138,14076,full_family_coverage,8430
11072,15765,120,98,11760,full_family_coverage,8431
14023,24823,149,104,15496,full_family_coverage,8432
1577,2000,525,31,16275,full_family_coverage,8433
6421,16790,190,63,11970,full_family_coverage,8434
8973,10073,54,119,6426,full_family_coverage,8435
5754,12010,134,197,26398,full_family_coverage,8436
8816,15149,123,92,11316,full_family_coverage,8437
13833,22780,46,92,4232,full_family_coverage,8438
2205,4665,319,207,66033,full_family_coverage,8439
9755,10045,120,57,6840,full_family_coverage,8440
2148,9530,129,305,39345,full_family_coverage,8441
16406,18938,83,253,20999,full_family_coverage,8442
17115,22624,157,95,14915,full_family_coverage,8443
11229,17092,49,88,4312,full_family_coverage,8444
5434,15993,290,121,35090,full_family_coverage,8445
15416,23948,254,116,29464,full_family_coverage,8446
15956,24972,114,154,17556,full_family_coverage,8447
3917,10605,204,69,14076,full_family_coverage,8448
3386,19651,92,94,8648,full_family_coverage,8449
14039,19270,51,262,13362,full_family_coverage,8450
15365,23471,288,189,54432,full_family_coverage,8451
15656,25077,65,41,2665,full_family_coverage,8452
4516,21538,236,46,10856,full_family_coverage,8453
688,6124,111,132,14652,full_family_coverage,8454
21664,25392,113,215,24295,full_family_coverage,8455
5157,17163,205,117,23985,full_family_coverage,8456
3837,8881,68,101,6868,full_family_coverage,8457
19799,21581,224,114,25536,full_family_coverage,8458
7279,12497,29,246,7134,full_family_coverage,8459
8634,22768,195,170,33150,full_family_coverage,8460
10186,18875,159,103,16377,full_family_coverage,8461
9891,13303,72,312,22464,full_family_coverage,8462
20313,21803,74,80,5920,full_family_coverage,8463
3810,17241,64,162,10368,full_family_coverage,8464
3371,17761,105,210,22050,full_family_coverage,8465
602,14418,32,21,672,full_family_coverage,8466
3252,11841,203,275,55825,full_family_coverage,8467
11771,16653,17,130,2210,full_family_coverage,8468
10593,19635,354,363,128502,full_family_coverage,8469
14463,15907,522,342,178524,full_family_coverage,8470
259,11400,275,125,34375,full_family_coverage,8471
11416,21325,177,50,8850,full_family_coverage,8472
9865,19433,38,263,9994,full_family_coverage,8473
7597,11091,5,350,1750,full_family_coverage,8474
3070,25437,317,198,62766,full_family_coverage,8475
20353,21127,79,106,8374,full_family_coverage,8476
6481,24203,68,207,14076,full_family_coverage,8477
2287,4927,107,128,13696,full_family_coverage,8478
16630,22838,73,70,5110,full_family_coverage,8479
7007,20434,44,375,16500,full_family_coverage,8480
508,21128,94,364,34216,full_family_coverage,8481
3874,21558,737,108,79596,full_family_coverage,8482
7658,11360,121,172,20812,full_family_coverage,8483
1902,11349,43,358,15394,full_family_coverage,8484
168,20477,35,66,2310,full_family_coverage,8485
220,23815,58,101,5858,full_family_coverage,8486
17465,20772,50,155,7750,full_family_coverage,8487
7761,10518,84,134,11256,full_family_coverage,8488
18755,20587,70,232,16240,full_family_coverage,8489
1382,18029,227,172,39044,full_family_coverage,8490
6025,23648,138,328,45264,full_family_coverage,8491
9188,20785,183,97,17751,full_family_coverage,8492
6402,8499,42,165,6930,full_family_coverage,8493
6915,12432,166,227,37682,full_family_coverage,8494
8090,16196,99,203,20097,full_family_coverage,8495
5341,8450,509,39,19851,full_family_coverage,8496
8383,23791,353,121,42713,full_family_coverage,8497
5399,8080,293,111,32523,full_family_coverage,8498
9549,17581,197,46,9062,full_family_coverage,8499
637,16971,269,125,33625,full_family_coverage,8500
20764,24937,233,138,32154,full_family_coverage,8501
13056,18039,175,105,18375,full_family_coverage,8502
2777,21714,143,69,9867,full_family_coverage,8503
10638,15288,118,127,14986,full_family_coverage,8504
14028,18575,188,415,78020,full_family_coverage,8505
3242,14352,75,58,4350,full_family_coverage,8506
22551,23271,120,106,12720,full_family_coverage,8507
3002,12792,90,76,6840,full_family_coverage,8508
6087,11609,170,109,18530,full_family_coverage,8509
15483,23760,614,193,118502,full_family_coverage,8510
2496,8615,205,51,10455,full_family_coverage,8511
2416,4143,47,91,4277,full_family_coverage,8512
685,3469,133,162,21546,full_family_coverage,8513
19477,23718,156,106,16536,full_family_coverage,8514
16884,17285,122,57,6954,full_family_coverage,8515
9890,21973,82,107,8774,full_family_coverage,8516
13409,24587,65,212,13780,full_family_coverage,8517
20111,22058,65,115,7475,full_family_coverage,8518
13580,14706,80,34,2720,full_family_coverage,8519
24274,24653,161,415,66815,full_family_coverage,8520
10835,21335,181,107,19367,full_family_coverage,8521
13172,13484,150,41,6150,full_family_coverage,8522
11909,18984,166,80,13280,full_family_coverage,8523
7546,24436,202,166,33532,full_family_coverage,8524
20726,25431,54,65,3510,full_family_coverage,8525
12380,13367,103,143,14729,full_family_coverage,8526
9529,22842,297,75,22275,full_family_coverage,8527
13455,22960,156,188,29328,full_family_coverage,8528
10504,13816,190,31,5890,full_family_coverage,8529
1387,21133,39,117,4563,full_family_coverage,8530
5466,10923,17,37,629,full_family_coverage,8531
8919,11515,190,112,21280,full_family_coverage,8532
10763,19397,26,116,3016,full_family_coverage,8533
3715,13829,241,288,69408,full_family_coverage,8534
126,14398,174,63,10962,full_family_coverage,8535
9468,11288,121,85,10285,full_family_coverage,8536
9216,25272,89,29,2581,full_family_coverage,8537
12080,17200,89,34,3026,full_family_coverage,8538
11282,18075,80,98,7840,full_family_coverage,8539
10164,20930,56,77,4312,full_family_coverage,8540
4251,9848,132,75,9900,full_family_coverage,8541
8579,17856,99,94,9306,full_family_coverage,8542
13018,17267,361,22,7942,full_family_coverage,8543
9031,10798,235,47,11045,full_family_coverage,8544
11789,18107,113,160,18080,full_family_coverage,8545
10417,25344,213,60,12780,full_family_coverage,8546
11614,18350,172,101,17372,full_family_coverage,8547
3306,14929,281,96,26976,full_family_coverage,8548
6209,12463,14,247,3458,full_family_coverage,8549
5382,8692,92,158,14536,full_family_coverage,8550
9361,25466,46,55,2530,full_family_coverage,8551
2003,18928,187,89,16643,full_family_coverage,8552
375,23064,140,31,4340,full_family_coverage,8553
6801,13043,192,65,12480,full_family_coverage,8554
7053,13951,157,456,71592,full_family_coverage,8555
11188,16032,138,272,37536,full_family_coverage,8556
2582,11462,40,57,2280,full_family_coverage,8557
344,7162,84,94,7896,full_family_coverage,8558
1979,4215,85,57,4845,full_family_coverage,8559
5995,15516,350,55,19250,full_family_coverage,8560
10156,16300,510,102,52020,full_family_coverage,8561
13927,17244,58,117,6786,full_family_coverage,8562
13260,18278,133,99,13167,full_family_coverage,8563
6479,10608,231,103,23793,full_family_coverage,8564
1865,11083,233,321,74793,full_family_coverage,8565
4001,19414,177,69,12213,full_family_coverage,8566
12625,21048,482,53,25546,full_family_coverage,8567
13593,15512,85,170,14450,full_family_coverage,8568
9532,24039,308,63,19404,full_family_coverage,8569
3625,12210,106,35,3710,full_family_coverage,8570
6775,19935,114,86,9804,full_family_coverage,8571
3116,22712,382,73,27886,full_family_coverage,8572
7915,21463,153,273,41769,full_family_coverage,8573
13773,14993,61,203,12383,full_family_coverage,8574
9147,15293,821,39,32019,full_family_coverage,8575
22561,23974,115,193,22195,full_family_coverage,8576
3416,23141,296,84,24864,full_family_coverage,8577
12656,16732,204,52,10608,full_family_coverage,8578
14633,23721,274,63,17262,full_family_coverage,8579
17529,19057,170,91,15470,full_family_coverage,8580
13568,21545,102,46,4692,full_family_coverage,8581
6826,13417,108,185,19980,full_family_coverage,8582
9598,20218,111,47,5217,full_family_coverage,8583
8201,23966,258,55,14190,full_family_coverage,8584
1578,3850,214,209,44726,full_family_coverage,8585
626,6174,106,49,5194,full_family_coverage,8586
738,22977,234,168,39312,full_family_coverage,8587
732,10631,312,112,34944,full_family_coverage,8588
6589,21331,227,89,20203,full_family_coverage,8589
4711,7282,243,56,13608,full_family_coverage,8590
7464,13610,51,82,4182,full_family_coverage,8591
13459,20975,205,135,27675,full_family_coverage,8592
10947,16283,167,180,30060,full_family_coverage,8593
2939,9040,135,300,40500,full_family_coverage,8594
17104,23739,117,294,34398,full_family_coverage,8595
7642,23359,37,23,851,full_family_coverage,8596
14627,19320,125,151,18875,full_family_coverage,8597
17800,21274,238,43,10234,full_family_coverage,8598
9544,13054,224,82,18368,full_family_coverage,8599
15957,21028,517,27,13959,full_family_coverage,8600
5668,23508,166,58,9628,full_family_coverage,8601
19409,25377,337,96,32352,full_family_coverage,8602
3784,21161,242,178,43076,full_family_coverage,8603
5639,16939,315,48,15120,full_family_coverage,8604
1826,17023,135,140,18900,full_family_coverage,8605
6370,13009,158,111,17538,full_family_coverage,8606
10936,19410,332,139,46148,full_family_coverage,8607
3922,24261,129,122,15738,full_family_coverage,8608
5307,24932,250,35,8750,full_family_coverage,8609
9758,22378,124,43,5332,full_family_coverage,8610
8410,14873,37,196,7252,full_family_coverage,8611
23024,23775,106,58,6148,full_family_coverage,8612
9649,21735,268,74,19832,full_family_coverage,8613
18248,22902,147,200,29400,full_family_coverage,8614
19143,22755,222,42,9324,full_family_coverage,8615
14761,21171,103,79,8137,full_family_coverage,8616
4968,17925,96,168,16128,full_family_coverage,8617
6389,19581,132,30,3960,full_family_coverage,8618
19362,22894,130,141,18330,full_family_coverage,8619
6394,21953,78,64,4992,full_family_coverage,8620
3841,18574,149,351,52299,full_family_coverage,8621
6334,23614,112,132,14784,full_family_coverage,8622
4522,9367,282,198,55836,full_family_coverage,8623
253,23300,364,344,125216,full_family_coverage,8624
2676,17640,95,57,5415,full_family_coverage,8625
6893,8739,171,50,8550,full_family_coverage,8626
5293,5313,120,260,31200,full_family_coverage,8627
2239,22850,152,107,16264,full_family_coverage,8628
1780,7348,142,144,20448,full_family_coverage,8629
3601,23694,413,121,49973,full_family_coverage,8630
3366,10448,89,67,5963,full_family_coverage,8631
10082,13957,99,367,36333,full_family_coverage,8632
288,2355,66,280,18480,full_family_coverage,8633
13785,18850,143,57,8151,full_family_coverage,8634
4755,22946,271,86,23306,full_family_coverage,8635
23969,25265,23,66,1518,full_family_coverage,8636
1555,9670,77,69,5313,full_family_coverage,8637
633,5455,56,107,5992,full_family_coverage,8638
13131,14018,47,112,5264,full_family_coverage,8639
15233,19079,152,322,48944,full_family_coverage,8640
6163,24690,213,81,17253,full_family_coverage,8641
2146,10312,109,116,12644,full_family_coverage,8642
15396,17269,220,64,14080,full_family_coverage,8643
19545,22776,286,37,10582,full_family_coverage,8644
2117,13875,94,78,7332,full_family_coverage,8645
6456,12347,172,100,17200,full_family_coverage,8646
12273,14123,133,129,17157,full_family_coverage,8647
17643,21167,147,295,43365,full_family_coverage,8648
876,18000,287,334,95858,full_family_coverage,8649
13907,22451,147,30,4410,full_family_coverage,8650
4706,9955,518,77,39886,full_family_coverage,8651
12588,23723,50,275,13750,full_family_coverage,8652
19900,22494,178,202,35956,full_family_coverage,8653
7302,18083,420,166,69720,full_family_coverage,8654
3303,22293,60,142,8520,full_family_coverage,8655
15568,25319,249,19,4731,full_family_coverage,8656
11603,17109,141,151,21291,full_family_coverage,8657
3365,15481,300,114,34200,full_family_coverage,8658
19351,23603,1111,95,105545,full_family_coverage,8659
5273,16934,163,51,8313,full_family_coverage,8660
6377,9506,71,106,7526,full_family_coverage,8661
12433,14518,77,71,5467,full_family_coverage,8662
3813,19367,116,146,16936,full_family_coverage,8663
2158,11140,81,109,8829,full_family_coverage,8664
735,4742,179,157,28103,full_family_coverage,8665
13,13363,48,134,6432,full_family_coverage,8666
3652,5596,135,93,12555,full_family_coverage,8667
352,5339,82,64,5248,full_family_coverage,8668
10221,18451,56,218,12208,full_family_coverage,8669
18186,22801,70,68,4760,full_family_coverage,8670
18579,21574,64,62,3968,full_family_coverage,8671
2994,13675,305,205,62525,full_family_coverage,8672
1031,16278,191,29,5539,full_family_coverage,8673
919,1170,87,432,37584,full_family_coverage,8674
2607,12250,55,149,8195,full_family_coverage,8675
7510,16587,63,75,4725,full_family_coverage,8676
8637,11212,75,53,3975,full_family_coverage,8677
1246,7806,225,396,89100,full_family_coverage,8678
4067,17258,165,68,11220,full_family_coverage,8679
7675,13327,208,108,22464,full_family_coverage,8680
16034,20622,22,82,1804,full_family_coverage,8681
16613,22015,45,54,2430,full_family_coverage,8682
3302,7261,23,463,10649,full_family_coverage,8683
11238,20748,166,35,5810,full_family_coverage,8684
2325,14807,171,101,17271,full_family_coverage,8685
8901,23907,91,230,20930,full_family_coverage,8686
6947,25095,71,147,10437,full_family_coverage,8687
12110,16873,45,102,4590,full_family_coverage,8688
11365,18897,118,85,10030,full_family_coverage,8689
1216,2026,48,74,3552,full_family_coverage,8690
19118,23949,118,108,12744,full_family_coverage,8691
3728,11738,143,59,8437,full_family_coverage,8692
13335,20824,463,37,17131,full_family_coverage,8693
6841,13546,177,211,37347,full_family_coverage,8694
12289,19251,222,291,64602,full_family_coverage,8695
19235,19803,43,37,1591,full_family_coverage,8696
12406,20375,169,172,29068,full_family_coverage,8697
1213,2538,108,198,21384,full_family_coverage,8698
3240,19573,202,92,18584,full_family_coverage,8699
14032,14782,138,228,31464,full_family_coverage,8700
22128,22159,208,60,12480,full_family_coverage,8701
1661,24529,222,97,21534,full_family_coverage,8702
6828,8260,70,113,7910,full_family_coverage,8703
15186,15476,157,79,12403,full_family_coverage,8704
6346,19244,163,58,9454,full_family_coverage,8705
6717,13064,187,105,19635,full_family_coverage,8706
6802,24783,273,22,6006,full_family_coverage,8707
4029,9171,132,83,10956,full_family_coverage,8708
7362,8533,147,55,8085,full_family_coverage,8709
9368,15648,362,103,37286,full_family_coverage,8710
19010,19770,91,52,4732,full_family_coverage,8711
9611,20078,51,107,5457,full_family_coverage,8712
5376,12251,176,102,17952,full_family_coverage,8713
7885,19081,75,154,11550,full_family_coverage,8714
14266,17457,312,25,7800,full_family_coverage,8715
9994,14532,44,81,3564,full_family_coverage,8716
8513,23467,59,240,14160,full_family_coverage,8717
9502,20280,21,104,2184,full_family_coverage,8718
5802,16783,118,50,5900,full_family_coverage,8719
9794,24366,110,120,13200,full_family_coverage,8720
3690,21356,70,81,5670,full_family_coverage,8721
9633,24950,354,71,25134,full_family_coverage,8722
12167,17763,129,47,6063,full_family_coverage,8723
21229,25317,52,164,8528,full_family_coverage,8724
24348,24847,110,146,16060,full_family_coverage,8725
9686,23649,208,61,12688,full_family_coverage,8726
3762,14646,183,73,13359,full_family_coverage,8727
183,12773,33,206,6798,full_family_coverage,8728
4414,24200,152,110,16720,full_family_coverage,8729
6867,11087,105,125,13125,full_family_coverage,8730
7004,9219,37,83,3071,full_family_coverage,8731
9202,19009,56,41,2296,full_family_coverage,8732
2070,5977,63,213,13419,full_family_coverage,8733
12502,22616,314,33,10362,full_family_coverage,8734
14638,22673,97,89,8633,full_family_coverage,8735
1703,2755,190,220,41800,full_family_coverage,8736
14838,24387,72,139,10008,full_family_coverage,8737
7108,18591,195,93,18135,full_family_coverage,8738
4493,22442,306,110,33660,full_family_coverage,8739
581,1742,217,226,49042,full_family_coverage,8740
11734,22296,237,317,75129,full_family_coverage,8741
11076,16318,119,165,19635,full_family_coverage,8742
1903,12759,418,97,40546,full_family_coverage,8743
13357,16451,242,58,14036,full_family_coverage,8744
2327,11695,81,149,12069,full_family_coverage,8745
2357,5383,341,141,48081,full_family_coverage,8746
3969,25367,163,261,42543,full_family_coverage,8747
9067,14446,332,310,102920,full_family_coverage,8748
3735,11676,317,170,53890,full_family_coverage,8749
7991,20599,196,1563,306348,full_family_coverage,8750
4631,10224,130,59,7670,full_family_coverage,8751
19530,19904,78,160,12480,full_family_coverage,8752
6743,17259,149,36,5364,full_family_coverage,8753
14822,16459,144,181,26064,full_family_coverage,8754
22007,22480,303,96,29088,full_family_coverage,8755
17403,19870,34,87,2958,full_family_coverage,8756
7367,13960,19,256,4864,full_family_coverage,8757
11879,12102,176,320,56320,full_family_coverage,8758
10819,12290,114,20,2280,full_family_coverage,8759
1107,9659,42,364,15288,full_family_coverage,8760
15048,22793,20,48,960,full_family_coverage,8761
10206,14902,112,164,18368,full_family_coverage,8762
13463,24310,55,42,2310,full_family_coverage,8763
8563,16539,53,42,2226,full_family_coverage,8764
14752,19322,379,117,44343,full_family_coverage,8765
12279,15762,167,101,16867,full_family_coverage,8766
2204,14005,155,87,13485,full_family_coverage,8767
9347,19626,79,201,15879,full_family_coverage,8768
4874,8560,212,71,15052,full_family_coverage,8769
7044,12853,142,69,9798,full_family_coverage,8770
14128,21522,148,36,5328,full_family_coverage,8771
4751,15418,74,156,11544,full_family_coverage,8772
6504,8015,578,32,18496,full_family_coverage,8773
3633,15796,499,168,83832,full_family_coverage,8774
11536,24241,217,165,35805,full_family_coverage,8775
9386,11885,253,217,54901,full_family_coverage,8776
4787,14375,99,390,38610,full_family_coverage,8777
2123,16650,128,113,14464,full_family_coverage,8778
12684,15928,48,179,8592,full_family_coverage,8779
1050,17291,109,125,13625,full_family_coverage,8780
3655,8335,227,503,114181,full_family_coverage,8781
12130,21478,85,51,4335,full_family_coverage,8782
10354,24068,320,288,92160,full_family_coverage,8783
6488,12093,55,171,9405,full_family_coverage,8784
16694,22432,263,38,9994,full_family_coverage,8785
576,9861,89,66,5874,full_family_coverage,8786
22705,25209,74,266,19684,full_family_coverage,8787
21312,22791,207,172,35604,full_family_coverage,8788
6950,10245,70,149,10430,full_family_coverage,8789
4938,13700,245,171,41895,full_family_coverage,8790
24,21911,170,219,37230,full_family_coverage,8791
6365,10789,97,149,14453,full_family_coverage,8792
10785,11914,419,73,30587,full_family_coverage,8793
6510,17713,166,218,36188,full_family_coverage,8794
12729,19927,49,195,9555,full_family_coverage,8795
10428,10942,46,86,3956,full_family_coverage,8796
17266,18472,113,95,10735,full_family_coverage,8797
13878,24037,277,40,11080,full_family_coverage,8798
549,21345,114,65,7410,full_family_coverage,8799
5041,23540,75,94,7050,full_family_coverage,8800
156,5670,153,212,32436,full_family_coverage,8801
242,13774,41,341,13981,full_family_coverage,8802
5993,13266,204,409,83436,full_family_coverage,8803
6112,20216,230,16,3680,full_family_coverage,8804
8234,9705,97,25,2425,full_family_coverage,8805
20530,25092,80,84,6720,full_family_coverage,8806
9323,13975,325,72,23400,full_family_coverage,8807
6933,8880,43,177,7611,full_family_coverage,8808
3981,18310,137,186,25482,full_family_coverage,8809
9440,23517,877,130,114010,full_family_coverage,8810
6757,9250,135,188,25380,full_family_coverage,8811
2930,10869,272,78,21216,full_family_coverage,8812
12937,19771,31,752,23312,full_family_coverage,8813
7730,16247,80,174,13920,full_family_coverage,8814
6059,18804,103,123,12669,full_family_coverage,8815
3281,13297,70,206,14420,full_family_coverage,8816
11702,22055,75,60,4500,full_family_coverage,8817
15675,22520,61,65,3965,full_family_coverage,8818
5978,13828,157,99,15543,full_family_coverage,8819
16501,22126,45,92,4140,full_family_coverage,8820
4674,20302,214,53,11342,full_family_coverage,8821
13589,21542,171,62,10602,full_family_coverage,8822
13197,19277,54,131,7074,full_family_coverage,8823
8526,8697,91,206,18746,full_family_coverage,8824
23051,23344,342,71,24282,full_family_coverage,8825
1843,22196,166,50,8300,full_family_coverage,8826
4828,19266,221,184,40664,full_family_coverage,8827
10994,19206,489,92,44988,full_family_coverage,8828
16604,22167,158,145,22910,full_family_coverage,8829
18170,19348,265,95,25175,full_family_coverage,8830
10049,22219,85,35,2975,full_family_coverage,8831
14762,20676,395,66,26070,full_family_coverage,8832
25,4512,310,172,53320,full_family_coverage,8833
9292,14278,49,519,25431,full_family_coverage,8834
10412,10758,47,47,2209,full_family_coverage,8835
15863,18141,125,154,19250,full_family_coverage,8836
15769,17332,128,35,4480,full_family_coverage,8837
292,6819,200,52,10400,full_family_coverage,8838
1104,13803,96,112,10752,full_family_coverage,8839
13720,13831,57,231,13167,full_family_coverage,8840
6424,10178,213,342,72846,full_family_coverage,8841
3196,11873,128,81,10368,full_family_coverage,8842
11584,16193,188,77,14476,full_family_coverage,8843
11551,13959,159,114,18126,full_family_coverage,8844
2818,25302,536,406,217616,full_family_coverage,8845
17160,21141,89,96,8544,full_family_coverage,8846
16353,25253,90,143,12870,full_family_coverage,8847
17279,17284,38,44,1672,full_family_coverage,8848
9510,18783,169,215,36335,full_family_coverage,8849
4669,5650,70,492,34440,full_family_coverage,8850
4589,6418,373,115,42895,full_family_coverage,8851
12216,20147,102,23,2346,full_family_coverage,8852
6287,19572,85,54,4590,full_family_coverage,8853
3481,18395,98,136,13328,full_family_coverage,8854
2448,15961,287,378,108486,full_family_coverage,8855
130,4132,597,104,62088,full_family_coverage,8856
8163,19638,89,382,33998,full_family_coverage,8857
16627,20921,65,134,8710,full_family_coverage,8858
1327,15623,181,52,9412,full_family_coverage,8859
11484,21898,22,80,1760,full_family_coverage,8860
14166,18812,173,77,13321,full_family_coverage,8861
4885,21951,135,125,16875,full_family_coverage,8862
963,15725,51,151,7701,full_family_coverage,8863
582,21471,123,203,24969,full_family_coverage,8864
10591,11744,146,194,28324,full_family_coverage,8865
6441,7416,61,141,8601,full_family_coverage,8866
2738,16850,98,210,20580,full_family_coverage,8867
472,711,273,537,146601,full_family_coverage,8868
10105,21653,75,116,8700,full_family_coverage,8869
20939,24455,106,263,27878,full_family_coverage,8870
15174,25243,50,150,7500,full_family_coverage,8871
5450,17354,30,82,2460,full_family_coverage,8872
14458,20859,441,106,46746,full_family_coverage,8873
9385,25329,74,185,13690,full_family_coverage,8874
1738,23840,117,133,15561,full_family_coverage,8875
6368,11957,62,54,3348,full_family_coverage,8876
3605,18346,40,92,3680,full_family_coverage,8877
401,24527,45,182,8190,full_family_coverage,8878
2749,10777,39,114,4446,full_family_coverage,8879
11319,17270,35,48,1680,full_family_coverage,8880
6523,22973,399,73,29127,full_family_coverage,8881
9822,13571,113,76,8588,full_family_coverage,8882
15301,16423,173,92,15916,full_family_coverage,8883
4535,16583,120,64,7680,full_family_coverage,8884
5986,18202,427,63,26901,full_family_coverage,8885
7447,21017,45,236,10620,full_family_coverage,8886
4611,12695,228,123,28044,full_family_coverage,8887
12121,22286,79,69,5451,full_family_coverage,8888
16074,20485,164,82,13448,full_family_coverage,8889
3602,13664,50,85,4250,full_family_coverage,8890
5397,15102,129,145,18705,full_family_coverage,8891
6928,8081,80,120,9600,full_family_coverage,8892
4286,21510,176,88,15488,full_family_coverage,8893
12292,21125,303,243,73629,full_family_coverage,8894
10824,18215,58,205,11890,full_family_coverage,8895
7401,23298,125,66,8250,full_family_coverage,8896
14820,16755,138,86,11868,full_family_coverage,8897
7576,20695,91,126,11466,full_family_coverage,8898
635,2292,170,102,17340,full_family_coverage,8899
7734,24270,48,139,6672,full_family_coverage,8900
5300,21867,223,32,7136,full_family_coverage,8901
483,2815,157,326,51182,full_family_coverage,8902
2182,19256,268,232,62176,full_family_coverage,8903
12486,24528,253,34,8602,full_family_coverage,8904
2990,5576,463,240,111120,full_family_coverage,8905
6401,12839,140,77,10780,full_family_coverage,8906
7856,9608,275,66,18150,full_family_coverage,8907
6032,14415,182,108,19656,full_family_coverage,8908
14177,15397,128,78,9984,full_family_coverage,8909
18562,23928,159,100,15900,full_family_coverage,8910
4838,24811,84,113,9492,full_family_coverage,8911
9906,10905,55,53,2915,full_family_coverage,8912
3937,5767,116,307,35612,full_family_coverage,8913
10924,19622,64,88,5632,full_family_coverage,8914
5524,8024,110,154,16940,full_family_coverage,8915
16307,24302,123,144,17712,full_family_coverage,8916
7696,11196,84,71,5964,full_family_coverage,8917
6613,11419,74,167,12358,full_family_coverage,8918
254,15859,165,152,25080,full_family_coverage,8919
2029,21263,148,42,6216,full_family_coverage,8920
3244,21285,272,115,31280,full_family_coverage,8921
588,23189,180,161,28980,full_family_coverage,8922
6380,19360,232,74,17168,full_family_coverage,8923
161,13763,37,98,3626,full_family_coverage,8924
6619,17852,102,60,6120,full_family_coverage,8925
2580,5028,60,260,15600,full_family_coverage,8926
14826,17974,309,203,62727,full_family_coverage,8927
3574,6028,84,108,9072,full_family_coverage,8928
2672,20450,273,154,42042,full_family_coverage,8929
9907,20840,75,100,7500,full_family_coverage,8930
1514,16302,520,60,31200,full_family_coverage,8931
13214,25497,50,64,3200,full_family_coverage,8932
8411,20990,63,145,9135,full_family_coverage,8933
2266,2810,293,197,57721,full_family_coverage,8934
9438,13400,84,135,11340,full_family_coverage,8935
10667,24507,121,140,16940,full_family_coverage,8936
2563,24030,114,189,21546,full_family_coverage,8937
14206,22474,187,34,6358,full_family_coverage,8938
19749,23244,157,140,21980,full_family_coverage,8939
3355,21099,151,78,11778,full_family_coverage,8940
7014,16006,152,165,25080,full_family_coverage,8941
13632,14070,57,74,4218,full_family_coverage,8942
2358,21269,145,69,10005,full_family_coverage,8943
7040,16508,108,14,1512,full_family_coverage,8944
12126,23121,70,132,9240,full_family_coverage,8945
15025,16638,193,134,25862,full_family_coverage,8946
5632,21098,221,95,20995,full_family_coverage,8947
16314,20090,59,66,3894,full_family_coverage,8948
3551,17265,188,26,4888,full_family_coverage,8949
1457,9712,185,16,2960,full_family_coverage,8950
5185,7739,326,84,27384,full_family_coverage,8951
4920,17076,52,66,3432,full_family_coverage,8952
5457,16545,367,73,26791,full_family_coverage,8953
1728,12782,114,98,11172,full_family_coverage,8954
10938,25172,216,146,31536,full_family_coverage,8955
2919,10813,154,139,21406,full_family_coverage,8956
21613,24413,162,149,24138,full_family_coverage,8957
765,13212,108,74,7992,full_family_coverage,8958
1375,19773,139,113,15707,full_family_coverage,8959
8255,9560,99,164,16236,full_family_coverage,8960
18257,25032,286,185,52910,full_family_coverage,8961
21251,21812,62,82,5084,full_family_coverage,8962
10643,21273,67,132,8844,full_family_coverage,8963
5646,19042,355,134,47570,full_family_coverage,8964
1489,17597,262,195,51090,full_family_coverage,8965
13970,23473,141,99,13959,full_family_coverage,8966
5616,15070,215,286,61490,full_family_coverage,8967
992,17007,70,149,10430,full_family_coverage,8968
7396,9694,19,220,4180,full_family_coverage,8969
1908,17757,51,116,5916,full_family_coverage,8970
71,18671,166,586,97276,full_family_coverage,8971
19601,20082,126,93,11718,full_family_coverage,8972
525,6044,169,115,19435,full_family_coverage,8973
5584,8001,181,304,55024,full_family_coverage,8974
16977,23539,45,70,3150,full_family_coverage,8975
22421,23990,27,196,5292,full_family_coverage,8976
7010,20611,143,71,10153,full_family_coverage,8977
1140,23214,89,61,5429,full_family_coverage,8978
17942,22063,452,166,75032,full_family_coverage,8979
9391,21964,456,80,36480,full_family_coverage,8980
2721,11181,48,385,18480,full_family_coverage,8981
8750,20016,110,83,9130,full_family_coverage,8982
11668,17218,22,67,1474,full_family_coverage,8983
8894,18977,292,87,25404,full_family_coverage,8984
13282,23403,76,245,18620,full_family_coverage,8985
589,22068,23,88,2024,full_family_coverage,8986
4201,23908,155,217,33635,full_family_coverage,8987
20913,23463,102,95,9690,full_family_coverage,8988
808,13305,239,247,59033,full_family_coverage,8989
19804,25530,238,133,31654,full_family_coverage,8990
13429,21388,302,76,22952,full_family_coverage,8991
137,696,224,92,20608,full_family_coverage,8992
4979,21701,103,227,23381,full_family_coverage,8993
9185,12634,119,229,27251,full_family_coverage,8994
9692,15134,94,80,7520,full_family_coverage,8995
10606,17750,200,102,20400,full_family_coverage,8996
1745,4807,192,65,12480,full_family_coverage,8997
9246,13053,387,40,15480,full_family_coverage,8998
2231,4453,115,133,15295,full_family_coverage,8999
14307,18177,117,150,17550,full_family_coverage,9000
6879,11158,61,252,15372,full_family_coverage,9001
10786,14320,80,289,23120,full_family_coverage,9002
2645,13436,133,282,37506,full_family_coverage,9003
723,19878,192,90,17280,full_family_coverage,9004
4750,19828,355,73,25915,full_family_coverage,9005
8242,9779,34,132,4488,full_family_coverage,9006
12489,25020,65,198,12870,full_family_coverage,9007
8807,9973,91,47,4277,full_family_coverage,9008
719,22906,309,150,46350,full_family_coverage,9009
1761,9448,211,267,56337,full_family_coverage,9010
10401,12030,192,84,16128,full_family_coverage,9011
4642,23425,205,46,9430,full_family_coverage,9012
1350,20041,63,76,4788,full_family_coverage,9013
9186,9936,119,40,4760,full_family_coverage,9014
3254,7879,50,113,5650,full_family_coverage,9015
8458,13874,243,133,32319,full_family_coverage,9016
10305,25151,64,169,10816,full_family_coverage,9017
7112,22918,314,142,44588,full_family_coverage,9018
1569,3020,294,361,106134,full_family_coverage,9019
17793,24602,127,225,28575,full_family_coverage,9020
11488,18429,63,150,9450,full_family_coverage,9021
19209,22403,201,29,5829,full_family_coverage,9022
18952,22564,44,95,4180,full_family_coverage,9023
10123,24139,266,514,136724,full_family_coverage,9024
2678,15169,245,383,93835,full_family_coverage,9025
2975,15145,125,353,44125,full_family_coverage,9026
5628,19359,490,98,48020,full_family_coverage,9027
3202,4882,76,168,12768,full_family_coverage,9028
19231,21444,162,103,16686,full_family_coverage,9029
1253,17489,77,175,13475,full_family_coverage,9030
744,11258,175,225,39375,full_family_coverage,9031
1280,17602,239,85,20315,full_family_coverage,9032
2116,11883,247,21,5187,full_family_coverage,9033
16477,20190,47,116,5452,full_family_coverage,9034
4281,13598,77,151,11627,full_family_coverage,9035
6868,7461,100,32,3200,full_family_coverage,9036
6877,18449,25,228,5700,full_family_coverage,9037
3230,14408,88,318,27984,full_family_coverage,9038
5571,10212,147,19,2793,full_family_coverage,9039
1705,22081,52,58,3016,full_family_coverage,9040
4904,25474,100,100,10000,full_family_coverage,9041
15594,16878,59,102,6018,full_family_coverage,9042
2936,10833,161,492,79212,full_family_coverage,9043
3865,5910,210,109,22890,full_family_coverage,9044
3470,23279,102,86,8772,full_family_coverage,9045
4169,16480,376,73,27448,full_family_coverage,9046
396,12186,123,166,20418,full_family_coverage,9047
18680,25433,228,88,20064,full_family_coverage,9048
6914,12524,39,54,2106,full_family_coverage,9049
4769,23152,331,53,17543,full_family_coverage,9050
11421,15212,170,117,19890,full_family_coverage,9051
17175,20842,66,42,2772,full_family_coverage,9052
15386,23226,139,95,13205,full_family_coverage,9053
13767,24608,96,129,12384,full_family_coverage,9054
10132,11207,76,119,9044,full_family_coverage,9055
2007,13388,354,496,175584,full_family_coverage,9056
13288,19455,114,315,35910,full_family_coverage,9057
8247,15974,291,157,45687,full_family_coverage,9058
879,2696,122,241,29402,full_family_coverage,9059
11080,22427,79,39,3081,full_family_coverage,9060
6274,18759,46,105,4830,full_family_coverage,9061
14194,14643,40,93,3720,full_family_coverage,9062
12342,20228,120,91,10920,full_family_coverage,9063
17313,23838,120,104,12480,full_family_coverage,9064
14360,22820,183,237,43371,full_family_coverage,9065
2115,15110,326,330,107580,full_family_coverage,9066
16498,23680,312,184,57408,full_family_coverage,9067
24279,25362,50,62,3100,full_family_coverage,9068
5946,12065,29,79,2291,full_family_coverage,9069
13264,22305,551,26,14326,full_family_coverage,9070
3414,11001,141,83,11703,full_family_coverage,9071
13739,23492,75,102,7650,full_family_coverage,9072
6825,6968,57,301,17157,full_family_coverage,9073
17779,21557,81,45,3645,full_family_coverage,9074
20441,21727,176,266,46816,full_family_coverage,9075
16357,18307,89,276,24564,full_family_coverage,9076
4111,24479,248,232,57536,full_family_coverage,9077
14662,14792,91,147,13377,full_family_coverage,9078
4515,4809,76,141,10716,full_family_coverage,9079
14693,17548,142,48,6816,full_family_coverage,9080
2708,23600,30,144,4320,full_family_coverage,9081
9740,17289,94,55,5170,full_family_coverage,9082
2783,13193,67,47,3149,full_family_coverage,9083
2443,21404,321,36,11556,full_family_coverage,9084
12783,20063,221,63,13923,full_family_coverage,9085
663,24684,124,118,14632,full_family_coverage,9086
2390,2941,176,310,54560,full_family_coverage,9087
8652,17708,70,237,16590,full_family_coverage,9088
16738,20818,59,27,1593,full_family_coverage,9089
19705,24182,474,110,52140,full_family_coverage,9090
4720,21248,107,91,9737,full_family_coverage,9091
15039,18893,64,73,4672,full_family_coverage,9092
1877,18731,614,162,99468,full_family_coverage,9093
367,1144,116,206,23896,full_family_coverage,9094
7874,9951,143,56,8008,full_family_coverage,9095
10064,17247,93,104,9672,full_family_coverage,9096
2894,19952,69,63,4347,full_family_coverage,9097
14582,19254,88,193,16984,full_family_coverage,9098
11832,18284,188,167,31396,full_family_coverage,9099
2299,3434,129,104,13416,full_family_coverage,9100
15319,21310,64,77,4928,full_family_coverage,9101
14686,23831,552,145,80040,full_family_coverage,9102
5984,16903,88,91,8008,full_family_coverage,9103
12781,15740,77,710,54670,full_family_coverage,9104
11323,19276,123,152,18696,full_family_coverage,9105
5011,19334,156,270,42120,full_family_coverage,9106
945,5162,58,97,5626,full_family_coverage,9107
6636,22896,500,97,48500,full_family_coverage,9108
11060,24492,116,137,15892,full_family_coverage,9109
1558,13123,248,58,14384,full_family_coverage,9110
3389,6074,55,304,16720,full_family_coverage,9111
13555,16679,139,65,9035,full_family_coverage,9112
3960,22739,224,72,16128,full_family_coverage,9113
5638,16968,164,108,17712,full_family_coverage,9114
2131,18925,109,66,7194,full_family_coverage,9115
8752,23451,60,38,2280,full_family_coverage,9116
15897,18761,116,129,14964,full_family_coverage,9117
11311,20790,51,71,3621,full_family_coverage,9118
8060,15454,147,159,23373,full_family_coverage,9119
702,24109,143,316,45188,full_family_coverage,9120
22751,25283,86,49,4214,full_family_coverage,9121
6343,22841,167,98,16366,full_family_coverage,9122
15699,23796,217,135,29295,full_family_coverage,9123
4676,15647,633,37,23421,full_family_coverage,9124
5390,12242,137,39,5343,full_family_coverage,9125
11369,25351,85,77,6545,full_family_coverage,9126
9594,19890,127,63,8001,full_family_coverage,9127
2061,17508,48,153,7344,full_family_coverage,9128
14402,16672,60,93,5580,full_family_coverage,9129
6792,12464,109,45,4905,full_family_coverage,9130
21425,21949,48,144,6912,full_family_coverage,9131
1955,25378,324,47,15228,full_family_coverage,9132
11272,13644,150,65,9750,full_family_coverage,9133
5081,12444,162,72,11664,full_family_coverage,9134
2291,19849,76,56,4256,full_family_coverage,9135
1474,23387,213,104,22152,full_family_coverage,9136
1274,14077,149,316,47084,full_family_coverage,9137
9641,13790,200,36,7200,full_family_coverage,9138
17511,24512,47,629,29563,full_family_coverage,9139
14689,18158,94,117,10998,full_family_coverage,9140
12977,15813,39,74,2886,full_family_coverage,9141
16199,24088,189,100,18900,full_family_coverage,9142
2328,14116,187,474,88638,full_family_coverage,9143
7363,11544,161,225,36225,full_family_coverage,9144
2557,12793,93,129,11997,full_family_coverage,9145
19227,19806,117,43,5031,full_family_coverage,9146
8278,23135,54,59,3186,full_family_coverage,9147
5191,10890,132,60,7920,full_family_coverage,9148
6647,22921,150,53,7950,full_family_coverage,9149
6324,20376,53,228,12084,full_family_coverage,9150
9551,23021,155,228,35340,full_family_coverage,9151
3902,20015,80,84,6720,full_family_coverage,9152
3615,4040,403,240,96720,full_family_coverage,9153
12372,17684,110,209,22990,full_family_coverage,9154
6520,19936,92,95,8740,full_family_coverage,9155
10157,12567,102,30,3060,full_family_coverage,9156
2551,22412,182,22,4004,full_family_coverage,9157
16661,17340,168,45,7560,full_family_coverage,9158
4692,14384,70,392,27440,full_family_coverage,9159
956,15162,373,149,55577,full_family_coverage,9160
2285,18465,150,27,4050,full_family_coverage,9161
6831,17895,71,300,21300,full_family_coverage,9162
513,7387,165,48,7920,full_family_coverage,9163
1971,16240,275,82,22550,full_family_coverage,9164
16208,20097,69,20,1380,full_family_coverage,9165
7842,10454,108,99,10692,full_family_coverage,9166
6818,19413,172,110,18920,full_family_coverage,9167
1390,23670,50,110,5500,full_family_coverage,9168
3237,20850,74,84,6216,full_family_coverage,9169
10583,10906,90,214,19260,full_family_coverage,9170
12391,12412,167,152,25384,full_family_coverage,9171
3108,4585,29,257,7453,full_family_coverage,9172
360,21529,127,234,29718,full_family_coverage,9173
8715,9538,128,298,38144,full_family_coverage,9174
8440,22893,111,52,5772,full_family_coverage,9175
12025,18448,299,293,87607,full_family_coverage,9176
22161,22929,63,128,8064,full_family_coverage,9177
603,10961,43,58,2494,full_family_coverage,9178
13980,15891,37,104,3848,full_family_coverage,9179
3165,16272,285,155,44175,full_family_coverage,9180
21379,21493,73,85,6205,full_family_coverage,9181
12899,18998,179,80,14320,full_family_coverage,9182
5294,9369,182,167,30394,full_family_coverage,9183
8343,19018,21,56,1176,full_family_coverage,9184
914,10391,155,51,7905,full_family_coverage,9185
10598,19513,60,70,4200,full_family_coverage,9186
19862,21841,55,330,18150,full_family_coverage,9187
13916,17167,154,94,14476,full_family_coverage,9188
774,21526,60,109,6540,full_family_coverage,9189
89,23456,194,100,19400,full_family_coverage,9190
16632,19067,268,112,30016,full_family_coverage,9191
12586,23412,51,148,7548,full_family_coverage,9192
17784,18283,25,109,2725,full_family_coverage,9193
8463,17557,76,66,5016,full_family_coverage,9194
1572,19141,138,304,41952,full_family_coverage,9195
14199,18561,152,58,8816,full_family_coverage,9196
2166,2441,436,262,114232,full_family_coverage,9197
8125,16907,99,81,8019,full_family_coverage,9198
9407,23695,65,264,17160,full_family_coverage,9199
2122,24992,547,129,70563,full_family_coverage,9200
9373,13399,195,69,13455,full_family_coverage,9201
19778,21804,95,102,9690,full_family_coverage,9202
4980,20293,24,17,408,full_family_coverage,9203
14059,25522,118,238,28084,full_family_coverage,9204
5636,19026,304,241,73264,full_family_coverage,9205
5161,24735,88,150,13200,full_family_coverage,9206
8076,22782,94,302,28388,full_family_coverage,9207
140,24411,325,161,52325,full_family_coverage,9208
15237,19978,144,705,101520,full_family_coverage,9209
1032,12864,125,306,38250,full_family_coverage,9210
891,17422,349,216,75384,full_family_coverage,9211
12519,17306,41,45,1845,full_family_coverage,9212
16685,22083,345,75,25875,full_family_coverage,9213
20899,22023,43,30,1290,full_family_coverage,9214
19003,19539,31,155,4805,full_family_coverage,9215
11093,18535,155,135,20925,full_family_coverage,9216
7463,18951,17,73,1241,full_family_coverage,9217
326,4592,129,71,9159,full_family_coverage,9218
5034,6332,120,139,16680,full_family_coverage,9219
5245,25421,360,137,49320,full_family_coverage,9220
9172,13340,113,101,11413,full_family_coverage,9221
1163,12906,222,94,20868,full_family_coverage,9222
12949,22743,78,33,2574,full_family_coverage,9223
2892,15688,522,93,48546,full_family_coverage,9224
6529,24458,82,124,10168,full_family_coverage,9225
22682,24162,54,278,15012,full_family_coverage,9226
752,22738,54,288,15552,full_family_coverage,9227
12664,24941,55,175,9625,full_family_coverage,9228
1777,16819,110,56,6160,full_family_coverage,9229
1964,2013,123,285,35055,full_family_coverage,9230
21038,25156,99,62,6138,full_family_coverage,9231
14504,19239,288,110,31680,full_family_coverage,9232
1662,23743,254,154,39116,full_family_coverage,9233
13140,15963,202,99,19998,full_family_coverage,9234
16340,23585,84,78,6552,full_family_coverage,9235
8141,15372,206,71,14626,full_family_coverage,9236
10415,13216,211,239,50429,full_family_coverage,9237
2713,7446,308,19,5852,full_family_coverage,9238
2106,13142,42,71,2982,full_family_coverage,9239
5659,12732,84,76,6384,full_family_coverage,9240
7187,13637,112,48,5376,full_family_coverage,9241
4577,17697,114,125,14250,full_family_coverage,9242
7295,10868,317,221,70057,full_family_coverage,9243
6571,8552,168,53,8904,full_family_coverage,9244
8617,14696,118,418,49324,full_family_coverage,9245
4377,16381,72,111,7992,full_family_coverage,9246
4181,5449,77,936,72072,full_family_coverage,9247
9553,11424,282,179,50478,full_family_coverage,9248
5175,10184,502,106,53212,full_family_coverage,9249
9311,10925,283,266,75278,full_family_coverage,9250
4207,15833,157,98,15386,full_family_coverage,9251
1984,21679,124,147,18228,full_family_coverage,9252
1357,3117,262,73,19126,full_family_coverage,9253
15509,25109,323,169,54587,full_family_coverage,9254
22532,25008,71,65,4615,full_family_coverage,9255
8938,23184,89,109,9701,full_family_coverage,9256
22759,23598,276,117,32292,full_family_coverage,9257
2428,14767,115,190,21850,full_family_coverage,9258
6900,7235,470,119,55930,full_family_coverage,9259
4794,22206,168,135,22680,full_family_coverage,9260
1494,10999,153,185,28305,full_family_coverage,9261
16789,22226,73,64,4672,full_family_coverage,9262
13609,18109,227,104,23608,full_family_coverage,9263
2554,18261,110,419,46090,full_family_coverage,9264
573,17678,152,111,16872,full_family_coverage,9265
14310,24078,138,115,15870,full_family_coverage,9266
17456,22986,37,48,1776,full_family_coverage,9267
13173,18580,150,159,23850,full_family_coverage,9268
248,13365,103,76,7828,full_family_coverage,9269
884,10196,282,351,98982,full_family_coverage,9270
14107,22582,162,53,8586,full_family_coverage,9271
834,13723,186,23,4278,full_family_coverage,9272
9881,22937,30,72,2160,full_family_coverage,9273
5765,11971,495,234,115830,full_family_coverage,9274
9987,22326,99,85,8415,full_family_coverage,9275
4901,11725,211,121,25531,full_family_coverage,9276
20714,25048,20,142,2840,full_family_coverage,9277
6321,11465,97,110,10670,full_family_coverage,9278
1729,12707,106,39,4134,full_family_coverage,9279
23666,24126,284,187,53108,full_family_coverage,9280
1429,24934,122,57,6954,full_family_coverage,9281
12958,22978,21,121,2541,full_family_coverage,9282
20512,24280,41,55,2255,full_family_coverage,9283
4524,6378,115,105,12075,full_family_coverage,9284
2248,9121,55,252,13860,full_family_coverage,9285
6300,22600,116,39,4524,full_family_coverage,9286
703,2805,291,249,72459,full_family_coverage,9287
16087,17105,24,113,2712,full_family_coverage,9288
2430,8937,63,229,14427,full_family_coverage,9289
1584,22825,85,97,8245,full_family_coverage,9290
13194,24497,66,71,4686,full_family_coverage,9291
21264,23077,103,37,3811,full_family_coverage,9292
5679,21309,158,79,12482,full_family_coverage,9293
13430,17752,292,62,18104,full_family_coverage,9294
7027,25192,295,104,30680,full_family_coverage,9295
15781,15927,114,120,13680,full_family_coverage,9296
12623,20926,159,236,37524,full_family_coverage,9297
1653,4944,190,113,21470,full_family_coverage,9298
7130,11943,474,61,28914,full_family_coverage,9299
9656,20780,174,53,9222,full_family_coverage,9300
331,5230,481,134,64454,full_family_coverage,9301
16555,21939,84,82,6888,full_family_coverage,9302
8313,16709,160,119,19040,full_family_coverage,9303
13695,22836,372,191,71052,full_family_coverage,9304
20378,24093,80,57,4560,full_family_coverage,9305
18399,18604,111,129,14319,full_family_coverage,9306
7328,22892,172,145,24940,full_family_coverage,9307
7061,20253,13,217,2821,full_family_coverage,9308
20579,24117,188,91,17108,full_family_coverage,9309
4196,18834,451,399,179949,full_family_coverage,9310
9724,13290,45,65,2925,full_family_coverage,9311
16917,24891,159,182,28938,full_family_coverage,9312
5798,23843,72,99,7128,full_family_coverage,9313
1912,4774,118,163,19234,full_family_coverage,9314
1934,22241,143,50,7150,full_family_coverage,9315
5968,6034,122,135,16470,full_family_coverage,9316
76,2213,223,403,89869,full_family_coverage,9317
10283,17760,49,183,8967,full_family_coverage,9318
7527,19639,33,125,4125,full_family_coverage,9319
7237,19001,241,73,17593,full_family_coverage,9320
11493,24263,61,36,2196,full_family_coverage,9321
15750,16544,110,65,7150,full_family_coverage,9322
8391,16844,257,44,11308,full_family_coverage,9323
4306,4816,75,353,26475,full_family_coverage,9324
18751,24229,84,115,9660,full_family_coverage,9325
14088,22971,81,189,15309,full_family_coverage,9326
19780,22760,87,123,10701,full_family_coverage,9327
11808,23123,71,123,8733,full_family_coverage,9328
10342,21499,194,34,6596,full_family_coverage,9329
5722,19497,475,58,27550,full_family_coverage,9330
20377,21064,88,56,4928,full_family_coverage,9331
14493,17967,287,272,78064,full_family_coverage,9332
15554,17718,57,132,7524,full_family_coverage,9333
4191,11778,171,37,6327,full_family_coverage,9334
13893,15680,121,93,11253,full_family_coverage,9335
1701,2168,188,80,15040,full_family_coverage,9336
16558,19505,93,159,14787,full_family_coverage,9337
4369,6170,666,47,31302,full_family_coverage,9338
13334,23913,46,81,3726,full_family_coverage,9339
22402,24453,37,110,4070,full_family_coverage,9340
60,6245,139,64,8896,full_family_coverage,9341
2847,18040,478,238,113764,full_family_coverage,9342
781,12966,404,36,14544,full_family_coverage,9343
3461,24382,37,135,4995,full_family_coverage,9344
970,25416,190,237,45030,full_family_coverage,9345
5146,21993,184,77,14168,full_family_coverage,9346
5471,9175,263,69,18147,full_family_coverage,9347
17165,20746,47,90,4230,full_family_coverage,9348
9751,20447,89,176,15664,full_family_coverage,9349
5980,11428,131,95,12445,full_family_coverage,9350
6759,22993,77,102,7854,full_family_coverage,9351
3001,20099,204,135,27540,full_family_coverage,9352
18785,22462,153,86,13158,full_family_coverage,9353
5058,16540,195,51,9945,full_family_coverage,9354
17542,21868,25,347,8675,full_family_coverage,9355
6109,17749,434,100,43400,full_family_coverage,9356
6769,24744,84,301,25284,full_family_coverage,9357
17471,18867,110,102,11220,full_family_coverage,9358
807,10861,329,66,21714,full_family_coverage,9359
8855,20202,222,85,18870,full_family_coverage,9360
10025,21173,82,76,6232,full_family_coverage,9361
12179,22317,193,327,63111,full_family_coverage,9362
15696,18117,65,194,12610,full_family_coverage,9363
1707,2910,75,160,12000,full_family_coverage,9364
2524,18919,40,115,4600,full_family_coverage,9365
11887,11985,224,280,62720,full_family_coverage,9366
18632,20272,37,115,4255,full_family_coverage,9367
6164,12064,156,111,17316,full_family_coverage,9368
489,24333,253,161,40733,full_family_coverage,9369
8044,9944,86,110,9460,full_family_coverage,9370
3797,15018,475,213,101175,full_family_coverage,9371
3234,21303,192,97,18624,full_family_coverage,9372
306,17452,79,65,5135,full_family_coverage,9373
8497,25415,96,183,17568,full_family_coverage,9374
1497,15349,171,327,55917,full_family_coverage,9375
9182,10020,87,32,2784,full_family_coverage,9376
1336,19324,241,165,39765,full_family_coverage,9377
3892,7671,43,77,3311,full_family_coverage,9378
5573,10800,122,154,18788,full_family_coverage,9379
17774,19332,128,244,31232,full_family_coverage,9380
8187,14349,104,227,23608,full_family_coverage,9381
17016,22905,42,192,8064,full_family_coverage,9382
16924,23785,109,258,28122,full_family_coverage,9383
3828,12043,166,30,4980,full_family_coverage,9384
6560,14640,167,71,11857,full_family_coverage,9385
829,9922,286,75,21450,full_family_coverage,9386
3758,4371,28,82,2296,full_family_coverage,9387
3973,14561,110,520,57200,full_family_coverage,9388
18022,21302,64,81,5184,full_family_coverage,9389
14825,15109,86,92,7912,full_family_coverage,9390
5883,8482,248,169,41912,full_family_coverage,9391
3132,8138,269,131,35239,full_family_coverage,9392
21397,24971,90,78,7020,full_family_coverage,9393
5266,9180,81,132,10692,full_family_coverage,9394
9788,22438,147,74,10878,full_family_coverage,9395
6920,10806,615,81,49815,full_family_coverage,9396
16309,23408,277,115,31855,full_family_coverage,9397
10351,14292,91,780,70980,full_family_coverage,9398
23431,24304,25,40,1000,full_family_coverage,9399
5255,15937,104,45,4680,full_family_coverage,9400
23712,25101,81,77,6237,full_family_coverage,9401
2121,12685,38,172,6536,full_family_coverage,9402
4140,22593,414,49,20286,full_family_coverage,9403
7274,7503,177,78,13806,full_family_coverage,9404
12201,14673,37,106,3922,full_family_coverage,9405
7831,17309,23,131,3013,full_family_coverage,9406
7799,21399,129,403,51987,full_family_coverage,9407
1341,15825,41,84,3444,full_family_coverage,9408
13573,14625,127,95,12065,full_family_coverage,9409
38,18682,35,57,1995,full_family_coverage,9410
11980,24741,66,244,16104,full_family_coverage,9411
3798,21073,82,51,4182,full_family_coverage,9412
4336,8836,128,250,32000,full_family_coverage,9413
748,13424,253,157,39721,full_family_coverage,9414
4109,5779,161,48,7728,full_family_coverage,9415
4651,9640,104,56,5824,full_family_coverage,9416
18639,23573,74,209,15466,full_family_coverage,9417
15586,18037,67,121,8107,full_family_coverage,9418
122,24075,83,215,17845,full_family_coverage,9419
18699,20062,82,58,4756,full_family_coverage,9420
11633,17277,22,184,4048,full_family_coverage,9421
1477,17273,339,157,53223,full_family_coverage,9422
20168,24045,64,63,4032,full_family_coverage,9423
4533,14205,175,69,12075,full_family_coverage,9424
4150,5715,484,129,62436,full_family_coverage,9425
11631,20962,503,59,29677,full_family_coverage,9426
5136,11759,201,95,19095,full_family_coverage,9427
7591,21021,8,103,824,full_family_coverage,9428
7760,24103,183,263,48129,full_family_coverage,9429
12307,20521,31,38,1178,full_family_coverage,9430
7022,19162,106,158,16748,full_family_coverage,9431
3976,25249,166,49,8134,full_family_coverage,9432
6325,24003,166,270,44820,full_family_coverage,9433
6714,16197,144,289,41616,full_family_coverage,9434
11474,23373,114,115,13110,full_family_coverage,9435
8711,14632,69,282,19458,full_family_coverage,9436
459,19775,457,73,33361,full_family_coverage,9437
15614,22449,83,40,3320,full_family_coverage,9438
12479,25486,43,62,2666,full_family_coverage,9439
20392,24556,174,170,29580,full_family_coverage,9440
8776,23136,143,43,6149,full_family_coverage,9441
15067,22574,150,166,24900,full_family_coverage,9442
19698,24739,68,58,3944,full_family_coverage,9443
6366,14192,187,74,13838,full_family_coverage,9444
17447,17717,47,56,2632,full_family_coverage,9445
1025,6017,244,232,56608,full_family_coverage,9446
11722,17038,19,85,1615,full_family_coverage,9447
6009,20535,58,92,5336,full_family_coverage,9448
14615,17330,75,84,6300,full_family_coverage,9449
5660,6873,123,320,39360,full_family_coverage,9450
6082,6198,593,106,62858,full_family_coverage,9451
226,3304,452,141,63732,full_family_coverage,9452
11783,15322,76,367,27892,full_family_coverage,9453
9105,12618,152,64,9728,full_family_coverage,9454
13450,24205,106,169,17914,full_family_coverage,9455
11621,19612,45,127,5715,full_family_coverage,9456
11899,19844,78,100,7800,full_family_coverage,9457
8091,24951,114,66,7524,full_family_coverage,9458
764,14394,478,172,82216,full_family_coverage,9459
6906,22377,32,51,1632,full_family_coverage,9460
18546,23100,666,134,89244,full_family_coverage,9461
15132,25501,47,94,4418,full_family_coverage,9462
3011,14057,489,121,59169,full_family_coverage,9463
9339,20088,271,119,32249,full_family_coverage,9464
16514,21232,58,101,5858,full_family_coverage,9465
20665,24474,102,178,18156,full_family_coverage,9466
646,18684,97,137,13289,full_family_coverage,9467
9282,24430,48,131,6288,full_family_coverage,9468
3257,23828,88,81,7128,full_family_coverage,9469
13342,17997,161,538,86618,full_family_coverage,9470
7093,22510,25,105,2625,full_family_coverage,9471
16647,17305,72,74,5328,full_family_coverage,9472
4958,6736,200,97,19400,full_family_coverage,9473
8286,9884,70,94,6580,full_family_coverage,9474
3388,6966,70,18,1260,full_family_coverage,9475
1982,11063,368,136,50048,full_family_coverage,9476
1769,8299,186,31,5766,full_family_coverage,9477
22506,24768,64,66,4224,full_family_coverage,9478
6099,8340,290,54,15660,full_family_coverage,9479
17035,17343,108,100,10800,full_family_coverage,9480
2340,3769,6,155,930,full_family_coverage,9481
5220,18232,218,116,25288,full_family_coverage,9482
21015,21592,52,153,7956,full_family_coverage,9483
4275,13095,654,89,58206,full_family_coverage,9484
2304,13782,242,598,144716,full_family_coverage,9485
14996,15933,107,553,59171,full_family_coverage,9486
9534,16370,281,50,14050,full_family_coverage,9487
14571,25059,370,103,38110,full_family_coverage,9488
18239,20723,120,557,66840,full_family_coverage,9489
5010,23057,531,42,22302,full_family_coverage,9490
2843,7505,334,69,23046,full_family_coverage,9491
10333,17386,57,106,6042,full_family_coverage,9492
17821,18093,39,225,8775,full_family_coverage,9493
3856,11611,105,139,14595,full_family_coverage,9494
13792,19391,498,286,142428,full_family_coverage,9495
9372,24618,239,322,76958,full_family_coverage,9496
7499,12477,358,195,69810,full_family_coverage,9497
3006,3871,355,56,19880,full_family_coverage,9498
19560,20381,83,100,8300,full_family_coverage,9499
239,11982,413,70,28910,full_family_coverage,9500
7790,21265,426,32,13632,full_family_coverage,9501
3713,13836,142,95,13490,full_family_coverage,9502
5088,14785,124,181,22444,full_family_coverage,9503
3287,11531,140,88,12320,full_family_coverage,9504
16607,24550,113,202,22826,full_family_coverage,9505
19295,21130,145,56,8120,full_family_coverage,9506
15803,22302,22,154,3388,full_family_coverage,9507
4062,15518,192,153,29376,full_family_coverage,9508
3246,6257,135,112,15120,full_family_coverage,9509
19250,21217,126,174,21924,full_family_coverage,9510
15895,16487,499,215,107285,full_family_coverage,9511
4119,14197,362,179,64798,full_family_coverage,9512
3947,4679,109,78,8502,full_family_coverage,9513
750,12366,128,136,17408,full_family_coverage,9514
11752,15659,156,103,16068,full_family_coverage,9515
1808,20180,157,71,11147,full_family_coverage,9516
4277,7288,141,31,4371,full_family_coverage,9517
22702,22765,188,249,46812,full_family_coverage,9518
4690,5227,333,110,36630,full_family_coverage,9519
9631,24562,76,128,9728,full_family_coverage,9520
15774,23628,126,18,2268,full_family_coverage,9521
13579,20810,135,122,16470,full_family_coverage,9522
18685,21871,118,97,11446,full_family_coverage,9523
2188,10166,213,128,27264,full_family_coverage,9524
2747,11452,26,96,2496,full_family_coverage,9525
10404,24108,184,46,8464,full_family_coverage,9526
5699,19587,292,252,73584,full_family_coverage,9527
20050,23494,97,65,6305,full_family_coverage,9528
19631,21692,122,77,9394,full_family_coverage,9529
9082,14079,88,347,30536,full_family_coverage,9530
5750,6835,426,103,43878,full_family_coverage,9531
2864,8428,156,317,49452,full_family_coverage,9532
9725,19667,88,147,12936,full_family_coverage,9533
191,17492,52,92,4784,full_family_coverage,9534
8101,10483,62,59,3658,full_family_coverage,9535
1249,17206,379,85,32215,full_family_coverage,9536
11343,23232,88,53,4664,full_family_coverage,9537
1590,14991,150,251,37650,full_family_coverage,9538
1884,11329,133,111,14763,full_family_coverage,9539
2702,18474,90,151,13590,full_family_coverage,9540
16474,23682,289,197,56933,full_family_coverage,9541
4445,16885,238,109,25942,full_family_coverage,9542
8398,19335,155,253,39215,full_family_coverage,9543
12764,14268,433,74,32042,full_family_coverage,9544
1123,3023,290,191,55390,full_family_coverage,9545
4912,25379,267,88,23496,full_family_coverage,9546
5630,10691,161,147,23667,full_family_coverage,9547
18059,23092,191,96,18336,full_family_coverage,9548
13976,16008,98,186,18228,full_family_coverage,9549
13232,19150,207,129,26703,full_family_coverage,9550
4701,25368,906,65,58890,full_family_coverage,9551
13757,22327,357,146,52122,full_family_coverage,9552
8438,23290,146,260,37960,full_family_coverage,9553
1711,20148,31,147,4557,full_family_coverage,9554
1007,8598,321,75,24075,full_family_coverage,9555
7678,20642,123,227,27921,full_family_coverage,9556
4719,16323,137,136,18632,full_family_coverage,9557
4822,16636,242,131,31702,full_family_coverage,9558
3511,14259,497,303,150591,full_family_coverage,9559
890,15053,160,97,15520,full_family_coverage,9560
3332,13130,111,96,10656,full_family_coverage,9561
4433,21922,138,88,12144,full_family_coverage,9562
18962,23632,78,38,2964,full_family_coverage,9563
8801,25240,182,143,26026,full_family_coverage,9564
21794,22146,205,39,7995,full_family_coverage,9565
7589,21262,17,65,1105,full_family_coverage,9566
4417,18098,312,52,16224,full_family_coverage,9567
1202,16185,347,94,32618,full_family_coverage,9568
12868,16973,184,89,16376,full_family_coverage,9569
1702,24299,182,122,22204,full_family_coverage,9570
22303,23378,26,21,546,full_family_coverage,9571
10876,12771,92,57,5244,full_family_coverage,9572
289,14525,24,136,3264,full_family_coverage,9573
7456,22502,38,195,7410,full_family_coverage,9574
11003,20346,100,119,11900,full_family_coverage,9575
19767,22491,81,64,5184,full_family_coverage,9576
5047,20650,216,121,26136,full_family_coverage,9577
12017,12844,115,103,11845,full_family_coverage,9578
572,24670,180,212,38160,full_family_coverage,9579
3228,14524,145,104,15080,full_family_coverage,9580
9262,17588,179,172,30788,full_family_coverage,9581
2909,16084,165,53,8745,full_family_coverage,9582
14048,23007,115,118,13570,full_family_coverage,9583
2022,12643,233,325,75725,full_family_coverage,9584
7981,11070,138,93,12834,full_family_coverage,9585
2336,17721,88,128,11264,full_family_coverage,9586
10846,13320,490,180,88200,full_family_coverage,9587
12031,17914,43,148,6364,full_family_coverage,9588
4965,6228,445,185,82325,full_family_coverage,9589
12414,23390,83,80,6640,full_family_coverage,9590
6143,9030,203,111,22533,full_family_coverage,9591
7019,7417,88,47,4136,full_family_coverage,9592
9721,12086,56,87,4872,full_family_coverage,9593
7320,20522,133,122,16226,full_family_coverage,9594
3492,17438,347,157,54479,full_family_coverage,9595
2192,19891,117,89,10413,full_family_coverage,9596
3243,6895,369,108,39852,full_family_coverage,9597
4426,9917,507,411,208377,full_family_coverage,9598
6303,18161,103,149,15347,full_family_coverage,9599
3821,20753,142,64,9088,full_family_coverage,9600
200,5591,132,113,14916,full_family_coverage,9601
5259,7370,424,28,11872,full_family_coverage,9602
324,21475,227,303,68781,full_family_coverage,9603
10394,18115,168,167,28056,full_family_coverage,9604
867,8291,15,50,750,full_family_coverage,9605
8223,10108,193,101,19493,full_family_coverage,9606
3926,17507,195,150,29250,full_family_coverage,9607
18515,22881,221,158,34918,full_family_coverage,9608
8241,25420,28,174,4872,full_family_coverage,9609
18392,20889,175,82,14350,full_family_coverage,9610
4309,14990,228,284,64752,full_family_coverage,9611
18600,20690,211,301,63511,full_family_coverage,9612
8712,18549,251,83,20833,full_family_coverage,9613
3504,23003,109,95,10355,full_family_coverage,9614
23687,23860,21,228,4788,full_family_coverage,9615
11881,13336,339,91,30849,full_family_coverage,9616
21045,21932,61,115,7015,full_family_coverage,9617
6948,22370,214,52,11128,full_family_coverage,9618
6291,22613,87,64,5568,full_family_coverage,9619
12614,18471,25,563,14075,full_family_coverage,9620
22719,22761,64,102,6528,full_family_coverage,9621
13592,15628,82,89,7298,full_family_coverage,9622
7520,23653,41,50,2050,full_family_coverage,9623
5253,12819,391,138,53958,full_family_coverage,9624
4696,23601,152,90,13680,full_family_coverage,9625
9841,16804,102,199,20298,full_family_coverage,9626
9413,23523,99,50,4950,full_family_coverage,9627
17738,24010,42,62,2604,full_family_coverage,9628
5268,20733,557,105,58485,full_family_coverage,9629
6555,9813,221,146,32266,full_family_coverage,9630
11779,22283,109,250,27250,full_family_coverage,9631
4174,10502,912,186,169632,full_family_coverage,9632
16282,17316,450,99,44550,full_family_coverage,9633
6406,23428,542,168,91056,full_family_coverage,9634
1957,19243,160,102,16320,full_family_coverage,9635
2633,7802,130,89,11570,full_family_coverage,9636
19186,24637,97,31,3007,full_family_coverage,9637
9629,12552,159,44,6996,full_family_coverage,9638
9094,10065,207,69,14283,full_family_coverage,9639
7252,9689,273,240,65520,full_family_coverage,9640
4763,11890,26,242,6292,full_family_coverage,9641
1940,25503,64,533,34112,full_family_coverage,9642
2302,7897,83,168,13944,full_family_coverage,9643
20771,21449,123,218,26814,full_family_coverage,9644
8966,16897,545,46,25070,full_family_coverage,9645
21042,21666,402,109,43818,full_family_coverage,9646
8727,16388,85,46,3910,full_family_coverage,9647
11600,14952,104,190,19760,full_family_coverage,9648
11310,19642,185,88,16280,full_family_coverage,9649
534,9843,204,135,27540,full_family_coverage,9650
15187,24202,65,170,11050,full_family_coverage,9651
4862,25297,102,83,8466,full_family_coverage,9652
4848,18129,110,131,14410,full_family_coverage,9653
6550,15142,13,130,1690,full_family_coverage,9654
18199,19903,96,181,17376,full_family_coverage,9655
6667,19588,141,464,65424,full_family_coverage,9656
18005,21805,44,80,3520,full_family_coverage,9657
2109,18667,95,247,23465,full_family_coverage,9658
13318,21148,51,94,4794,full_family_coverage,9659
4055,7598,276,36,9936,full_family_coverage,9660
3630,20537,58,65,3770,full_family_coverage,9661
9387,18602,71,113,8023,full_family_coverage,9662
22606,24656,67,178,11926,full_family_coverage,9663
10959,25199,240,131,31440,full_family_coverage,9664
4232,4567,135,725,97875,full_family_coverage,9665
7050,14979,213,63,13419,full_family_coverage,9666
5075,8046,57,39,2223,full_family_coverage,9667
20482,25103,123,166,20418,full_family_coverage,9668
5936,24489,48,61,2928,full_family_coverage,9669
3868,4397,253,52,13156,full_family_coverage,9670
11265,14062,486,153,74358,full_family_coverage,9671
13538,17312,135,36,4860,full_family_coverage,9672
8282,9060,62,187,11594,full_family_coverage,9673
1616,23333,514,40,20560,full_family_coverage,9674
2991,18701,519,180,93420,full_family_coverage,9675
9540,20875,232,61,14152,full_family_coverage,9676
792,10736,67,135,9045,full_family_coverage,9677
336,3012,75,252,18900,full_family_coverage,9678
10590,20745,49,59,2891,full_family_coverage,9679
818,7002,392,342,134064,full_family_coverage,9680
98,23275,92,117,10764,full_family_coverage,9681
6015,21649,199,129,25671,full_family_coverage,9682
18967,18991,110,28,3080,full_family_coverage,9683
12357,19325,101,263,26563,full_family_coverage,9684
11954,22070,29,184,5336,full_family_coverage,9685
6584,11658,295,535,157825,full_family_coverage,9686
14254,21793,231,161,37191,full_family_coverage,9687
785,18309,38,202,7676,full_family_coverage,9688
2074,14373,338,109,36842,full_family_coverage,9689
4770,8160,305,87,26535,full_family_coverage,9690
22040,25005,96,283,27168,full_family_coverage,9691
11709,23685,76,86,6536,full_family_coverage,9692
3455,16017,54,216,11664,full_family_coverage,9693
11031,24450,42,70,2940,full_family_coverage,9694
17870,25189,61,64,3904,full_family_coverage,9695
4072,18924,396,104,41184,full_family_coverage,9696
10918,15484,66,27,1782,full_family_coverage,9697
10279,10494,33,106,3498,full_family_coverage,9698
115,12303,486,33,16038,full_family_coverage,9699
9742,12582,127,255,32385,full_family_coverage,9700
4959,12830,81,79,6399,full_family_coverage,9701
8229,11175,96,138,13248,full_family_coverage,9702
7276,22493,151,89,13439,full_family_coverage,9703
8115,13235,429,94,40326,full_family_coverage,9704
3298,5099,144,162,23328,full_family_coverage,9705
7062,12947,9,135,1215,full_family_coverage,9706
8262,22298,87,91,7917,full_family_coverage,9707
15003,20431,117,39,4563,full_family_coverage,9708
12585,13533,77,245,18865,full_family_coverage,9709
5458,14635,114,169,19266,full_family_coverage,9710
13945,19211,119,81,9639,full_family_coverage,9711
4440,12882,42,31,1302,full_family_coverage,9712
4905,18950,132,68,8976,full_family_coverage,9713
19569,23287,52,49,2548,full_family_coverage,9714
9722,21353,51,63,3213,full_family_coverage,9715
3983,18781,110,60,6600,full_family_coverage,9716
538,14833,253,234,59202,full_family_coverage,9717
802,18968,159,59,9381,full_family_coverage,9718
11514,20421,56,128,7168,full_family_coverage,9719
7764,20834,84,289,24276,full_family_coverage,9720
3588,11194,156,333,51948,full_family_coverage,9721
2569,22336,193,227,43811,full_family_coverage,9722
7654,9593,239,46,10994,full_family_coverage,9723
6486,23324,165,115,18975,full_family_coverage,9724
1389,6138,145,145,21025,full_family_coverage,9725
17428,22602,105,42,4410,full_family_coverage,9726
20449,23409,118,87,10266,full_family_coverage,9727
8779,10262,451,335,151085,full_family_coverage,9728
11274,14158,159,298,47382,full_family_coverage,9729
2956,11313,337,86,28982,full_family_coverage,9730
442,20972,267,232,61944,full_family_coverage,9731
7385,18807,14,200,2800,full_family_coverage,9732
4409,20242,93,106,9858,full_family_coverage,9733
4813,13471,98,116,11368,full_family_coverage,9734
14108,20401,137,93,12741,full_family_coverage,9735
9827,24958,154,100,15400,full_family_coverage,9736
847,3569,306,159,48654,full_family_coverage,9737
11253,24115,151,219,33069,full_family_coverage,9738
11908,15167,119,86,10234,full_family_coverage,9739
9218,22017,142,177,25134,full_family_coverage,9740
4346,7380,152,50,7600,full_family_coverage,9741
17836,18017,15,72,1080,full_family_coverage,9742
17436,21559,58,73,4234,full_family_coverage,9743
12318,12678,153,133,20349,full_family_coverage,9744
8609,19245,46,68,3128,full_family_coverage,9745
5301,9480,193,243,46899,full_family_coverage,9746
11146,13236,104,64,6656,full_family_coverage,9747
1469,16071,94,117,10998,full_family_coverage,9748
17985,18231,99,40,3960,full_family_coverage,9749
16106,19473,158,50,7900,full_family_coverage,9750
14029,14374,195,144,28080,full_family_coverage,9751
7436,13143,28,175,4900,full_family_coverage,9752
4279,10476,519,178,92382,full_family_coverage,9753
15406,23153,274,49,13426,full_family_coverage,9754
492,17325,520,126,65520,full_family_coverage,9755
1502,3943,91,96,8736,full_family_coverage,9756
745,22475,264,70,18480,full_family_coverage,9757
13149,24710,178,98,17444,full_family_coverage,9758
2515,5308,82,116,9512,full_family_coverage,9759
3567,19628,324,360,116640,full_family_coverage,9760
3734,14941,119,94,11186,full_family_coverage,9761
2700,15771,136,145,19720,full_family_coverage,9762
22629,25308,85,118,10030,full_family_coverage,9763
2921,8217,464,174,80736,full_family_coverage,9764
10308,11367,51,120,6120,full_family_coverage,9765
9278,12522,90,97,8730,full_family_coverage,9766
4796,11811,99,191,18909,full_family_coverage,9767
8882,10762,73,33,2409,full_family_coverage,9768
3725,11413,64,71,4544,full_family_coverage,9769
17126,24976,154,75,11550,full_family_coverage,9770
3561,23671,36,108,3888,full_family_coverage,9771
1311,3296,356,161,57316,full_family_coverage,9772
11375,15373,70,139,9730,full_family_coverage,9773
17336,19507,49,57,2793,full_family_coverage,9774
1002,2880,111,8,888,full_family_coverage,9775
15297,20805,147,133,19551,full_family_coverage,9776
19432,22910,147,106,15582,full_family_coverage,9777
17179,17411,84,69,5796,full_family_coverage,9778
1232,18661,24,61,1464,full_family_coverage,9779
1961,9568,182,128,23296,full_family_coverage,9780
6156,24392,313,115,35995,full_family_coverage,9781
1914,3135,204,133,27132,full_family_coverage,9782
715,10124,94,77,7238,full_family_coverage,9783
13724,16986,80,88,7040,full_family_coverage,9784
10295,16523,55,76,4180,full_family_coverage,9785
7578,17254,104,147,15288,full_family_coverage,9786
16644,18872,127,91,11557,full_family_coverage,9787
17933,20398,315,54,17010,full_family_coverage,9788
11404,17729,51,174,8874,full_family_coverage,9789
14090,14712,437,373,163001,full_family_coverage,9790
12877,20292,113,35,3955,full_family_coverage,9791
8381,13048,267,59,15753,full_family_coverage,9792
8700,21513,346,134,46364,full_family_coverage,9793
13911,14364,319,423,134937,full_family_coverage,9794
16760,19333,59,157,9263,full_family_coverage,9795
11590,23195,25,68,1700,full_family_coverage,9796
15745,17324,121,182,22022,full_family_coverage,9797
10032,25087,162,92,14904,full_family_coverage,9798
8704,12478,446,80,35680,full_family_coverage,9799
16727,19508,79,208,16432,full_family_coverage,9800
7927,9505,108,223,24084,full_family_coverage,9801
2317,9632,344,147,50568,full_family_coverage,9802
13505,24599,116,373,43268,full_family_coverage,9803
19291,22808,153,245,37485,full_family_coverage,9804
691,4077,87,69,6003,full_family_coverage,9805
17371,17921,57,39,2223,full_family_coverage,9806
7997,9731,27,33,891,full_family_coverage,9807
5803,6937,115,19,2185,full_family_coverage,9808
499,21820,242,57,13794,full_family_coverage,9809
3034,9089,96,51,4896,full_family_coverage,9810
7233,13721,143,42,6006,full_family_coverage,9811
6827,16242,19,97,1843,full_family_coverage,9812
8871,24869,222,70,15540,full_family_coverage,9813
13899,24127,298,79,23542,full_family_coverage,9814
5179,17064,49,22,1078,full_family_coverage,9815
622,1454,102,350,35700,full_family_coverage,9816
967,12549,590,174,102660,full_family_coverage,9817
9854,11519,181,110,19910,full_family_coverage,9818
6855,10581,53,91,4823,full_family_coverage,9819
4844,13936,269,89,23941,full_family_coverage,9820
1827,22643,55,295,16225,full_family_coverage,9821
6404,20426,201,131,26331,full_family_coverage,9822
3376,13758,78,83,6474,full_family_coverage,9823
18624,20887,76,234,17784,full_family_coverage,9824
1974,9349,338,47,15886,full_family_coverage,9825
145,16103,200,155,31000,full_family_coverage,9826
5583,14501,318,289,91902,full_family_coverage,9827
1799,2770,358,155,55490,full_family_coverage,9828
17029,17080,68,64,4352,full_family_coverage,9829
599,9584,36,108,3888,full_family_coverage,9830
4149,13350,212,51,10812,full_family_coverage,9831
1637,7215,116,50,5800,full_family_coverage,9832
15360,16205,131,220,28820,full_family_coverage,9833
12,18712,62,104,6448,full_family_coverage,9834
2929,18296,190,217,41230,full_family_coverage,9835
17059,24801,56,91,5096,full_family_coverage,9836
4853,11973,99,181,17919,full_family_coverage,9837
7129,18480,510,237,120870,full_family_coverage,9838
7508,9676,89,654,58206,full_family_coverage,9839
15527,17778,82,24,1968,full_family_coverage,9840
2933,12286,442,67,29614,full_family_coverage,9841
9647,18338,104,88,9152,full_family_coverage,9842
17584,21720,303,387,117261,full_family_coverage,9843
8164,14117,100,453,45300,full_family_coverage,9844
10733,12252,320,420,134400,full_family_coverage,9845
4366,20540,167,91,15197,full_family_coverage,9846
8107,15932,91,128,11648,full_family_coverage,9847
15266,21632,350,169,59150,full_family_coverage,9848
7740,15986,62,212,13144,full_family_coverage,9849
19060,20245,90,87,7830,full_family_coverage,9850
21236,24107,126,33,4158,full_family_coverage,9851
3299,12816,201,94,18894,full_family_coverage,9852
10231,18695,142,274,38908,full_family_coverage,9853
13136,17654,174,87,15138,full_family_coverage,9854
7584,20637,9,57,513,full_family_coverage,9855
8762,24705,46,45,2070,full_family_coverage,9856
3064,4265,78,205,15990,full_family_coverage,9857
17062,18057,76,158,12008,full_family_coverage,9858
21959,23652,60,320,19200,full_family_coverage,9859
4249,11086,42,264,11088,full_family_coverage,9860
10152,24977,172,53,9116,full_family_coverage,9861
4213,15090,68,259,17612,full_family_coverage,9862
12350,18108,261,191,49851,full_family_coverage,9863
2898,11332,378,72,27216,full_family_coverage,9864
2854,10276,85,71,6035,full_family_coverage,9865
14246,17239,128,75,9600,full_family_coverage,9866
160,24099,105,54,5670,full_family_coverage,9867
2925,11675,100,51,5100,full_family_coverage,9868
2224,22455,259,30,7770,full_family_coverage,9869
1173,4513,251,129,32379,full_family_coverage,9870
22319,23897,40,115,4600,full_family_coverage,9871
1574,9340,210,186,39060,full_family_coverage,9872
4987,5543,95,270,25650,full_family_coverage,9873
6041,13061,229,140,32060,full_family_coverage,9874
18484,19378,207,249,51543,full_family_coverage,9875
379,5424,59,497,29323,full_family_coverage,9876
16385,18337,118,145,17110,full_family_coverage,9877
2307,11911,245,64,15680,full_family_coverage,9878
11425,25432,88,84,7392,full_family_coverage,9879
6765,24661,197,53,10441,full_family_coverage,9880
9503,23592,61,119,7259,full_family_coverage,9881
10370,20639,27,227,6129,full_family_coverage,9882
4984,9785,97,137,13289,full_family_coverage,9883
5357,18013,68,64,4352,full_family_coverage,9884
10034,13858,45,71,3195,full_family_coverage,9885
3155,6709,171,88,15048,full_family_coverage,9886
3390,7115,216,132,28512,full_family_coverage,9887
7810,17129,186,274,50964,full_family_coverage,9888
590,17644,113,51,5763,full_family_coverage,9889
11355,24923,66,115,7590,full_family_coverage,9890
8696,16777,165,621,102465,full_family_coverage,9891
7540,16107,296,195,57720,full_family_coverage,9892
8220,11435,103,209,21527,full_family_coverage,9893
15700,23657,121,20,2420,full_family_coverage,9894
3870,14523,206,83,17098,full_family_coverage,9895
23576,24654,280,231,64680,full_family_coverage,9896
8834,24784,212,104,22048,full_family_coverage,9897
17692,25114,195,110,21450,full_family_coverage,9898
2871,15592,22,110,2420,full_family_coverage,9899
11995,12842,430,107,46010,full_family_coverage,9900
624,10313,34,157,5338,full_family_coverage,9901
6207,9582,430,47,20210,full_family_coverage,9902
7599,22237,148,25,3700,full_family_coverage,9903
11859,15966,92,188,17296,full_family_coverage,9904
10953,15272,92,58,5336,full_family_coverage,9905
13428,17499,79,183,14457,full_family_coverage,9906
1069,24373,175,75,13125,full_family_coverage,9907
6490,18845,305,111,33855,full_family_coverage,9908
10587,12224,406,56,22736,full_family_coverage,9909
6235,20001,168,116,19488,full_family_coverage,9910
3440,5961,85,264,22440,full_family_coverage,9911
4804,19918,118,92,10856,full_family_coverage,9912
13815,18144,141,118,16638,full_family_coverage,9913
7283,18640,232,112,25984,full_family_coverage,9914
16566,16762,157,126,19782,full_family_coverage,9915
3661,7090,70,188,13160,full_family_coverage,9916
6562,16791,83,123,10209,full_family_coverage,9917
10516,20069,231,81,18711,full_family_coverage,9918
407,3938,537,141,75717,full_family_coverage,9919
6416,12943,105,120,12600,full_family_coverage,9920
15855,24530,83,51,4233,full_family_coverage,9921
4935,10326,64,355,22720,full_family_coverage,9922
12965,16142,81,40,3240,full_family_coverage,9923
17691,20720,209,75,15675,full_family_coverage,9924
20034,23179,259,140,36260,full_family_coverage,9925
4354,23979,138,173,23874,full_family_coverage,9926
4503,6175,116,302,35032,full_family_coverage,9927
10074,23705,72,118,8496,full_family_coverage,9928
4993,7364,226,116,26216,full_family_coverage,9929
832,8211,109,64,6976,full_family_coverage,9930
5770,16099,304,61,18544,full_family_coverage,9931
12601,22048,180,123,22140,full_family_coverage,9932
23313,23999,215,165,35475,full_family_coverage,9933
2048,5048,6,84,504,full_family_coverage,9934
8400,22018,107,111,11877,full_family_coverage,9935
12219,15684,44,29,1276,full_family_coverage,9936
7317,14709,27,105,2835,full_family_coverage,9937
8094,16912,62,85,5270,full_family_coverage,9938
2510,24900,99,73,7227,full_family_coverage,9939
3624,24169,184,169,31096,full_family_coverage,9940
6923,14447,126,104,13104,full_family_coverage,9941
14424,22339,84,136,11424,full_family_coverage,9942
7361,15460,19,88,1672,full_family_coverage,9943
2988,17425,527,111,58497,full_family_coverage,9944
2662,11667,64,29,1856,full_family_coverage,9945
877,4408,376,104,39104,full_family_coverage,9946
1947,10424,36,182,6552,full_family_coverage,9947
10153,20324,78,57,4446,full_family_coverage,9948
6220,12525,332,264,87648,full_family_coverage,9949
17253,19299,82,254,20828,full_family_coverage,9950
9496,14943,214,71,15194,full_family_coverage,9951
803,14565,53,296,15688,full_family_coverage,9952
8884,17161,270,100,27000,full_family_coverage,9953
4116,7813,197,293,57721,full_family_coverage,9954
6176,7549,111,133,14763,full_family_coverage,9955
23246,23629,70,68,4760,full_family_coverage,9956
5817,7742,205,238,48790,full_family_coverage,9957
10968,22325,104,332,34528,full_family_coverage,9958
1992,14414,181,291,52671,full_family_coverage,9959
9191,9487,82,477,39114,full_family_coverage,9960
3159,8266,170,62,10540,full_family_coverage,9961
2812,12543,27,75,2025,full_family_coverage,9962
23462,25340,178,330,58740,full_family_coverage,9963
2033,8456,63,182,11466,full_family_coverage,9964
13890,22976,25,93,2325,full_family_coverage,9965
5408,5605,91,331,30121,full_family_coverage,9966
14815,18912,42,130,5460,full_family_coverage,9967
19567,21492,88,59,5192,full_family_coverage,9968
143,24468,216,195,42120,full_family_coverage,9969
1299,20943,83,67,5561,full_family_coverage,9970
10512,11921,189,159,30051,full_family_coverage,9971
7568,12288,153,310,47430,full_family_coverage,9972
12883,15388,106,157,16642,full_family_coverage,9973
11081,24537,37,290,10730,full_family_coverage,9974
5438,14763,242,172,41624,full_family_coverage,9975
8437,23720,103,189,19467,full_family_coverage,9976
4526,16778,264,1444,381216,full_family_coverage,9977
4315,13502,93,150,13950,full_family_coverage,9978
1238,7101,61,209,12749,full_family_coverage,9979
6586,22553,298,116,34568,full_family_coverage,9980
1392,19846,200,59,11800,full_family_coverage,9981
3622,10260,192,184,35328,full_family_coverage,9982
9703,20007,45,334,15030,full_family_coverage,9983
16631,23892,232,61,14152,full_family_coverage,9984
7562,15681,71,106,7526,full_family_coverage,9985
4914,19565,278,237,65886,full_family_coverage,9986
614,16824,91,99,9009,full_family_coverage,9987
9052,14855,102,84,8568,full_family_coverage,9988
18983,22653,133,401,53333,full_family_coverage,9989
2240,11503,32,136,4352,full_family_coverage,9990
8395,9605,54,59,3186,full_family_coverage,9991
21166,25457,243,167,40581,full_family_coverage,9992
3608,19797,87,53,4611,full_family_coverage,9993
4287,24595,251,47,11797,full_family_coverage,9994
21119,23047,324,177,57348,full_family_coverage,9995
4180,25244,118,95,11210,full_family_coverage,9996
10197,12407,38,149,5662,full_family_coverage,9997
5378,15175,241,219,52779,full_family_coverage,9998
19534,20348,98,40,3920,full_family_coverage,9999
2692,10171,81,190,15390,full_family_coverage,10000
2539,15782,39,258,10062,full_family_coverage,10001
10078,15549,107,155,16585,full_family_coverage,10002
5987,17811,62,185,11470,full_family_coverage,10003
1549,21610,509,102,51918,full_family_coverage,10004
6705,15624,59,149,8791,full_family_coverage,10005
24651,24757,175,46,8050,full_family_coverage,10006
8429,12090,257,69,17733,full_family_coverage,10007
8930,17252,148,294,43512,full_family_coverage,10008
2129,15576,53,186,9858,full_family_coverage,10009
13069,15942,274,134,36716,full_family_coverage,10010
1931,24025,124,72,8928,full_family_coverage,10011
859,24990,50,57,2850,full_family_coverage,10012
14995,15451,180,75,13500,full_family_coverage,10013
7683,17005,68,88,5984,full_family_coverage,10014
12338,18230,371,62,23002,full_family_coverage,10015
1499,21571,133,47,6251,full_family_coverage,10016
20388,25176,84,122,10248,full_family_coverage,10017
7331,9236,42,139,5838,full_family_coverage,10018
18317,20204,65,37,2405,full_family_coverage,10019
6534,19022,76,85,6460,full_family_coverage,10020
9093,13931,561,30,16830,full_family_coverage,10021
1248,23642,69,50,3450,full_family_coverage,10022
21528,24017,61,66,4026,full_family_coverage,10023
12708,22844,91,48,4368,full_family_coverage,10024
3291,18444,648,78,50544,full_family_coverage,10025
5753,8405,99,112,11088,full_family_coverage,10026
7379,11243,34,212,7208,full_family_coverage,10027
18459,19988,698,168,117264,full_family_coverage,10028
1507,8780,448,429,192192,full_family_coverage,10029
815,4601,435,238,103530,full_family_coverage,10030
7109,8502,122,329,40138,full_family_coverage,10031
23806,24192,115,43,4945,full_family_coverage,10032
16723,20224,97,211,20467,full_family_coverage,10033
11280,14443,81,61,4941,full_family_coverage,10034
2405,18101,304,33,10032,full_family_coverage,10035
9666,23947,137,38,5206,full_family_coverage,10036
9455,10209,307,66,20262,full_family_coverage,10037
9531,11729,252,105,26460,full_family_coverage,10038
3175,19164,74,78,5772,full_family_coverage,10039
3920,24881,219,64,14016,full_family_coverage,10040
20511,20649,168,138,23184,full_family_coverage,10041
6158,17693,20,274,5480,full_family_coverage,10042
13003,23090,14,37,518,full_family_coverage,10043
11781,22741,162,157,25434,full_family_coverage,10044
9113,22318,62,47,2914,full_family_coverage,10045
5261,6301,448,78,34944,full_family_coverage,10046
17538,22266,84,32,2688,full_family_coverage,10047
13560,15093,144,137,19728,full_family_coverage,10048
7468,16112,200,77,15400,full_family_coverage,10049
10891,16976,77,111,8547,full_family_coverage,10050
10580,15622,120,153,18360,full_family_coverage,10051
2602,14874,39,63,2457,full_family_coverage,10052
1058,22147,189,65,12285,full_family_coverage,10053
1172,2809,155,221,34255,full_family_coverage,10054
14213,18136,74,196,14504,full_family_coverage,10055
12986,21546,74,88,6512,full_family_coverage,10056
182,21947,155,46,7130,full_family_coverage,10057
15310,25132,336,113,37968,full_family_coverage,10058
1016,4240,77,316,24332,full_family_coverage,10059
10588,12467,193,163,31459,full_family_coverage,10060
2716,18538,138,179,24702,full_family_coverage,10061
4682,25141,275,70,19250,full_family_coverage,10062
12007,24998,48,258,12384,full_family_coverage,10063
10956,25517,109,90,9810,full_family_coverage,10064
4655,14351,135,319,43065,full_family_coverage,10065
1825,10684,356,109,38804,full_family_coverage,10066
7871,18265,32,192,6144,full_family_coverage,10067
4299,14960,165,100,16500,full_family_coverage,10068
962,2866,180,234,42120,full_family_coverage,10069
11283,25341,83,324,26892,full_family_coverage,10070
1254,15507,123,128,15744,full_family_coverage,10071
7,7610,27,123,3321,full_family_coverage,10072
12418,12607,85,189,16065,full_family_coverage,10073
10651,24118,70,74,5180,full_family_coverage,10074
2270,14896,369,236,87084,full_family_coverage,10075
9142,17610,131,113,14803,full_family_coverage,10076
2778,21818,35,35,1225,full_family_coverage,10077
2097,3125,65,234,15210,full_family_coverage,10078
2885,9787,73,46,3358,full_family_coverage,10079
3169,6102,131,207,27117,full_family_coverage,10080
2347,6129,31,381,11811,full_family_coverage,10081
20249,22664,70,62,4340,full_family_coverage,10082
4928,20461,109,270,29430,full_family_coverage,10083
2944,8809,92,284,26128,full_family_coverage,10084
3560,19160,133,205,27265,full_family_coverage,10085
6436,14601,17,150,2550,full_family_coverage,10086
19899,23862,165,403,66495,full_family_coverage,10087
12067,18828,100,105,10500,full_family_coverage,10088
3945,24633,47,172,8084,full_family_coverage,10089
15625,15685,262,115,30130,full_family_coverage,10090
3215,4699,62,177,10974,full_family_coverage,10091
2934,19482,158,84,13272,full_family_coverage,10092
7857,21012,85,90,7650,full_family_coverage,10093
17439,19090,141,190,26790,full_family_coverage,10094
8006,8200,112,153,17136,full_family_coverage,10095
2360,3239,318,100,31800,full_family_coverage,10096
3319,14537,39,89,3471,full_family_coverage,10097
12976,21153,74,163,12062,full_family_coverage,10098
11826,18947,17,416,7072,full_family_coverage,10099
1511,9336,117,206,24102,full_family_coverage,10100
12516,19765,46,221,10166,full_family_coverage,10101
11905,25254,56,138,7728,full_family_coverage,10102
2409,15667,227,123,27921,full_family_coverage,10103
10550,23597,36,220,7920,full_family_coverage,10104
14377,19707,50,186,9300,full_family_coverage,10105
6278,10269,88,169,14872,full_family_coverage,10106
6133,24929,20,40,800,full_family_coverage,10107
7522,15262,20,420,8400,full_family_coverage,10108
10139,24120,169,312,52728,full_family_coverage,10109
4292,18377,140,340,47600,full_family_coverage,10110
12171,21320,146,143,20878,full_family_coverage,10111
8016,10410,146,53,7738,full_family_coverage,10112
6211,11441,107,100,10700,full_family_coverage,10113
8629,10356,162,146,23652,full_family_coverage,10114
8414,15218,33,263,8679,full_family_coverage,10115
2237,10764,30,43,1290,full_family_coverage,10116
11409,22913,421,55,23155,full_family_coverage,10117
7781,21201,38,193,7334,full_family_coverage,10118
17876,21797,45,123,5535,full_family_coverage,10119
8757,23000,602,105,63210,full_family_coverage,10120
1700,11211,62,115,7130,full_family_coverage,10121
3907,14420,279,178,49662,full_family_coverage,10122
4880,5975,264,76,20064,full_family_coverage,10123
5680,18595,552,92,50784,full_family_coverage,10124
8132,24374,44,301,13244,full_family_coverage,10125
8573,10621,50,37,1850,full_family_coverage,10126
15334,21420,149,121,18029,full_family_coverage,10127
6123,16400,72,60,4320,full_family_coverage,10128
5256,24086,131,60,7860,full_family_coverage,10129
5292,23172,99,42,4158,full_family_coverage,10130
6964,13683,239,318,76002,full_family_coverage,10131
9769,15709,251,67,16817,full_family_coverage,10132
12153,15723,60,111,6660,full_family_coverage,10133
3760,3804,55,128,7040,full_family_coverage,10134
8661,22840,89,221,19669,full_family_coverage,10135
3456,8246,234,214,50076,full_family_coverage,10136
3612,17690,101,118,11918,full_family_coverage,10137
10536,16840,267,135,36045,full_family_coverage,10138
2406,6952,48,189,9072,full_family_coverage,10139
1116,16717,179,91,16289,full_family_coverage,10140
753,883,79,199,15721,full_family_coverage,10141
20641,23510,35,76,2660,full_family_coverage,10142
445,22823,521,217,113057,full_family_coverage,10143
7255,25004,207,151,31257,full_family_coverage,10144
5224,22534,99,155,15345,full_family_coverage,10145
2636,12527,523,283,148009,full_family_coverage,10146
18222,22387,340,46,15640,full_family_coverage,10147
7517,24617,49,128,6272,full_family_coverage,10148
5758,10439,253,268,67804,full_family_coverage,10149
12436,24899,210,102,21420,full_family_coverage,10150
4161,16516,168,54,9072,full_family_coverage,10151
6553,11491,129,25,3225,full_family_coverage,10152
15901,21067,30,186,5580,full_family_coverage,10153
2657,7424,134,147,19698,full_family_coverage,10154
18789,25296,118,183,21594,full_family_coverage,10155
2396,6038,184,159,29256,full_family_coverage,10156
6740,13599,156,137,21372,full_family_coverage,10157
9437,9821,347,208,72176,full_family_coverage,10158
162,21930,88,99,8712,full_family_coverage,10159
6837,18118,324,131,42444,full_family_coverage,10160
6302,25042,53,105,5565,full_family_coverage,10161
16063,23045,164,65,10660,full_family_coverage,10162
11535,18716,131,294,38514,full_family_coverage,10163
5890,19417,152,119,18088,full_family_coverage,10164
12181,15488,102,519,52938,full_family_coverage,10165
4776,17027,241,91,21931,full_family_coverage,10166
5783,8828,74,233,17242,full_family_coverage,10167
0,19535,268,220,58960,full_family_coverage,10168
2315,20499,169,123,20787,full_family_coverage,10169
10732,14949,238,75,17850,full_family_coverage,10170
10222,22330,393,135,53055,full_family_coverage,10171
9866,16752,93,156,14508,full_family_coverage,10172
13826,18359,108,90,9720,full_family_coverage,10173
7012,12806,81,232,18792,full_family_coverage,10174
7889,23732,95,99,9405,full_family_coverage,10175
6712,13678,322,302,97244,full_family_coverage,10176
1078,19193,465,172,79980,full_family_coverage,10177
264,6016,171,184,31464,full_family_coverage,10178
15112,18521,312,95,29640,full_family_coverage,10179
11620,18311,145,91,13195,full_family_coverage,10180
5403,19615,67,80,5360,full_family_coverage,10181
10446,15062,154,85,13090,full_family_coverage,10182
9941,13602,69,43,2967,full_family_coverage,10183
4261,16375,104,92,9568,full_family_coverage,10184
3606,9088,120,118,14160,full_family_coverage,10185
24155,25119,80,51,4080,full_family_coverage,10186
3028,24345,310,75,23250,full_family_coverage,10187
983,10973,225,145,32625,full_family_coverage,10188
11483,17828,136,64,8704,full_family_coverage,10189
7541,19237,112,37,4144,full_family_coverage,10190
1158,11761,297,39,11583,full_family_coverage,10191
6672,25044,216,120,25920,full_family_coverage,10192
8136,8289,90,77,6930,full_family_coverage,10193
2378,4658,192,223,42816,full_family_coverage,10194
3286,25220,199,87,17313,full_family_coverage,10195
13316,17089,157,164,25748,full_family_coverage,10196
6182,24225,65,165,10725,full_family_coverage,10197
10442,11919,135,272,36720,full_family_coverage,10198
3653,11674,108,183,19764,full_family_coverage,10199
13055,16843,58,48,2784,full_family_coverage,10200
2407,16759,143,82,11726,full_family_coverage,10201
6320,24165,158,226,35708,full_family_coverage,10202
6976,10056,111,51,5661,full_family_coverage,10203
2525,20229,175,51,8925,full_family_coverage,10204
3957,16964,414,145,60030,full_family_coverage,10205
1515,15950,519,76,39444,full_family_coverage,10206
7613,23547,119,95,11305,full_family_coverage,10207
5491,16800,148,56,8288,full_family_coverage,10208
5258,6505,745,218,162410,full_family_coverage,10209
3315,11815,136,209,28424,full_family_coverage,10210
7849,9739,53,12,636,full_family_coverage,10211
20866,21625,195,156,30420,full_family_coverage,10212
1055,3696,186,472,87792,full_family_coverage,10213
5744,16291,61,93,5673,full_family_coverage,10214
16598,18623,223,355,79165,full_family_coverage,10215
2773,19910,187,145,27115,full_family_coverage,10216
16225,17410,60,138,8280,full_family_coverage,10217
6508,25400,97,260,25220,full_family_coverage,10218
6096,12429,23,200,4600,full_family_coverage,10219
16769,21324,109,24,2616,full_family_coverage,10220
3951,11682,170,145,24650,full_family_coverage,10221
4555,23228,141,81,11421,full_family_coverage,10222
15283,21319,86,153,13158,full_family_coverage,10223
1014,3632,319,57,18183,full_family_coverage,10224
1850,24213,114,237,27018,full_family_coverage,10225
10958,12158,88,59,5192,full_family_coverage,10226
12265,13378,156,225,35100,full_family_coverage,10227
10949,15877,151,200,30200,full_family_coverage,10228
1448,24671,24,62,1488,full_family_coverage,10229
2348,4950,36,94,3384,full_family_coverage,10230
15712,17396,38,100,3800,full_family_coverage,10231
6308,10897,87,243,21141,full_family_coverage,10232
7338,17363,327,70,22890,full_family_coverage,10233
4117,24399,156,122,19032,full_family_coverage,10234
8039,9628,47,499,23453,full_family_coverage,10235
203,5347,238,1297,308686,full_family_coverage,10236
376,10881,308,123,37884,full_family_coverage,10237
5577,21464,178,126,22428,full_family_coverage,10238
2739,15911,41,67,2747,full_family_coverage,10239
1776,3284,82,866,71012,full_family_coverage,10240
5515,16043,519,96,49824,full_family_coverage,10241
2947,23261,127,99,12573,full_family_coverage,10242
13634,20100,29,117,3393,full_family_coverage,10243
16121,17658,221,50,11050,full_family_coverage,10244
7890,19863,75,96,7200,full_family_coverage,10245
10872,13611,93,87,8091,full_family_coverage,10246
10722,11813,121,196,23716,full_family_coverage,10247
9277,20979,86,27,2322,full_family_coverage,10248
23072,25013,327,142,46434,full_family_coverage,10249
3568,17976,306,25,7650,full_family_coverage,10250
10734,25157,40,253,10120,full_family_coverage,10251
6030,20045,278,83,23074,full_family_coverage,10252
15930,18733,360,71,25560,full_family_coverage,10253
157,20341,191,88,16808,full_family_coverage,10254
1527,23906,245,132,32340,full_family_coverage,10255
5916,7358,100,64,6400,full_family_coverage,10256
3779,17082,86,48,4128,full_family_coverage,10257
18046,22341,50,277,13850,full_family_coverage,10258
2344,16588,31,65,2015,full_family_coverage,10259
3189,11108,73,77,5621,full_family_coverage,10260
664,18847,275,76,20900,full_family_coverage,10261
5613,8764,76,446,33896,full_family_coverage,10262
5337,11373,99,195,19305,full_family_coverage,10263
9749,22470,24,220,5280,full_family_coverage,10264
15291,22254,201,254,51054,full_family_coverage,10265
9190,21294,247,126,31122,full_family_coverage,10266
364,11260,111,38,4218,full_family_coverage,10267
796,12374,37,62,2294,full_family_coverage,10268
3791,18646,62,685,42470,full_family_coverage,10269
8729,24334,59,95,5605,full_family_coverage,10270
4782,14487,96,98,9408,full_family_coverage,10271
15075,21465,92,127,11684,full_family_coverage,10272
5768,24212,160,66,10560,full_family_coverage,10273
11219,20241,79,109,8611,full_family_coverage,10274
5281,7178,180,21,3780,full_family_coverage,10275
7247,10375,272,141,38352,full_family_coverage,10276
22549,23309,124,50,6200,full_family_coverage,10277
12605,22394,95,73,6935,full_family_coverage,10278
821,15832,169,165,27885,full_family_coverage,10279
7005,16093,44,95,4180,full_family_coverage,10280
14250,15220,62,55,3410,full_family_coverage,10281
7737,15211,96,68,6528,full_family_coverage,10282
5501,6461,64,89,5696,full_family_coverage,10283
16238,25080,64,384,24576,full_family_coverage,10284
4641,22943,71,55,3905,full_family_coverage,10285
17677,21413,168,47,7896,full_family_coverage,10286
5320,15495,78,94,7332,full_family_coverage,10287
8474,17739,114,8,912,full_family_coverage,10288
930,6988,380,79,30020,full_family_coverage,10289
16212,21544,280,64,17920,full_family_coverage,10290
13597,19149,134,286,38324,full_family_coverage,10291
10864,10929,208,27,5616,full_family_coverage,10292
6201,18651,226,266,60116,full_family_coverage,10293
103,20681,190,183,34770,full_family_coverage,10294
887,909,187,355,66385,full_family_coverage,10295
17209,24098,21,61,1281,full_family_coverage,10296
14113,14745,605,406,245630,full_family_coverage,10297
5343,19148,341,109,37169,full_family_coverage,10298
1830,6528,52,48,2496,full_family_coverage,10299
16886,25301,101,70,7070,full_family_coverage,10300
6962,15478,344,193,66392,full_family_coverage,10301
109,12599,214,125,26750,full_family_coverage,10302
817,2254,124,214,26536,full_family_coverage,10303
315,16382,207,129,26703,full_family_coverage,10304
15351,19376,47,174,8178,full_family_coverage,10305
15411,25179,154,80,12320,full_family_coverage,10306
3571,11449,55,69,3795,full_family_coverage,10307
16858,23255,75,65,4875,full_family_coverage,10308
3949,17210,71,28,1988,full_family_coverage,10309
8353,16391,93,183,17019,full_family_coverage,10310
14970,23119,134,71,9514,full_family_coverage,10311
5795,16250,81,150,12150,full_family_coverage,10312
7775,23728,100,132,13200,full_family_coverage,10313
13449,14315,75,343,25725,full_family_coverage,10314
2837,18401,82,221,18122,full_family_coverage,10315
1924,3124,342,122,41724,full_family_coverage,10316
541,10636,79,228,18012,full_family_coverage,10317
7075,8300,214,41,8774,full_family_coverage,10318
9522,21350,460,79,36340,full_family_coverage,10319
15731,22395,56,30,1680,full_family_coverage,10320
18069,18223,143,188,26884,full_family_coverage,10321
3337,3967,135,96,12960,full_family_coverage,10322
6430,22353,257,39,10023,full_family_coverage,10323
475,13447,373,44,16412,full_family_coverage,10324
17764,22026,40,25,1000,full_family_coverage,10325
2193,11422,240,165,39600,full_family_coverage,10326
8916,18713,48,56,2688,full_family_coverage,10327
11790,18433,150,451,67650,full_family_coverage,10328
19308,25476,100,69,6900,full_family_coverage,10329
580,20043,100,99,9900,full_family_coverage,10330
9003,14572,191,106,20246,full_family_coverage,10331
18038,23381,91,100,9100,full_family_coverage,10332
897,18073,70,61,4270,full_family_coverage,10333
8023,19964,208,329,68432,full_family_coverage,10334
556,19345,288,145,41760,full_family_coverage,10335
4568,22334,29,103,2987,full_family_coverage,10336
24675,24724,82,90,7380,full_family_coverage,10337
9679,13155,115,124,14260,full_family_coverage,10338
13161,24970,36,67,2412,full_family_coverage,10339
6094,18949,304,68,20672,full_family_coverage,10340
8876,15559,121,204,24684,full_family_coverage,10341
305,10582,186,30,5580,full_family_coverage,10342
11426,19119,161,243,39123,full_family_coverage,10343
8114,10475,107,74,7918,full_family_coverage,10344
3382,20379,267,85,22695,full_family_coverage,10345
6746,19005,342,46,15732,full_family_coverage,10346
6117,25227,117,142,16614,full_family_coverage,10347
1697,12901,243,195,47385,full_family_coverage,10348
16021,19415,112,72,8064,full_family_coverage,10349
1190,4507,73,54,3942,full_family_coverage,10350
16624,20177,147,70,10290,full_family_coverage,10351
7181,16126,275,31,8525,full_family_coverage,10352
23678,24593,182,70,12740,full_family_coverage,10353
6908,21191,35,107,3745,full_family_coverage,10354
3502,4228,250,91,22750,full_family_coverage,10355
10507,21382,151,67,10117,full_family_coverage,10356
5263,19923,70,242,16940,full_family_coverage,10357
1600,8476,146,79,11534,full_family_coverage,10358
6556,6870,43,116,4988,full_family_coverage,10359
20517,21430,90,66,5940,full_family_coverage,10360
2724,22957,115,118,13570,full_family_coverage,10361
5558,21338,287,83,23821,full_family_coverage,10362
3822,9196,348,95,33060,full_family_coverage,10363
6834,18619,59,267,15753,full_family_coverage,10364
14521,16222,58,93,5394,full_family_coverage,10365
12744,20766,220,45,9900,full_family_coverage,10366
5148,16806,24,111,2664,full_family_coverage,10367
23941,24346,68,67,4556,full_family_coverage,10368
21880,25061,50,50,2500,full_family_coverage,10369
3433,20201,244,139,33916,full_family_coverage,10370
3915,23533,127,90,11430,full_family_coverage,10371
3721,21230,45,211,9495,full_family_coverage,10372
6752,23574,66,96,6336,full_family_coverage,10373
309,23084,31,122,3782,full_family_coverage,10374
8189,13339,128,108,13824,full_family_coverage,10375
2601,24987,22,135,2970,full_family_coverage,10376
9243,11191,65,105,6825,full_family_coverage,10377
19919,21828,64,263,16832,full_family_coverage,10378
4835,20467,133,16,2128,full_family_coverage,10379
22555,24942,196,130,25480,full_family_coverage,10380
4148,6184,736,60,44160,full_family_coverage,10381
4974,6662,157,133,20881,full_family_coverage,10382
20094,24513,55,111,6105,full_family_coverage,10383
39,14269,37,96,3552,full_family_coverage,10384
2058,21174,87,94,8178,full_family_coverage,10385
16483,20688,113,140,15820,full_family_coverage,10386
11447,22920,90,171,15390,full_family_coverage,10387
12611,21184,118,54,6372,full_family_coverage,10388
14022,18166,118,354,41772,full_family_coverage,10389
25422,25436,105,268,28140,full_family_coverage,10390
1162,6543,427,232,99064,full_family_coverage,10391
7319,16529,192,96,18432,full_family_coverage,10392
1952,5493,196,6,1176,full_family_coverage,10393
4627,17116,254,128,32512,full_family_coverage,10394
9077,16890,277,91,25207,full_family_coverage,10395
11286,23552,20,55,1100,full_family_coverage,10396
13314,20594,86,147,12642,full_family_coverage,10397
18201,23882,99,65,6435,full_family_coverage,10398
9650,12249,247,119,29393,full_family_coverage,10399
8248,23998,75,438,32850,full_family_coverage,10400
652,22436,34,95,3230,full_family_coverage,10401
2038,24925,241,137,33017,full_family_coverage,10402
14872,19379,341,281,95821,full_family_coverage,10403
2206,12772,88,60,5280,full_family_coverage,10404
3097,6840,125,252,31500,full_family_coverage,10405
6232,21642,83,69,5727,full_family_coverage,10406
15083,20194,108,78,8424,full_family_coverage,10407
6283,8905,90,124,11160,full_family_coverage,10408
2595,16982,125,101,12625,full_family_coverage,10409
690,13127,155,71,11005,full_family_coverage,10410
969,12924,126,135,17010,full_family_coverage,10411
10556,18328,29,129,3741,full_family_coverage,10412
11828,24322,132,80,10560,full_family_coverage,10413
16511,25289,63,120,7560,full_family_coverage,10414
10801,18665,100,264,26400,full_family_coverage,10415
1785,8447,213,267,56871,full_family_coverage,10416
3041,23780,150,45,6750,full_family_coverage,10417
8769,15337,200,51,10200,full_family_coverage,10418
8170,14656,106,124,13144,full_family_coverage,10419
3323,18051,300,119,35700,full_family_coverage,10420
12999,13578,68,95,6460,full_family_coverage,10421
555,13242,119,107,12733,full_family_coverage,10422
1944,2346,97,131,12707,full_family_coverage,10423
3680,24470,292,75,21900,full_family_coverage,10424
14881,17539,87,58,5046,full_family_coverage,10425
15673,19191,162,172,27864,full_family_coverage,10426
23850,24658,176,218,38368,full_family_coverage,10427
8459,10510,304,183,55632,full_family_coverage,10428
2229,3160,80,751,60080,full_family_coverage,10429
7600,15299,24,167,4008,full_family_coverage,10430
14046,14766,238,91,21658,full_family_coverage,10431
10540,20266,175,113,19775,full_family_coverage,10432
6385,10577,396,45,17820,full_family_coverage,10433
11740,23692,196,186,36456,full_family_coverage,10434
3834,6762,66,99,6534,full_family_coverage,10435
1716,20704,50,106,5300,full_family_coverage,10436
9609,15442,623,130,80990,full_family_coverage,10437
17181,21198,97,26,2522,full_family_coverage,10438
4889,22320,65,261,16965,full_family_coverage,10439
5872,18147,48,232,11136,full_family_coverage,10440
2579,18413,137,60,8220,full_family_coverage,10441
4713,12000,467,87,40629,full_family_coverage,10442
17945,20967,69,85,5865,full_family_coverage,10443
1089,9253,80,304,24320,full_family_coverage,10444
2417,7672,163,58,9454,full_family_coverage,10445
20074,21049,262,73,19126,full_family_coverage,10446
2321,11854,178,65,11570,full_family_coverage,10447
17462,24151,33,44,1452,full_family_coverage,10448
2473,10292,101,464,46864,full_family_coverage,10449
14148,25534,291,63,18333,full_family_coverage,10450
17472,22422,35,50,1750,full_family_coverage,10451
2879,13969,72,145,10440,full_family_coverage,10452
16865,18466,48,106,5088,full_family_coverage,10453
8965,11473,81,39,3159,full_family_coverage,10454
641,9181,452,60,27120,full_family_coverage,10455
18100,20573,48,284,13632,full_family_coverage,10456
12993,19885,120,71,8520,full_family_coverage,10457
2095,11545,51,176,8976,full_family_coverage,10458
6632,15710,323,88,28424,full_family_coverage,10459
12824,20508,150,70,10500,full_family_coverage,10460
12932,22965,81,119,9639,full_family_coverage,10461
16363,22338,207,352,72864,full_family_coverage,10462
1415,19502,809,738,597042,full_family_coverage,10463
5625,21801,453,154,69762,full_family_coverage,10464
13627,18692,124,85,10540,full_family_coverage,10465
2873,8935,70,125,8750,full_family_coverage,10466
6452,24113,243,19,4617,full_family_coverage,10467
8072,21193,49,80,3920,full_family_coverage,10468
13192,24759,32,86,2752,full_family_coverage,10469
9204,22110,67,78,5226,full_family_coverage,10470
21976,23208,254,130,33020,full_family_coverage,10471
8130,24163,56,360,20160,full_family_coverage,10472
15854,21816,251,85,21335,full_family_coverage,10473
3786,16674,601,228,137028,full_family_coverage,10474
10680,19519,44,373,16412,full_family_coverage,10475
8370,12392,91,78,7098,full_family_coverage,10476
1610,22247,114,86,9804,full_family_coverage,10477
2260,20815,33,144,4752,full_family_coverage,10478
9838,23954,59,80,4720,full_family_coverage,10479
22235,25017,58,239,13862,full_family_coverage,10480
2665,13787,357,267,95319,full_family_coverage,10481
15946,17120,44,171,7524,full_family_coverage,10482
2411,15738,70,117,8190,full_family_coverage,10483
7583,10728,7,100,700,full_family_coverage,10484
3620,24525,111,203,22533,full_family_coverage,10485
12051,19944,97,176,17072,full_family_coverage,10486
630,11616,242,120,29040,full_family_coverage,10487
2060,16234,88,64,5632,full_family_coverage,10488
16411,20107,91,19,1729,full_family_coverage,10489
6200,13267,102,248,25296,full_family_coverage,10490
21851,24800,86,81,6966,full_family_coverage,10491
19956,22171,32,45,1440,full_family_coverage,10492
6239,24495,231,185,42735,full_family_coverage,10493
7805,12247,111,113,12543,full_family_coverage,10494
18587,24448,69,170,11730,full_family_coverage,10495
19224,21473,122,159,19398,full_family_coverage,10496
8760,17424,109,222,24198,full_family_coverage,10497
12666,18777,246,113,27798,full_family_coverage,10498
16575,24737,199,164,32636,full_family_coverage,10499
5055,15292,672,260,174720,full_family_coverage,10500
13281,25311,196,189,37044,full_family_coverage,10501
1462,21283,287,103,29561,full_family_coverage,10502
16761,21834,113,170,19210,full_family_coverage,10503
1278,8761,618,383,236694,full_family_coverage,10504
3664,6011,76,32,2432,full_family_coverage,10505
4779,22677,112,334,37408,full_family_coverage,10506
11934,22020,76,54,4104,full_family_coverage,10507
4744,5193,144,163,23472,full_family_coverage,10508
10983,15872,162,202,32724,full_family_coverage,10509
10016,17989,65,973,63245,full_family_coverage,10510
15852,16454,192,65,12480,full_family_coverage,10511
14694,17558,118,73,8614,full_family_coverage,10512
17333,19476,93,70,6510,full_family_coverage,10513
405,9377,103,655,67465,full_family_coverage,10514
19976,20458,113,52,5876,full_family_coverage,10515
10285,15474,61,111,6771,full_family_coverage,10516
7645,11628,40,94,3760,full_family_coverage,10517
9256,24296,141,150,21150,full_family_coverage,10518
6628,21305,188,128,24064,full_family_coverage,10519
7078,22095,15,106,1590,full_family_coverage,10520
19483,19760,78,51,3978,full_family_coverage,10521
8741,17262,66,198,13068,full_family_coverage,10522
4422,5545,138,133,18354,full_family_coverage,10523
14921,23644,325,62,20150,full_family_coverage,10524
9772,24519,80,364,29120,full_family_coverage,10525
16543,19932,61,119,7259,full_family_coverage,10526
7265,24780,88,225,19800,full_family_coverage,10527
835,2252,387,198,76626,full_family_coverage,10528
18142,23745,482,68,32776,full_family_coverage,10529
24191,24721,48,109,5232,full_family_coverage,10530
6866,11833,164,46,7544,full_family_coverage,10531
7501,13947,284,331,94004,full_family_coverage,10532
1381,16603,524,79,41396,full_family_coverage,10533
13309,20020,96,143,13728,full_family_coverage,10534
14095,24347,159,64,10176,full_family_coverage,10535
295,8184,668,228,152304,full_family_coverage,10536
13485,18112,53,402,21306,full_family_coverage,10537
18744,21889,86,216,18576,full_family_coverage,10538
10873,16207,72,120,8640,full_family_coverage,10539
7253,8974,236,71,16756,full_family_coverage,10540
2899,17338,145,80,11600,full_family_coverage,10541
3118,5649,430,96,41280,full_family_coverage,10542
2273,10301,105,141,14805,full_family_coverage,10543
734,14631,157,110,17270,full_family_coverage,10544
4478,8487,53,38,2014,full_family_coverage,10545
23764,24194,677,123,83271,full_family_coverage,10546
6838,12180,111,270,29970,full_family_coverage,10547
435,17257,95,83,7885,full_family_coverage,10548
3054,7197,223,74,16502,full_family_coverage,10549
1227,25541,157,112,17584,full_family_coverage,10550
12055,13900,72,130,9360,full_family_coverage,10551
7064,17502,97,28,2716,full_family_coverage,10552
1958,4643,108,269,29052,full_family_coverage,10553
111,4997,104,213,22152,full_family_coverage,10554
21686,23797,26,58,1508,full_family_coverage,10555
3942,18149,147,69,10143,full_family_coverage,10556
8174,11236,145,85,12325,full_family_coverage,10557
3111,16416,33,278,9174,full_family_coverage,10558
12435,15172,132,151,19932,full_family_coverage,10559
814,11259,302,20,6040,full_family_coverage,10560
15222,19737,240,78,18720,full_family_coverage,10561
18709,25007,31,166,5146,full_family_coverage,10562
3283,23834,116,148,17168,full_family_coverage,10563
10211,16772,268,141,37788,full_family_coverage,10564
18519,18673,405,56,22680,full_family_coverage,10565
5317,7189,173,80,13840,full_family_coverage,10566
1405,19699,45,118,5310,full_family_coverage,10567
3643,4768,218,85,18530,full_family_coverage,10568
6103,16152,187,84,15708,full_family_coverage,10569
629,15879,343,317,108731,full_family_coverage,10570
516,3552,69,351,24219,full_family_coverage,10571
4489,22866,227,115,26105,full_family_coverage,10572
10820,25195,39,122,4758,full_family_coverage,10573
8283,18476,137,53,7261,full_family_coverage,10574
13698,22479,106,108,11448,full_family_coverage,10575
15784,25529,338,69,23322,full_family_coverage,10576
1445,5156,71,292,20732,full_family_coverage,10577
6927,23436,63,30,1890,full_family_coverage,10578
4815,20931,54,39,2106,full_family_coverage,10579
13930,18110,134,75,10050,full_family_coverage,10580
16231,18438,109,248,27032,full_family_coverage,10581
8928,24907,104,80,8320,full_family_coverage,10582
1756,23422,162,301,48762,full_family_coverage,10583
19364,23424,345,245,84525,full_family_coverage,10584
12428,22425,96,89,8544,full_family_coverage,10585
8446,13604,98,179,17542,full_family_coverage,10586
692,12155,141,60,8460,full_family_coverage,10587
1426,23104,169,91,15379,full_family_coverage,10588
6139,14882,35,70,2450,full_family_coverage,10589
5329,7260,88,77,6776,full_family_coverage,10590
21774,22725,69,67,4623,full_family_coverage,10591
10739,20533,115,155,17825,full_family_coverage,10592
19088,24574,101,122,12322,full_family_coverage,10593
12934,15033,55,195,10725,full_family_coverage,10594
7618,11157,102,401,40902,full_family_coverage,10595
199,18364,171,690,117990,full_family_coverage,10596
8393,9335,120,156,18720,full_family_coverage,10597
510,1677,274,250,68500,full_family_coverage,10598
2052,4387,61,148,9028,full_family_coverage,10599
2867,6272,237,61,14457,full_family_coverage,10600
2706,16915,242,107,25894,full_family_coverage,10601
5291,19340,39,157,6123,full_family_coverage,10602
15408,18605,103,88,9064,full_family_coverage,10603
198,8594,76,255,19380,full_family_coverage,10604
5600,10965,85,63,5355,full_family_coverage,10605
7586,16478,9,40,360,full_family_coverage,10606
14182,17544,65,73,4745,full_family_coverage,10607
20555,22358,40,301,12040,full_family_coverage,10608
8509,19807,176,45,7920,full_family_coverage,10609
3198,22779,171,74,12654,full_family_coverage,10610
9258,25309,317,103,32651,full_family_coverage,10611
16220,20854,56,110,6160,full_family_coverage,10612
15588,22877,113,194,21922,full_family_coverage,10613
7524,14494,39,89,3471,full_family_coverage,10614
17242,22211,111,100,11100,full_family_coverage,10615
11660,22845,20,107,2140,full_family_coverage,10616
4107,18297,201,130,26130,full_family_coverage,10617
20803,24540,100,194,19400,full_family_coverage,10618
17367,17751,49,108,5292,full_family_coverage,10619
6224,17488,350,117,40950,full_family_coverage,10620
5448,11396,146,321,46866,full_family_coverage,10621
21122,21537,48,95,4560,full_family_coverage,10622
12613,14548,62,75,4650,full_family_coverage,10623
14852,18980,179,61,10919,full_family_coverage,10624
9139,12676,325,48,15600,full_family_coverage,10625
8962,9136,350,444,155400,full_family_coverage,10626
7706,17846,75,104,7800,full_family_coverage,10627
15253,15777,113,74,8362,full_family_coverage,10628
13271,20465,73,105,7665,full_family_coverage,10629
21317,22598,100,24,2400,full_family_coverage,10630
15106,17866,169,38,6422,full_family_coverage,10631
11454,19494,222,123,27306,full_family_coverage,10632
4231,5233,211,38,8018,full_family_coverage,10633
9674,25248,286,124,35464,full_family_coverage,10634
18159,20626,258,111,28638,full_family_coverage,10635
19647,21202,63,88,5544,full_family_coverage,10636
10548,20307,45,115,5175,full_family_coverage,10637
5216,9513,180,12,2160,full_family_coverage,10638
3463,3812,108,334,36072,full_family_coverage,10639
2598,11451,181,208,37648,full_family_coverage,10640
13556,22706,62,287,17794,full_family_coverage,10641
7310,9432,128,182,23296,full_family_coverage,10642
3362,12757,127,70,8890,full_family_coverage,10643
13044,13275,68,311,21148,full_family_coverage,10644
1730,24252,61,214,13054,full_family_coverage,10645
2143,6399,116,55,6380,full_family_coverage,10646
1485,17148,106,304,32224,full_family_coverage,10647
9128,20816,146,178,25988,full_family_coverage,10648
13300,24914,54,106,5724,full_family_coverage,10649
6029,9992,110,87,9570,full_family_coverage,10650
12796,16757,107,184,19688,full_family_coverage,10651
13277,16118,292,199,58108,full_family_coverage,10652
15439,21569,126,54,6804,full_family_coverage,10653
5997,7080,210,239,50190,full_family_coverage,10654
12991,23303,170,394,66980,full_family_coverage,10655
5719,23376,39,190,7410,full_family_coverage,10656
11969,22488,94,213,20022,full_family_coverage,10657
5676,17401,80,44,3520,full_family_coverage,10658
7154,14024,210,189,39690,full_family_coverage,10659
5181,13519,144,43,6192,full_family_coverage,10660
323,24643,130,22,2860,full_family_coverage,10661
2215,6675,168,38,6384,full_family_coverage,10662
1764,5950,94,133,12502,full_family_coverage,10663
6557,8083,168,100,16800,full_family_coverage,10664
9811,23280,137,253,34661,full_family_coverage,10665
10908,11353,115,212,24380,full_family_coverage,10666
8577,21702,34,110,3740,full_family_coverage,10667
14714,21861,183,76,13908,full_family_coverage,10668
13494,17966,158,166,26228,full_family_coverage,10669
12120,23036,88,214,18832,full_family_coverage,10670
10710,17994,84,141,11844,full_family_coverage,10671
13547,13572,168,144,24192,full_family_coverage,10672
2450,14036,79,177,13983,full_family_coverage,10673
3539,12111,143,82,11726,full_family_coverage,10674
11000,21705,70,57,3990,full_family_coverage,10675
12026,18217,113,138,15594,full_family_coverage,10676
4702,15226,879,112,98448,full_family_coverage,10677
13085,24702,49,55,2695,full_family_coverage,10678
1236,20002,174,620,107880,full_family_coverage,10679
4924,6846,117,32,3744,full_family_coverage,10680
6945,21503,291,102,29682,full_family_coverage,10681
2555,6013,116,113,13108,full_family_coverage,10682
6787,17791,87,144,12528,full_family_coverage,10683
18192,23194,52,95,4940,full_family_coverage,10684
16683,24324,507,55,27885,full_family_coverage,10685
7557,24642,57,72,4104,full_family_coverage,10686
12405,22057,299,103,30797,full_family_coverage,10687
14848,14917,67,97,6499,full_family_coverage,10688
5567,9070,153,278,42534,full_family_coverage,10689
421,10148,365,216,78840,full_family_coverage,10690
22182,22611,117,48,5616,full_family_coverage,10691
2155,13230,250,141,35250,full_family_coverage,10692
10219,25137,296,245,72520,full_family_coverage,10693
299,18583,41,176,7216,full_family_coverage,10694
266,2734,411,52,21372,full_family_coverage,10695
5217,14576,287,222,63714,full_family_coverage,10696
2545,5704,4,138,552,full_family_coverage,10697
7407,10899,107,539,57673,full_family_coverage,10698
4048,4360,151,192,28992,full_family_coverage,10699
5642,9879,46,144,6624,full_family_coverage,10700
13259,14316,62,199,12338,full_family_coverage,10701
4206,23177,87,129,11223,full_family_coverage,10702
5262,8581,1481,97,143657,full_family_coverage,10703
2980,12184,197,303,59691,full_family_coverage,10704
7124,17649,150,185,27750,full_family_coverage,10705
17987,20598,247,104,25688,full_family_coverage,10706
1755,7196,88,34,2992,full_family_coverage,10707
19785,22590,191,24,4584,full_family_coverage,10708
8332,12266,38,88,3344,full_family_coverage,10709
9112,22410,305,46,14030,full_family_coverage,10710
14247,23933,37,1923,71151,full_family_coverage,10711
5406,18016,140,86,12040,full_family_coverage,10712
12245,18122,123,282,34686,full_family_coverage,10713
18585,18760,128,133,17024,full_family_coverage,10714
15239,17567,144,132,19008,full_family_coverage,10715
10314,23026,145,44,6380,full_family_coverage,10716
15004,24933,81,94,7614,full_family_coverage,10717
15563,19564,65,169,10985,full_family_coverage,10718
7473,19422,46,59,2714,full_family_coverage,10719
14676,23900,83,115,9545,full_family_coverage,10720
2089,6458,217,277,60109,full_family_coverage,10721
6896,18758,319,109,34771,full_family_coverage,10722
4886,24386,94,210,19740,full_family_coverage,10723
2431,25358,257,213,54741,full_family_coverage,10724
1136,4852,178,97,17266,full_family_coverage,10725
6747,7298,181,123,22263,full_family_coverage,10726
18568,20009,54,85,4590,full_family_coverage,10727
13837,18826,213,410,87330,full_family_coverage,10728
3408,17861,72,56,4032,full_family_coverage,10729
13369,22963,93,57,5301,full_family_coverage,10730
11130,16047,162,125,20250,full_family_coverage,10731
2306,22200,389,90,35010,full_family_coverage,10732
3358,5129,165,126,20790,full_family_coverage,10733
9212,16410,163,73,11899,full_family_coverage,10734
12538,18724,179,371,66409,full_family_coverage,10735
13258,16837,78,147,11466,full_family_coverage,10736
7226,17368,170,37,6290,full_family_coverage,10737
797,6639,117,245,28665,full_family_coverage,10738
3441,23759,215,120,25800,full_family_coverage,10739
742,7294,98,205,20090,full_family_coverage,10740
7258,22901,191,123,23493,full_family_coverage,10741
14955,22816,172,132,22704,full_family_coverage,10742
4593,8580,122,390,47580,full_family_coverage,10743
9766,18295,59,251,14809,full_family_coverage,10744
11770,17355,96,57,5472,full_family_coverage,10745
5228,16925,116,122,14152,full_family_coverage,10746
1901,6063,32,194,6208,full_family_coverage,10747
12151,23083,74,41,3034,full_family_coverage,10748
1219,18887,103,91,9373,full_family_coverage,10749
4749,16105,96,134,12864,full_family_coverage,10750
8408,18336,93,38,3534,full_family_coverage,10751
7960,15281,50,96,4800,full_family_coverage,10752
4436,10075,425,141,59925,full_family_coverage,10753
9408,24760,145,40,5800,full_family_coverage,10754
15154,16049,178,129,22962,full_family_coverage,10755
1185,24484,90,396,35640,full_family_coverage,10756
5647,22540,422,105,44310,full_family_coverage,10757
14727,17665,610,112,68320,full_family_coverage,10758
504,10320,51,134,6834,full_family_coverage,10759
5276,20580,113,91,10283,full_family_coverage,10760
3783,20549,153,80,12240,full_family_coverage,10761
10993,16776,92,472,43424,full_family_coverage,10762
1867,8732,201,36,7236,full_family_coverage,10763
6918,10160,311,62,19282,full_family_coverage,10764
3818,4628,115,87,10005,full_family_coverage,10765
18856,18857,96,158,15168,full_family_coverage,10766
13965,14708,76,251,19076,full_family_coverage,10767
6090,11992,269,199,53531,full_family_coverage,10768
8847,10270,56,69,3864,full_family_coverage,10769
5606,16965,113,55,6215,full_family_coverage,10770
1734,8501,46,550,25300,full_family_coverage,10771
7811,21415,169,109,18421,full_family_coverage,10772
6637,19825,96,92,8832,full_family_coverage,10773
4871,18560,86,84,7224,full_family_coverage,10774
4732,6444,129,55,7095,full_family_coverage,10775
17605,21772,59,36,2124,full_family_coverage,10776
1352,20968,441,53,23373,full_family_coverage,10777
9518,15842,29,393,11397,full_family_coverage,10778
5057,17329,290,167,48430,full_family_coverage,10779
7917,11869,124,37,4588,full_family_coverage,10780
9449,15806,261,91,23751,full_family_coverage,10781
9754,13218,302,90,27180,full_family_coverage,10782
3839,20897,82,56,4592,full_family_coverage,10783
9933,11471,95,61,5795,full_family_coverage,10784
8453,11607,108,172,18576,full_family_coverage,10785
3788,14734,132,247,32604,full_family_coverage,10786
8367,16549,65,63,4095,full_family_coverage,10787
4026,16418,148,207,30636,full_family_coverage,10788
5892,14469,361,125,45125,full_family_coverage,10789
14027,16957,107,156,16692,full_family_coverage,10790
5462,11922,492,124,61008,full_family_coverage,10791
2916,19298,597,165,98505,full_family_coverage,10792
11950,24777,156,117,18252,full_family_coverage,10793
8720,15593,160,191,30560,full_family_coverage,10794
2682,8127,228,69,15732,full_family_coverage,10795
16635,22120,124,122,15128,full_family_coverage,10796
7852,25286,132,51,6732,full_family_coverage,10797
2223,10371,815,155,126325,full_family_coverage,10798
10340,19316,66,148,9768,full_family_coverage,10799
862,21443,259,242,62678,full_family_coverage,10800
19262,20507,311,46,14306,full_family_coverage,10801
3895,18468,48,355,17040,full_family_coverage,10802
2227,2460,270,118,31860,full_family_coverage,10803
23145,23479,69,108,7452,full_family_coverage,10804
365,12485,246,286,70356,full_family_coverage,10805
12668,22733,553,104,57512,full_family_coverage,10806
95,3157,35,158,5530,full_family_coverage,10807
2374,3056,73,303,22119,full_family_coverage,10808
10111,23968,112,105,11760,full_family_coverage,10809
12556,13441,190,243,46170,full_family_coverage,10810
10589,22352,180,55,9900,full_family_coverage,10811
4018,21095,145,107,15515,full_family_coverage,10812
11638,22994,92,140,12880,full_family_coverage,10813
1074,5873,200,147,29400,full_family_coverage,10814
11103,12940,207,158,32706,full_family_coverage,10815
18025,20603,97,80,7760,full_family_coverage,10816
5743,15196,128,195,24960,full_family_coverage,10817
9706,12227,117,325,38025,full_family_coverage,10818
14017,21683,41,173,7093,full_family_coverage,10819
5878,19116,73,590,43070,full_family_coverage,10820
15629,24223,68,139,9452,full_family_coverage,10821
9871,17648,73,89,6497,full_family_coverage,10822
17144,20817,49,23,1127,full_family_coverage,10823
5272,25153,240,98,23520,full_family_coverage,10824
6591,19592,167,83,13861,full_family_coverage,10825
18330,24053,67,44,2948,full_family_coverage,10826
14935,21725,273,66,18018,full_family_coverage,10827
8485,23647,161,53,8533,full_family_coverage,10828
2150,21892,113,45,5085,full_family_coverage,10829
5431,9394,539,697,375683,full_family_coverage,10830
3513,4185,164,145,23780,full_family_coverage,10831
1798,16016,101,154,15554,full_family_coverage,10832
7375,13461,71,138,9798,full_family_coverage,10833
9443,14281,235,121,28435,full_family_coverage,10834
3036,15060,192,443,85056,full_family_coverage,10835
1710,20246,103,108,11124,full_family_coverage,10836
1786,20420,265,55,14575,full_family_coverage,10837
125,23094,430,119,51170,full_family_coverage,10838
15459,18854,106,77,8162,full_family_coverage,10839
457,4978,372,154,57288,full_family_coverage,10840
21164,25348,217,45,9765,full_family_coverage,10841
7602,19408,308,88,27104,full_family_coverage,10842
11277,12751,23,365,8395,full_family_coverage,10843
1017,1948,581,250,145250,full_family_coverage,10844
15730,18113,74,59,4366,full_family_coverage,10845
9581,24303,124,133,16492,full_family_coverage,10846
15014,23596,101,67,6767,full_family_coverage,10847
12071,23166,85,93,7905,full_family_coverage,10848
4224,18352,283,44,12452,full_family_coverage,10849
17146,23525,46,69,3174,full_family_coverage,10850
8352,9672,74,135,9990,full_family_coverage,10851
10543,17215,79,164,12956,full_family_coverage,10852
6880,8106,43,429,18447,full_family_coverage,10853
5903,8868,57,180,10260,full_family_coverage,10854
10584,16392,350,128,44800,full_family_coverage,10855
11894,19117,35,643,22505,full_family_coverage,10856
15098,23181,133,53,7049,full_family_coverage,10857
2959,10155,58,336,19488,full_family_coverage,10858
19979,21744,60,102,6120,full_family_coverage,10859
8455,11983,152,178,27056,full_family_coverage,10860
3377,7965,371,94,34874,full_family_coverage,10861
14920,22360,116,40,4640,full_family_coverage,10862
7365,15188,104,66,6864,full_family_coverage,10863
13040,18506,62,114,7068,full_family_coverage,10864
381,9118,154,54,8316,full_family_coverage,10865
5076,8321,161,348,56028,full_family_coverage,10866
11463,13289,38,331,12578,full_family_coverage,10867
4836,14648,131,193,25283,full_family_coverage,10868
14489,15313,197,43,8471,full_family_coverage,10869
18041,23738,82,79,6478,full_family_coverage,10870
16736,25188,53,69,3657,full_family_coverage,10871
1794,7659,215,110,23650,full_family_coverage,10872
4903,19447,120,268,32160,full_family_coverage,10873
3796,21212,350,101,35350,full_family_coverage,10874
10628,11691,260,182,47320,full_family_coverage,10875
10136,12970,63,55,3465,full_family_coverage,10876
12938,20402,134,31,4154,full_family_coverage,10877
704,5336,350,122,42700,full_family_coverage,10878
8648,14998,165,53,8745,full_family_coverage,10879
24092,24503,141,115,16215,full_family_coverage,10880
13649,19883,247,65,16055,full_family_coverage,10881
2452,11785,265,43,11395,full_family_coverage,10882
13958,19525,102,153,15606,full_family_coverage,10883
17890,22257,377,88,33176,full_family_coverage,10884
4799,6681,87,138,12006,full_family_coverage,10885
5685,10718,307,97,29779,full_family_coverage,10886
5442,14538,326,189,61614,full_family_coverage,10887
4123,16766,81,108,8748,full_family_coverage,10888
3628,12138,341,59,20119,full_family_coverage,10889
15008,24520,155,323,50065,full_family_coverage,10890
8632,11522,65,72,4680,full_family_coverage,10891
5470,13998,202,163,32926,full_family_coverage,10892
9586,20122,139,110,15290,full_family_coverage,10893
371,14468,427,358,152866,full_family_coverage,10894
17583,18819,120,326,39120,full_family_coverage,10895
7833,23341,111,60,6660,full_family_coverage,10896
16788,22152,155,23,3565,full_family_coverage,10897
3140,11071,365,53,19345,full_family_coverage,10898
2917,7614,96,50,4800,full_family_coverage,10899
619,24837,189,154,29106,full_family_coverage,10900
19054,20028,233,82,19106,full_family_coverage,10901
5991,23419,162,241,39042,full_family_coverage,10902
12893,21297,55,59,3245,full_family_coverage,10903
2385,10047,68,121,8228,full_family_coverage,10904
21052,24138,74,152,11248,full_family_coverage,10905
5222,24681,48,372,17856,full_family_coverage,10906
2444,24032,125,115,14375,full_family_coverage,10907
8932,11466,107,55,5885,full_family_coverage,10908
2712,6621,170,341,57970,full_family_coverage,10909
13039,17884,68,272,18496,full_family_coverage,10910
6612,8413,156,49,7644,full_family_coverage,10911
8478,12550,102,99,10098,full_family_coverage,10912
243,6173,83,19,1577,full_family_coverage,10913
41,15797,113,79,8927,full_family_coverage,10914
13523,24548,76,118,8968,full_family_coverage,10915
861,8519,941,238,223958,full_family_coverage,10916
19691,23967,107,267,28569,full_family_coverage,10917
6572,16690,354,86,30444,full_family_coverage,10918
7704,11024,1129,243,274347,full_family_coverage,10919
746,23019,72,51,3672,full_family_coverage,10920
8318,13527,144,84,12096,full_family_coverage,10921
14768,24059,73,144,10512,full_family_coverage,10922
427,8354,33,122,4026,full_family_coverage,10923
1207,22750,581,74,42994,full_family_coverage,10924
14255,18659,129,387,49923,full_family_coverage,10925
9170,17174,47,60,2820,full_family_coverage,10926
10880,19524,134,71,9514,full_family_coverage,10927
2479,15204,121,62,7502,full_family_coverage,10928
9996,14337,74,243,17982,full_family_coverage,10929
1832,10293,169,139,23491,full_family_coverage,10930
2884,25307,290,84,24360,full_family_coverage,10931
5115,12146,424,118,50032,full_family_coverage,10932
21838,24873,38,50,1900,full_family_coverage,10933
6578,10395,122,58,7076,full_family_coverage,10934
4385,14806,92,75,6900,full_family_coverage,10935
6631,8756,195,85,16575,full_family_coverage,10936
8785,12766,26,91,2366,full_family_coverage,10937
7934,19272,163,120,19560,full_family_coverage,10938
12569,23701,124,97,12028,full_family_coverage,10939
14527,21096,197,97,19109,full_family_coverage,10940
4967,5728,20,120,2400,full_family_coverage,10941
3199,21244,108,137,14796,full_family_coverage,10942
1329,21403,36,23,828,full_family_coverage,10943
11849,14600,246,100,24600,full_family_coverage,10944
3770,23875,256,112,28672,full_family_coverage,10945
9591,20881,161,81,13041,full_family_coverage,10946
5913,12047,87,125,10875,full_family_coverage,10947
6767,17546,120,106,12720,full_family_coverage,10948
9354,11912,242,233,56386,full_family_coverage,10949
16969,22153,60,76,4560,full_family_coverage,10950
2395,14021,201,269,54069,full_family_coverage,10951
3523,15522,69,84,5796,full_family_coverage,10952
892,16155,171,153,26163,full_family_coverage,10953
4197,23606,207,375,77625,full_family_coverage,10954
12008,14536,42,79,3318,full_family_coverage,10955
5876,9726,350,342,119700,full_family_coverage,10956
2114,16654,305,86,26230,full_family_coverage,10957
16345,23693,111,239,26529,full_family_coverage,10958
5851,11649,170,112,19040,full_family_coverage,10959
2169,24295,122,35,4270,full_family_coverage,10960
2415,17710,297,118,35046,full_family_coverage,10961
8748,12434,174,224,38976,full_family_coverage,10962
6414,10921,216,235,50760,full_family_coverage,10963
13994,20699,89,173,15397,full_family_coverage,10964
5983,20734,142,101,14342,full_family_coverage,10965
4144,19893,192,48,9216,full_family_coverage,10966
23891,24603,120,109,13080,full_family_coverage,10967
2648,18042,69,100,6900,full_family_coverage,10968
743,6890,318,180,57240,full_family_coverage,10969
9059,15788,247,116,28652,full_family_coverage,10970
3077,20025,585,44,25740,full_family_coverage,10971
11573,25384,38,129,4902,full_family_coverage,10972
14743,14853,120,197,23640,full_family_coverage,10973
3478,21410,57,40,2280,full_family_coverage,10974
1620,18621,164,129,21156,full_family_coverage,10975
433,3205,416,32,13312,full_family_coverage,10976
6218,8214,197,132,26004,full_family_coverage,10977
4016,15431,142,51,7242,full_family_coverage,10978
13241,24824,62,90,5580,full_family_coverage,10979
14232,19084,125,121,15125,full_family_coverage,10980
20848,25424,82,195,15990,full_family_coverage,10981
3314,19097,132,117,15444,full_family_coverage,10982
15604,19448,288,139,40032,full_family_coverage,10983
2663,24254,289,54,15606,full_family_coverage,10984
6241,15100,243,118,28674,full_family_coverage,10985
8272,24048,46,118,5428,full_family_coverage,10986
3846,13861,276,133,36708,full_family_coverage,10987
88,3488,44,139,6116,full_family_coverage,10988
5593,17448,619,129,79851,full_family_coverage,10989
695,23470,337,109,36733,full_family_coverage,10990
7168,8096,228,23,5244,full_family_coverage,10991
15881,24572,116,197,22852,full_family_coverage,10992
22772,22872,218,71,15478,full_family_coverage,10993
7949,20944,185,73,13505,full_family_coverage,10994
17429,19136,135,136,18360,full_family_coverage,10995
2923,18007,669,75,50175,full_family_coverage,10996
667,8515,235,132,31020,full_family_coverage,10997
12910,13433,75,160,12000,full_family_coverage,10998
2200,22431,109,62,6758,full_family_coverage,10999
15282,21689,166,160,26560,full_family_coverage,11000
3503,3693,193,392,75656,full_family_coverage,11001
11692,23230,36,23,828,full_family_coverage,11002
3086,20358,301,80,24080,full_family_coverage,11003
2493,11284,75,63,4725,full_family_coverage,11004
1478,9401,323,133,42959,full_family_coverage,11005
17225,22062,282,164,46248,full_family_coverage,11006
1551,15074,327,70,22890,full_family_coverage,11007
4398,5286,358,198,70884,full_family_coverage,11008
9566,10225,289,138,39882,full_family_coverage,11009
6114,12609,268,155,41540,full_family_coverage,11010
20741,21260,121,126,15246,full_family_coverage,11011
6911,7091,63,128,8064,full_family_coverage,11012
11918,18411,200,322,64400,full_family_coverage,11013
8181,23846,108,100,10800,full_family_coverage,11014
7665,22897,130,117,15210,full_family_coverage,11015
18769,23288,187,572,106964,full_family_coverage,11016
9284,20314,159,115,18285,full_family_coverage,11017
8412,17553,133,57,7581,full_family_coverage,11018
8162,8336,83,120,9960,full_family_coverage,11019
3217,11121,402,158,63516,full_family_coverage,11020
3941,8909,77,227,17479,full_family_coverage,11021
14695,24935,656,68,44608,full_family_coverage,11022
12927,20235,87,112,9744,full_family_coverage,11023
9087,14945,80,82,6560,full_family_coverage,11024
9791,15804,94,22,2068,full_family_coverage,11025
8054,21234,200,84,16800,full_family_coverage,11026
9317,13997,134,92,12328,full_family_coverage,11027
4027,16553,83,82,6806,full_family_coverage,11028
10875,17803,403,133,53599,full_family_coverage,11029
5109,8554,70,19,1330,full_family_coverage,11030
18212,19201,136,43,5848,full_family_coverage,11031
548,16446,52,130,6760,full_family_coverage,11032
7694,18770,99,182,18018,full_family_coverage,11033
453,982,111,202,22422,full_family_coverage,11034
9469,12237,339,360,122040,full_family_coverage,11035
150,12531,257,36,9252,full_family_coverage,11036
21936,24715,105,130,13650,full_family_coverage,11037
11160,19584,99,181,17919,full_family_coverage,11038
10120,22729,89,93,8277,full_family_coverage,11039
17785,25399,53,248,13144,full_family_coverage,11040
6453,9559,117,102,11934,full_family_coverage,11041
514,19790,59,65,3835,full_family_coverage,11042
2534,18463,112,149,16688,full_family_coverage,11043
737,23767,239,233,55687,full_family_coverage,11044
1344,4569,120,404,48480,full_family_coverage,11045
22689,24227,143,124,17732,full_family_coverage,11046
14149,17204,110,57,6270,full_family_coverage,11047
15865,24865,150,143,21450,full_family_coverage,11048
18288,20851,625,164,102500,full_family_coverage,11049
11636,20284,68,120,8160,full_family_coverage,11050
10117,23893,100,90,9000,full_family_coverage,11051
351,4857,243,64,15552,full_family_coverage,11052
1949,17319,137,99,13563,full_family_coverage,11053
8528,18874,66,169,11154,full_family_coverage,11054
4131,6347,203,123,24969,full_family_coverage,11055
11726,24388,88,294,25872,full_family_coverage,11056
24011,25056,84,203,17052,full_family_coverage,11057
8754,17768,445,87,38715,full_family_coverage,11058
18276,22638,160,68,10880,full_family_coverage,11059
50,5180,74,130,9620,full_family_coverage,11060
1673,10499,80,201,16080,full_family_coverage,11061
9217,14692,160,70,11200,full_family_coverage,11062
9045,23273,138,215,29670,full_family_coverage,11063
5512,15708,85,35,2975,full_family_coverage,11064
775,18570,241,55,13255,full_family_coverage,11065
4775,10962,81,233,18873,full_family_coverage,11066
19,15811,34,60,2040,full_family_coverage,11067
9809,25515,62,56,3472,full_family_coverage,11068
5165,5829,254,290,73660,full_family_coverage,11069
8066,23427,219,86,18834,full_family_coverage,11070
11499,11944,226,60,13560,full_family_coverage,11071
13522,21979,278,99,27522,full_family_coverage,11072
9199,12042,493,120,59160,full_family_coverage,11073
1593,13735,199,146,29054,full_family_coverage,11074
8019,9169,208,141,29328,full_family_coverage,11075
7139,25300,150,38,5700,full_family_coverage,11076
20006,25347,55,102,5610,full_family_coverage,11077
19520,24576,74,195,14430,full_family_coverage,11078
8788,10916,160,52,8320,full_family_coverage,11079
14464,19198,66,80,5280,full_family_coverage,11080
4225,19065,87,90,7830,full_family_coverage,11081
9467,15361,169,79,13351,full_family_coverage,11082
18607,20372,123,226,27798,full_family_coverage,11083
11442,14901,217,204,44268,full_family_coverage,11084
8290,18299,181,170,30770,full_family_coverage,11085
10437,24532,107,263,28141,full_family_coverage,11086
9261,18210,145,50,7250,full_family_coverage,11087
2780,23861,283,146,41318,full_family_coverage,11088
16675,17458,229,155,35495,full_family_coverage,11089
7453,12578,10,108,1080,full_family_coverage,11090
501,23664,91,82,7462,full_family_coverage,11091
15989,17331,104,119,12376,full_family_coverage,11092
6859,19876,23,104,2392,full_family_coverage,11093
16572,23049,92,75,6900,full_family_coverage,11094
11840,23317,173,54,9342,full_family_coverage,11095
7409,17248,36,141,5076,full_family_coverage,11096
22832,23484,157,150,23550,full_family_coverage,11097
4953,6934,58,66,3828,full_family_coverage,11098
6062,17865,112,71,7952,full_family_coverage,11099
438,11998,155,216,33480,full_family_coverage,11100
7494,13512,126,315,39690,full_family_coverage,11101
6874,24291,216,62,13392,full_family_coverage,11102
5869,17328,104,100,10400,full_family_coverage,11103
4172,4462,117,110,12870,full_family_coverage,11104
10457,18896,183,72,13176,full_family_coverage,11105
19167,24462,244,110,26840,full_family_coverage,11106
14219,24090,77,30,2310,full_family_coverage,11107
18208,21057,105,105,11025,full_family_coverage,11108
7551,18723,28,193,5404,full_family_coverage,11109
5509,11289,218,122,26596,full_family_coverage,11110
6559,18355,145,59,8555,full_family_coverage,11111
2134,12738,122,122,14884,full_family_coverage,11112
3815,12608,168,56,9408,full_family_coverage,11113
841,11800,100,155,15500,full_family_coverage,11114
5389,23212,375,54,20250,full_family_coverage,11115
7987,9512,136,239,32504,full_family_coverage,11116
17393,18325,33,147,4851,full_family_coverage,11117
6575,20601,136,150,20400,full_family_coverage,11118
4970,9051,35,609,21315,full_family_coverage,11119
9499,17067,133,47,6251,full_family_coverage,11120
558,16512,102,33,3366,full_family_coverage,11121
15192,24855,107,93,9951,full_family_coverage,11122
3536,21458,24,95,2280,full_family_coverage,11123
4824,4913,216,184,39744,full_family_coverage,11124
7111,9201,167,112,18704,full_family_coverage,11125
21913,21920,75,87,6525,full_family_coverage,11126
2171,11608,106,135,14310,full_family_coverage,11127
1402,4910,67,177,11859,full_family_coverage,11128
15387,23771,83,80,6640,full_family_coverage,11129
10317,14183,180,233,41940,full_family_coverage,11130
10661,25063,46,103,4738,full_family_coverage,11131
543,7188,210,159,33390,full_family_coverage,11132
10604,23173,64,279,17856,full_family_coverage,11133
3349,19479,103,89,9167,full_family_coverage,11134
523,24221,97,87,8439,full_family_coverage,11135
5119,25538,939,158,148362,full_family_coverage,11136
5066,7548,112,163,18256,full_family_coverage,11137
16211,20040,81,69,5589,full_family_coverage,11138
12231,12616,110,47,5170,full_family_coverage,11139
7441,15692,28,97,2716,full_family_coverage,11140
9768,10419,18,161,2898,full_family_coverage,11141
5121,7126,169,507,85683,full_family_coverage,11142
3163,16728,128,94,12032,full_family_coverage,11143
11772,13007,19,109,2071,full_family_coverage,11144
7973,10432,189,75,14175,full_family_coverage,11145
12834,16875,831,95,78945,full_family_coverage,11146
6862,17959,244,77,18788,full_family_coverage,11147
3782,9472,122,197,24034,full_family_coverage,11148
12894,24845,345,101,34845,full_family_coverage,11149
6290,23144,62,42,2604,full_family_coverage,11150
11048,18119,124,156,19344,full_family_coverage,11151
15968,25081,113,93,10509,full_family_coverage,11152
10334,15556,47,113,5311,full_family_coverage,11153
5990,24731,96,68,6528,full_family_coverage,11154
9537,21003,302,176,53152,full_family_coverage,11155
1787,11217,99,113,11187,full_family_coverage,11156
1753,16167,86,31,2666,full_family_coverage,11157
19644,22066,108,51,5508,full_family_coverage,11158
2519,25022,154,96,14784,full_family_coverage,11159
13470,20184,132,181,23892,full_family_coverage,11160
10459,22297,213,330,70290,full_family_coverage,11161
14092,23137,523,78,40794,full_family_coverage,11162
8104,20217,24,41,984,full_family_coverage,11163
10421,22100,295,92,27140,full_family_coverage,11164
12765,12964,161,68,10948,full_family_coverage,11165
1659,8662,157,280,43960,full_family_coverage,11166
20868,22382,88,32,2816,full_family_coverage,11167
8129,14999,79,292,23068,full_family_coverage,11168
9192,17535,138,129,17802,full_family_coverage,11169
9790,17667,241,24,5784,full_family_coverage,11170
16830,21591,82,84,6888,full_family_coverage,11171
2386,9812,109,73,7957,full_family_coverage,11172
14422,21375,107,74,7918,full_family_coverage,11173
2703,16228,73,105,7665,full_family_coverage,11174
18869,21355,239,42,10038,full_family_coverage,11175
5742,11690,186,29,5394,full_family_coverage,11176
4832,7146,181,156,28236,full_family_coverage,11177
16531,23965,104,341,35464,full_family_coverage,11178
650,21917,84,110,9240,full_family_coverage,11179
822,11986,442,185,81770,full_family_coverage,11180
7366,16741,28,97,2716,full_family_coverage,11181
21138,25324,86,70,6020,full_family_coverage,11182
6033,13513,183,46,8418,full_family_coverage,11183
22465,23825,25,35,875,full_family_coverage,11184
10380,20912,100,71,7100,full_family_coverage,11185
640,10653,217,93,20181,full_family_coverage,11186
4717,21991,56,50,2800,full_family_coverage,11187
18825,25100,59,102,6018,full_family_coverage,11188
9305,10406,139,214,29746,full_family_coverage,11189
9333,22291,168,314,52752,full_family_coverage,11190
593,4840,101,59,5959,full_family_coverage,11191
3741,9908,262,72,18864,full_family_coverage,11192
15575,21428,86,34,2924,full_family_coverage,11193
9626,20775,25,147,3675,full_family_coverage,11194
4028,6501,88,242,21296,full_family_coverage,11195
8263,13691,130,116,15080,full_family_coverage,11196
20752,24612,27,227,6129,full_family_coverage,11197
1658,24005,136,106,14416,full_family_coverage,11198
19666,24065,124,288,35712,full_family_coverage,11199
13709,15298,245,162,39690,full_family_coverage,11200
13966,22376,277,54,14958,full_family_coverage,11201
8196,21219,130,147,19110,full_family_coverage,11202
9389,19735,79,709,56011,full_family_coverage,11203
2039,12291,71,266,18886,full_family_coverage,11204
16053,22903,87,24,2088,full_family_coverage,11205
4790,6938,46,40,1840,full_family_coverage,11206
356,5144,29,121,3509,full_family_coverage,11207
10603,22345,91,106,9646,full_family_coverage,11208
16014,21608,55,359,19745,full_family_coverage,11209
1693,17066,285,111,31635,full_family_coverage,11210
19843,21612,55,261,14355,full_family_coverage,11211
15423,23927,198,183,36234,full_family_coverage,11212
13331,18678,101,190,19190,full_family_coverage,11213
14964,17004,1123,49,55027,full_family_coverage,11214
20330,23453,124,105,13020,full_family_coverage,11215
138,15776,267,68,18156,full_family_coverage,11216
8999,9675,267,200,53400,full_family_coverage,11217
22814,25039,57,347,19779,full_family_coverage,11218
219,22728,328,228,74784,full_family_coverage,11219
15052,22094,130,80,10400,full_family_coverage,11220
12787,17947,170,136,23120,full_family_coverage,11221
271,5971,52,165,8580,full_family_coverage,11222
4234,25215,425,122,51850,full_family_coverage,11223
8473,24023,51,333,16983,full_family_coverage,11224
1942,10172,7,81,567,full_family_coverage,11225
12973,13863,138,112,15456,full_family_coverage,11226
5592,13775,94,567,53298,full_family_coverage,11227
11780,12234,162,117,18954,full_family_coverage,11228
29,9395,77,122,9394,full_family_coverage,11229
3275,16590,160,29,4640,full_family_coverage,11230
3220,13147,29,134,3886,full_family_coverage,11231
11043,15275,210,75,15750,full_family_coverage,11232
5105,9392,172,129,22188,full_family_coverage,11233
2997,23675,81,336,27216,full_family_coverage,11234
4311,13990,263,187,49181,full_family_coverage,11235
642,14127,134,202,27068,full_family_coverage,11236
11292,19175,78,217,16926,full_family_coverage,11237
4147,19113,104,55,5720,full_family_coverage,11238
6595,25527,76,361,27436,full_family_coverage,11239
13089,19229,121,96,11616,full_family_coverage,11240
1816,8588,119,27,3213,full_family_coverage,11241
13466,15996,183,81,14823,full_family_coverage,11242
6551,16023,309,12,3708,full_family_coverage,11243
16065,19759,24,126,3024,full_family_coverage,11244
1993,6657,90,339,30510,full_family_coverage,11245
13688,17469,42,20,840,full_family_coverage,11246
12547,20597,113,105,11865,full_family_coverage,11247
21627,22000,159,100,15900,full_family_coverage,11248
9318,13809,118,180,21240,full_family_coverage,11249
15528,18321,99,88,8712,full_family_coverage,11250
7651,20091,290,76,22040,full_family_coverage,11251
1180,5820,113,251,28363,full_family_coverage,11252
12912,17296,202,44,8888,full_family_coverage,11253
16232,19053,418,263,109934,full_family_coverage,11254
2728,13802,156,57,8892,full_family_coverage,11255
10912,21472,27,265,7155,full_family_coverage,11256
2838,11145,413,278,114814,full_family_coverage,11257
6439,6682,74,438,32412,full_family_coverage,11258
7136,18683,218,140,30520,full_family_coverage,11259
1861,19321,194,147,28518,full_family_coverage,11260
21647,23205,178,95,16910,full_family_coverage,11261
19293,20355,177,90,15930,full_family_coverage,11262
8235,25372,76,90,6840,full_family_coverage,11263
8462,14721,162,83,13446,full_family_coverage,11264
10612,23715,114,124,14136,full_family_coverage,11265
1538,10886,330,56,18480,full_family_coverage,11266
12944,16403,19,35,665,full_family_coverage,11267
6238,19127,157,162,25434,full_family_coverage,11268
12856,19721,179,42,7518,full_family_coverage,11269
18241,23022,180,48,8640,full_family_coverage,11270
1040,18227,60,682,40920,full_family_coverage,11271
15840,19943,118,79,9322,full_family_coverage,11272
6187,13860,133,202,26866,full_family_coverage,11273
2005,20275,306,407,124542,full_family_coverage,11274
23663,24957,171,104,17784,full_family_coverage,11275
14577,14888,126,86,10836,full_family_coverage,11276
5246,14938,23,229,5267,full_family_coverage,11277
10768,23748,138,203,28014,full_family_coverage,11278
8213,16134,54,94,5076,full_family_coverage,11279
8677,23363,76,155,11780,full_family_coverage,11280
31,3119,98,225,22050,full_family_coverage,11281
5468,13761,134,164,21976,full_family_coverage,11282
178,18225,227,222,50394,full_family_coverage,11283
5282,16574,54,258,13932,full_family_coverage,11284
1686,9646,119,463,55097,full_family_coverage,11285
4707,6372,517,102,52734,full_family_coverage,11286
5279,22698,202,420,84840,full_family_coverage,11287
5645,6487,183,198,36234,full_family_coverage,11288
15445,23365,93,60,5580,full_family_coverage,11289
12119,15047,83,12,996,full_family_coverage,11290
4837,23820,133,164,21812,full_family_coverage,11291
14520,16082,64,184,11776,full_family_coverage,11292
5672,14981,406,332,134792,full_family_coverage,11293
20989,25412,103,74,7622,full_family_coverage,11294
1976,12898,241,148,35668,full_family_coverage,11295
21905,24385,55,368,20240,full_family_coverage,11296
1244,2333,191,409,78119,full_family_coverage,11297
17813,20709,59,194,11446,full_family_coverage,11298
12996,17759,58,110,6380,full_family_coverage,11299
20157,21480,17,41,697,full_family_coverage,11300
3724,6858,128,102,13056,full_family_coverage,11301
6951,16456,89,62,5518,full_family_coverage,11302
9730,24825,53,188,9964,full_family_coverage,11303
18409,18458,135,227,30645,full_family_coverage,11304
9357,24164,128,153,19584,full_family_coverage,11305
16817,17794,69,91,6279,full_family_coverage,11306
1410,2552,404,161,65044,full_family_coverage,11307
9825,16707,249,107,26643,full_family_coverage,11308
8545,12848,106,180,19080,full_family_coverage,11309
8161,22399,86,146,12556,full_family_coverage,11310
15469,23724,43,124,5332,full_family_coverage,11311
21318,23674,73,77,5621,full_family_coverage,11312
4343,7931,322,64,20608,full_family_coverage,11313
3843,12874,419,56,23464,full_family_coverage,11314
14078,21515,126,155,19530,full_family_coverage,11315
5492,7689,50,116,5800,full_family_coverage,11316
10280,23158,94,46,4324,full_family_coverage,11317
3744,8430,102,156,15912,full_family_coverage,11318
15506,16920,66,107,7062,full_family_coverage,11319
18027,18102,82,75,6150,full_family_coverage,11320
4930,15232,181,39,7059,full_family_coverage,11321
12094,20774,543,149,80907,full_family_coverage,11322
15356,16325,168,88,14784,full_family_coverage,11323
1841,7068,404,103,41612,full_family_coverage,11324
9910,17431,168,211,35448,full_family_coverage,11325
119,3402,97,315,30555,full_family_coverage,11326
901,1560,430,103,44290,full_family_coverage,11327
23117,24300,61,110,6710,full_family_coverage,11328
12144,24137,52,70,3640,full_family_coverage,11329
5234,25150,133,114,15162,full_family_coverage,11330
15848,17464,283,407,115181,full_family_coverage,11331
1437,1951,98,530,51940,full_family_coverage,11332
7735,15435,138,156,21528,full_family_coverage,11333
16668,23020,160,260,41600,full_family_coverage,11334
6887,22187,29,140,4060,full_family_coverage,11335
3288,25453,160,61,9760,full_family_coverage,11336
17404,18954,227,96,21792,full_family_coverage,11337
16264,17106,160,161,25760,full_family_coverage,11338
11107,11198,348,45,15660,full_family_coverage,11339
7855,23929,165,558,92070,full_family_coverage,11340
3444,11350,141,209,29469,full_family_coverage,11341
2819,7894,129,72,9288,full_family_coverage,11342
10085,12462,212,164,34768,full_family_coverage,11343
268,312,97,24,2328,full_family_coverage,11344
11634,23595,69,65,4485,full_family_coverage,11345
13553,22154,270,120,32400,full_family_coverage,11346
11931,15676,187,172,32164,full_family_coverage,11347
7789,18090,125,346,43250,full_family_coverage,11348
9221,18797,174,64,11136,full_family_coverage,11349
15823,19246,37,46,1702,full_family_coverage,11350
15714,25182,118,230,27140,full_family_coverage,11351
6973,17527,38,56,2128,full_family_coverage,11352
10079,21097,45,61,2745,full_family_coverage,11353
15428,16077,173,279,48267,full_family_coverage,11354
487,3207,195,115,22425,full_family_coverage,11355
5340,15598,528,87,45936,full_family_coverage,11356
15126,16771,67,182,12194,full_family_coverage,11357
1743,8683,153,435,66555,full_family_coverage,11358
12174,18349,61,83,5063,full_family_coverage,11359
6844,7558,89,56,4984,full_family_coverage,11360
8122,18861,79,170,13430,full_family_coverage,11361
338,24691,196,52,10192,full_family_coverage,11362
7948,21511,284,56,15904,full_family_coverage,11363
17390,23263,22,73,1606,full_family_coverage,11364
10674,25339,100,74,7400,full_family_coverage,11365
1576,16088,106,195,20670,full_family_coverage,11366
12823,14482,90,832,74880,full_family_coverage,11367
13807,24946,371,55,20405,full_family_coverage,11368
8759,17138,152,154,23408,full_family_coverage,11369
6829,25389,24,164,3936,full_family_coverage,11370
4461,5061,200,256,51200,full_family_coverage,11371
6782,12092,629,97,61013,full_family_coverage,11372
9214,9542,116,91,10556,full_family_coverage,11373
11679,25330,123,64,7872,full_family_coverage,11374
11866,23291,148,142,21016,full_family_coverage,11375
14160,22800,266,74,19684,full_family_coverage,11376
13500,25439,112,181,20272,full_family_coverage,11377
5811,25352,59,71,4189,full_family_coverage,11378
13854,16165,153,71,10863,full_family_coverage,11379
5602,9888,79,143,11297,full_family_coverage,11380
7863,19549,155,235,36425,full_family_coverage,11381
337,5831,253,95,24035,full_family_coverage,11382
3877,5404,129,237,30573,full_family_coverage,11383
24425,24516,98,149,14602,full_family_coverage,11384
6410,17882,235,146,34310,full_family_coverage,11385
14,9411,167,150,25050,full_family_coverage,11386
2717,19680,59,81,4779,full_family_coverage,11387
4008,11694,117,64,7488,full_family_coverage,11388
6898,8987,194,617,119698,full_family_coverage,11389
18999,20339,123,35,4305,full_family_coverage,11390
15264,18647,170,269,45730,full_family_coverage,11391
1634,25071,212,477,101124,full_family_coverage,11392
17579,21189,213,75,15975,full_family_coverage,11393
3750,15991,92,114,10488,full_family_coverage,11394
3055,4465,78,222,17316,full_family_coverage,11395
17224,20604,47,102,4794,full_family_coverage,11396
2659,9321,39,368,14352,full_family_coverage,11397
5128,18179,163,130,21190,full_family_coverage,11398
4860,11009,77,108,8316,full_family_coverage,11399
8564,11891,60,92,5520,full_family_coverage,11400
857,2628,88,105,9240,full_family_coverage,11401
3803,14496,186,439,81654,full_family_coverage,11402
1629,11112,304,199,60496,full_family_coverage,11403
1035,24952,156,152,23712,full_family_coverage,11404
5453,24506,275,298,81950,full_family_coverage,11405
3040,8902,216,151,32616,full_family_coverage,11406
3317,4088,324,105,34020,full_family_coverage,11407
18904,23950,57,98,5586,full_family_coverage,11408
10885,18643,250,55,13750,full_family_coverage,11409
18813,21051,29,271,7859,full_family_coverage,11410
7796,12072,71,154,10934,full_family_coverage,11411
6791,11172,288,163,46944,full_family_coverage,11412
9330,18738,79,81,6399,full_family_coverage,11413
11234,19236,286,106,30316,full_family_coverage,11414
18094,19766,261,198,51678,full_family_coverage,11415
6635,9627,79,164,12956,full_family_coverage,11416
15468,16985,79,94,7426,full_family_coverage,11417
903,18340,78,23,1794,full_family_coverage,11418
3460,8718,109,30,3270,full_family_coverage,11419
2350,22945,328,120,39360,full_family_coverage,11420
12997,20167,42,36,1512,full_family_coverage,11421
7779,12777,94,135,12690,full_family_coverage,11422
15147,24473,182,126,22932,full_family_coverage,11423
4030,8209,73,98,7154,full_family_coverage,11424
8951,20187,397,45,17865,full_family_coverage,11425
3340,11716,250,85,21250,full_family_coverage,11426
16124,23450,45,50,2250,full_family_coverage,11427
2147,7860,82,80,6560,full_family_coverage,11428
18776,23356,129,97,12513,full_family_coverage,11429
1965,16853,104,181,18824,full_family_coverage,11430
4781,9535,123,314,38622,full_family_coverage,11431
20547,21890,74,132,9768,full_family_coverage,11432
7035,7623,295,85,25075,full_family_coverage,11433
13439,21080,156,113,17628,full_family_coverage,11434
7158,10481,110,65,7150,full_family_coverage,11435
1870,21809,100,39,3900,full_family_coverage,11436
10951,19459,62,52,3224,full_family_coverage,11437
18483,23973,231,68,15708,full_family_coverage,11438
4689,22711,178,144,25632,full_family_coverage,11439
9244,25028,88,80,7040,full_family_coverage,11440
10087,19672,360,66,23760,full_family_coverage,11441
6457,14829,108,185,19980,full_family_coverage,11442
3991,7307,113,749,84637,full_family_coverage,11443
9550,25058,369,109,40221,full_family_coverage,11444
2630,6027,121,268,32428,full_family_coverage,11445
9643,14954,440,148,65120,full_family_coverage,11446
2345,23878,374,136,50864,full_family_coverage,11447
5151,10723,126,25,3150,full_family_coverage,11448
5514,6901,378,988,373464,full_family_coverage,11449
8483,18345,58,40,2320,full_family_coverage,11450
15320,21347,318,97,30846,full_family_coverage,11451
14410,19522,519,63,32697,full_family_coverage,11452
7909,12029,236,235,55460,full_family_coverage,11453
7679,21895,155,69,10695,full_family_coverage,11454
15983,24984,187,87,16269,full_family_coverage,11455
1384,20554,23,75,1725,full_family_coverage,11456
18263,24669,206,37,7622,full_family_coverage,11457
9412,18581,342,98,33516,full_family_coverage,11458
9009,9303,239,67,16013,full_family_coverage,11459
7422,8774,31,40,1240,full_family_coverage,11460
9864,23615,154,73,11242,full_family_coverage,11461
2429,19495,320,515,164800,full_family_coverage,11462
18933,24968,149,84,12516,full_family_coverage,11463
17797,21810,115,80,9200,full_family_coverage,11464
16560,25475,82,115,9430,full_family_coverage,11465
5112,16655,46,172,7912,full_family_coverage,11466
5503,22885,180,71,12780,full_family_coverage,11467
10767,13832,56,29,1624,full_family_coverage,11468
2458,20809,159,27,4293,full_family_coverage,11469
14876,23502,291,305,88755,full_family_coverage,11470
10249,14818,81,211,17091,full_family_coverage,11471
7460,23911,520,259,134680,full_family_coverage,11472
5023,9708,119,161,19159,full_family_coverage,11473
16822,25258,77,292,22484,full_family_coverage,11474
11549,20542,30,53,1590,full_family_coverage,11475
3318,17561,187,54,10098,full_family_coverage,11476
8002,24701,508,106,53848,full_family_coverage,11477
10586,17909,153,70,10710,full_family_coverage,11478
5623,23516,117,180,21060,full_family_coverage,11479
7352,10746,32,25,800,full_family_coverage,11480
19761,23386,157,228,35796,full_family_coverage,11481
6912,10971,85,501,42585,full_family_coverage,11482
19547,20268,157,78,12246,full_family_coverage,11483
11326,24717,86,75,6450,full_family_coverage,11484
5624,23607,60,113,6780,full_family_coverage,11485
15492,16458,76,91,6916,full_family_coverage,11486
14138,17383,300,117,35100,full_family_coverage,11487
9160,15557,195,240,46800,full_family_coverage,11488
4168,20629,35,81,2835,full_family_coverage,11489
8551,13884,277,182,50414,full_family_coverage,11490
16958,20269,24,204,4896,full_family_coverage,11491
5096,19777,217,158,34286,full_family_coverage,11492
4043,8108,292,198,57816,full_family_coverage,11493
1095,8322,261,113,29493,full_family_coverage,11494
12474,20610,50,88,4400,full_family_coverage,11495
3852,7216,327,51,16677,full_family_coverage,11496
8815,23920,53,44,2332,full_family_coverage,11497
14165,21580,82,52,4264,full_family_coverage,11498
6348,12083,186,62,11532,full_family_coverage,11499
7100,9952,65,53,3445,full_family_coverage,11500
17981,18658,120,87,10440,full_family_coverage,11501
21856,24635,115,273,31395,full_family_coverage,11502
11303,19889,32,114,3648,full_family_coverage,11503
12106,15323,102,162,16524,full_family_coverage,11504
2436,17613,37,69,2553,full_family_coverage,11505
13623,17937,112,371,41552,full_family_coverage,11506
22559,23329,41,80,3280,full_family_coverage,11507
14789,20276,68,194,13192,full_family_coverage,11508
9073,19758,114,81,9234,full_family_coverage,11509
10772,22458,62,519,32178,full_family_coverage,11510
19632,25385,254,51,12954,full_family_coverage,11511
1819,9588,270,60,16200,full_family_coverage,11512
14511,21110,651,92,59892,full_family_coverage,11513
16510,17195,268,80,21440,full_family_coverage,11514
14385,24549,165,385,63525,full_family_coverage,11515
2771,6400,291,183,53253,full_family_coverage,11516
9042,23530,311,78,24258,full_family_coverage,11517
5016,10451,136,344,46784,full_family_coverage,11518
4560,9789,129,102,13158,full_family_coverage,11519
4370,12345,131,182,23842,full_family_coverage,11520
10720,22634,112,194,21728,full_family_coverage,11521
4153,6650,330,83,27390,full_family_coverage,11522
13118,23852,121,131,15851,full_family_coverage,11523
1509,4268,171,398,68058,full_family_coverage,11524
4081,6643,73,75,5475,full_family_coverage,11525
23278,24278,55,728,40040,full_family_coverage,11526
4202,16753,117,125,14625,full_family_coverage,11527
6803,22322,492,43,21156,full_family_coverage,11528
9690,19033,76,117,8892,full_family_coverage,11529
3772,23337,260,98,25480,full_family_coverage,11530
2715,17742,114,232,26448,full_family_coverage,11531
1638,14312,413,271,111923,full_family_coverage,11532
6376,14857,81,307,24867,full_family_coverage,11533
14336,24575,189,390,73710,full_family_coverage,11534
15866,19349,101,191,19291,full_family_coverage,11535
64,5423,31,136,4216,full_family_coverage,11536
8898,17543,60,112,6720,full_family_coverage,11537
14594,22281,316,103,32548,full_family_coverage,11538
1621,13249,133,49,6517,full_family_coverage,11539
408,15136,88,141,12408,full_family_coverage,11540
9359,14500,55,270,14850,full_family_coverage,11541
2016,16718,90,163,14670,full_family_coverage,11542
6606,10989,64,71,4544,full_family_coverage,11543
11586,20299,151,85,12835,full_family_coverage,11544
13814,23480,159,80,12720,full_family_coverage,11545
13082,18764,60,152,9120,full_family_coverage,11546
21960,25084,111,153,16983,full_family_coverage,11547
5791,6799,205,112,22960,full_family_coverage,11548
3669,13374,729,237,172773,full_family_coverage,11549
8143,9999,277,70,19390,full_family_coverage,11550
2691,15687,78,86,6708,full_family_coverage,11551
16593,17077,97,125,12125,full_family_coverage,11552
11187,23297,200,72,14400,full_family_coverage,11553
3970,17111,173,186,32178,full_family_coverage,11554
9238,15616,116,93,10788,full_family_coverage,11555
1517,9630,198,90,17820,full_family_coverage,11556
16926,18131,126,69,8694,full_family_coverage,11557
13106,14011,128,47,6016,full_family_coverage,11558
18061,23535,30,76,2280,full_family_coverage,11559
7932,20920,41,51,2091,full_family_coverage,11560
11281,16955,456,140,63840,full_family_coverage,11561
7306,14453,22,657,14454,full_family_coverage,11562
3662,11635,125,75,9375,full_family_coverage,11563
6042,18910,100,142,14200,full_family_coverage,11564
17928,23894,70,110,7700,full_family_coverage,11565
7445,17875,12,161,1932,full_family_coverage,11566
5330,18849,77,42,3234,full_family_coverage,11567
1376,24051,168,50,8400,full_family_coverage,11568
7982,14488,23,86,1978,full_family_coverage,11569
740,13926,174,87,15138,full_family_coverage,11570
5909,24897,261,97,25317,full_family_coverage,11571
4190,12340,153,691,105723,full_family_coverage,11572
327,15051,93,125,11625,full_family_coverage,11573
2758,16489,115,143,16445,full_family_coverage,11574
12188,24041,172,247,42484,full_family_coverage,11575
16895,17559,134,64,8576,full_family_coverage,11576
11743,22123,276,383,105708,full_family_coverage,11577
14843,22139,144,392,56448,full_family_coverage,11578
4372,15125,285,136,38760,full_family_coverage,11579
6781,12441,46,232,10672,full_family_coverage,11580
3645,4442,121,204,24684,full_family_coverage,11581
19200,22388,61,85,5185,full_family_coverage,11582
12209,14691,120,345,41400,full_family_coverage,11583
11868,22690,102,103,10506,full_family_coverage,11584
4663,12193,81,49,3969,full_family_coverage,11585
7841,9733,23,99,2277,full_family_coverage,11586
1885,5362,127,703,89281,full_family_coverage,11587
8853,13794,586,163,95518,full_family_coverage,11588
353,17256,68,34,2312,full_family_coverage,11589
6599,17045,55,42,2310,full_family_coverage,11590
5915,12330,141,62,8742,full_family_coverage,11591
5411,19882,543,138,74934,full_family_coverage,11592
11269,20494,470,112,52640,full_family_coverage,11593
14332,17958,40,141,5640,full_family_coverage,11594
14251,18253,114,142,16188,full_family_coverage,11595
7285,19484,267,127,33909,full_family_coverage,11596
5874,17088,339,140,47460,full_family_coverage,11597
5039,11242,213,330,70290,full_family_coverage,11598
415,8625,105,199,20895,full_family_coverage,11599
6121,6337,160,442,70720,full_family_coverage,11600
9135,13741,178,76,13528,full_family_coverage,11601
15584,21222,256,110,28160,full_family_coverage,11602
6620,10325,665,96,63840,full_family_coverage,11603
6135,6871,342,104,35568,full_family_coverage,11604
5322,14330,940,58,54520,full_family_coverage,11605
1090,9753,411,167,68637,full_family_coverage,11606
2931,22049,188,70,13160,full_family_coverage,11607
1522,6517,370,57,21090,full_family_coverage,11608
2356,6183,150,70,10500,full_family_coverage,11609
18023,24523,99,36,3564,full_family_coverage,11610
15721,24314,105,155,16275,full_family_coverage,11611
1849,18620,343,97,33271,full_family_coverage,11612
14449,22452,212,30,6360,full_family_coverage,11613
6111,14214,71,64,4544,full_family_coverage,11614
14947,18554,60,82,4920,full_family_coverage,11615
12351,24064,294,262,77028,full_family_coverage,11616
6315,16223,412,109,44908,full_family_coverage,11617
686,23154,140,49,6860,full_family_coverage,11618
23919,25237,75,82,6150,full_family_coverage,11619
6255,6535,81,50,4050,full_family_coverage,11620
6270,18768,167,38,6346,full_family_coverage,11621
1456,21401,190,134,25460,full_family_coverage,11622
22473,24921,190,64,12160,full_family_coverage,11623
4403,9743,89,102,9078,full_family_coverage,11624
885,15511,63,131,8253,full_family_coverage,11625
18590,20777,183,168,30744,full_family_coverage,11626
16004,22995,109,186,20274,full_family_coverage,11627
23849,24619,82,49,4018,full_family_coverage,11628
10792,16348,511,73,37303,full_family_coverage,11629
293,13186,271,37,10027,full_family_coverage,11630
9275,21323,73,47,3431,full_family_coverage,11631
10840,11244,362,94,34028,full_family_coverage,11632
21176,23586,98,312,30576,full_family_coverage,11633
12836,20625,97,75,7275,full_family_coverage,11634
8100,11216,162,119,19278,full_family_coverage,11635
6052,8084,171,32,5472,full_family_coverage,11636
7046,24433,327,134,43818,full_family_coverage,11637
2014,25520,496,182,90272,full_family_coverage,11638
881,9309,312,376,117312,full_family_coverage,11639
5697,5823,100,143,14300,full_family_coverage,11640
1306,12294,203,348,70644,full_family_coverage,11641
16978,19800,87,72,6264,full_family_coverage,11642
4783,10204,114,92,10488,full_family_coverage,11643
15497,17541,35,87,3045,full_family_coverage,11644
5355,25233,210,221,46410,full_family_coverage,11645
16835,25295,73,84,6132,full_family_coverage,11646
12696,23636,18,111,1998,full_family_coverage,11647
23159,23612,48,279,13392,full_family_coverage,11648
22735,24981,59,133,7847,full_family_coverage,11649
2828,18792,140,136,19040,full_family_coverage,11650
6597,22891,51,103,5253,full_family_coverage,11651
2028,4687,367,96,35232,full_family_coverage,11652
594,21695,80,95,7600,full_family_coverage,11653
981,24281,250,169,42250,full_family_coverage,11654
1042,15049,423,295,124785,full_family_coverage,11655
16239,21988,136,162,22032,full_family_coverage,11656
15041,19222,81,125,10125,full_family_coverage,11657
10369,12114,132,118,15576,full_family_coverage,11658
1802,19670,346,81,28026,full_family_coverage,11659
466,16659,191,212,40492,full_family_coverage,11660
4766,10570,46,42,1932,full_family_coverage,11661
4864,21989,484,80,38720,full_family_coverage,11662
4198,17500,142,54,7668,full_family_coverage,11663
6060,6897,234,121,28314,full_family_coverage,11664
14570,16767,225,26,5850,full_family_coverage,11665
5154,19435,429,50,21450,full_family_coverage,11666
5746,24077,75,60,4500,full_family_coverage,11667
1875,19460,322,75,24150,full_family_coverage,11668
5452,16350,186,191,35526,full_family_coverage,11669
3308,6426,439,222,97458,full_family_coverage,11670
23984,24894,91,85,7735,full_family_coverage,11671
13354,14068,290,111,32190,full_family_coverage,11672
5037,5813,313,209,65417,full_family_coverage,11673
19066,24725,174,86,14964,full_family_coverage,11674
8751,12177,78,104,8112,full_family_coverage,11675
18058,20367,84,90,7560,full_family_coverage,11676
2841,20456,231,64,14784,full_family_coverage,11677
9805,12068,102,238,24276,full_family_coverage,11678
20945,22853,136,138,18768,full_family_coverage,11679
3963,24224,401,145,58145,full_family_coverage,11680
1361,18901,186,117,21762,full_family_coverage,11681
7711,15124,98,118,11564,full_family_coverage,11682
14263,20136,85,250,21250,full_family_coverage,11683
3294,23197,207,252,52164,full_family_coverage,11684
101,10860,209,335,70015,full_family_coverage,11685
1045,2592,34,12,408,full_family_coverage,11686
2413,8537,322,545,175490,full_family_coverage,11687
10379,14498,107,305,32635,full_family_coverage,11688
16367,17221,108,48,5184,full_family_coverage,11689
16823,23218,42,85,3570,full_family_coverage,11690
15718,21792,102,209,21318,full_family_coverage,11691
481,12260,150,192,28800,full_family_coverage,11692
9840,12149,138,227,31326,full_family_coverage,11693
3509,24159,132,127,16764,full_family_coverage,11694
6150,19183,56,83,4648,full_family_coverage,11695
4335,23265,125,112,14000,full_family_coverage,11696
4986,7873,74,239,17686,full_family_coverage,11697
7791,13256,237,185,43845,full_family_coverage,11698
11291,23216,60,28,1680,full_family_coverage,11699
7024,15044,174,23,4002,full_family_coverage,11700
16257,22622,167,100,16700,full_family_coverage,11701
9624,18881,148,76,11248,full_family_coverage,11702
11470,23798,183,55,10065,full_family_coverage,11703
4758,10471,309,57,17613,full_family_coverage,11704
14779,24372,484,95,45980,full_family_coverage,11705
11975,13984,672,173,116256,full_family_coverage,11706
23056,24231,170,129,21930,full_family_coverage,11707
9872,13754,85,813,69105,full_family_coverage,11708
10808,15257,56,165,9240,full_family_coverage,11709
234,4648,67,57,3819,full_family_coverage,11710
8678,18598,93,199,18507,full_family_coverage,11711
11173,16163,136,102,13872,full_family_coverage,11712
1523,12331,171,142,24282,full_family_coverage,11713
20326,22253,71,129,9159,full_family_coverage,11714
2449,24850,256,158,40448,full_family_coverage,11715
339,17237,162,73,11826,full_family_coverage,11716
10600,15720,125,125,15625,full_family_coverage,11717
8082,21163,31,55,1705,full_family_coverage,11718
13125,13679,132,424,55968,full_family_coverage,11719
1607,19603,197,100,19700,full_family_coverage,11720
7149,8251,129,47,6063,full_family_coverage,11721
11837,21554,73,151,11023,full_family_coverage,11722
12285,14030,162,186,30132,full_family_coverage,11723
14209,16581,79,136,10744,full_family_coverage,11724
3121,11540,411,43,17673,full_family_coverage,11725
2373,7043,200,348,69600,full_family_coverage,11726
6115,13385,66,73,4818,full_family_coverage,11727
4487,23075,72,251,18072,full_family_coverage,11728
4342,25532,57,207,11799,full_family_coverage,11729
10527,18498,103,170,17510,full_family_coverage,11730
4337,8675,712,43,30616,full_family_coverage,11731
9423,24357,135,280,37800,full_family_coverage,11732
3164,6306,177,127,22479,full_family_coverage,11733
2343,24481,179,166,29714,full_family_coverage,11734
7521,14679,30,195,5850,full_family_coverage,11735
321,17664,308,125,38500,full_family_coverage,11736
16289,18939,153,247,37791,full_family_coverage,11737
20112,24565,165,135,22275,full_family_coverage,11738
57,15214,37,119,4403,full_family_coverage,11739
12513,13710,336,81,27216,full_family_coverage,11740
4797,16909,132,106,13992,full_family_coverage,11741
4915,22552,213,219,46647,full_family_coverage,11742
11445,12825,110,77,8470,full_family_coverage,11743
159,707,90,85,7650,full_family_coverage,11744
6691,17168,197,460,90620,full_family_coverage,11745
1803,17008,232,112,25984,full_family_coverage,11746
1026,17651,191,67,12797,full_family_coverage,11747
7144,11736,785,180,141300,full_family_coverage,11748
342,12168,31,31,961,full_family_coverage,11749
10216,12734,123,104,12792,full_family_coverage,11750
3229,18606,105,91,9555,full_family_coverage,11751
18902,22383,57,87,4959,full_family_coverage,11752
849,12589,136,201,27336,full_family_coverage,11753
13030,13182,70,151,10570,full_family_coverage,11754
17075,21223,84,76,6384,full_family_coverage,11755
21897,25318,70,238,16660,full_family_coverage,11756
21763,24251,210,164,34440,full_family_coverage,11757
19884,24219,145,189,27405,full_family_coverage,11758
10707,12437,81,112,9072,full_family_coverage,11759
11357,21594,635,67,42545,full_family_coverage,11760
6476,22944,176,84,14784,full_family_coverage,11761
15494,17851,69,104,7176,full_family_coverage,11762
3146,7152,394,69,27186,full_family_coverage,11763
146,17582,276,33,9108,full_family_coverage,11764
3811,16797,330,88,29040,full_family_coverage,11765
5160,7224,158,38,6004,full_family_coverage,11766
5804,8949,97,50,4850,full_family_coverage,11767
5807,20892,258,174,44892,full_family_coverage,11768
3704,15326,335,83,27805,full_family_coverage,11769
10632,19135,79,139,10981,full_family_coverage,11770
4041,15801,82,86,7052,full_family_coverage,11771
1967,13562,333,78,25974,full_family_coverage,11772
17243,24466,44,383,16852,full_family_coverage,11773
2094,11069,89,67,5963,full_family_coverage,11774
3534,19553,143,157,22451,full_family_coverage,11775
9280,21429,91,131,11921,full_family_coverage,11776
895,17642,86,108,9288,full_family_coverage,11777
19722,22181,67,114,7638,full_family_coverage,11778
2425,2656,116,313,36308,full_family_coverage,11779
9149,25405,65,36,2340,full_family_coverage,11780
3590,12905,173,56,9688,full_family_coverage,11781
13418,22052,43,140,6020,full_family_coverage,11782
7161,22585,115,70,8050,full_family_coverage,11783
4649,6626,114,109,12426,full_family_coverage,11784
3993,10609,43,25,1075,full_family_coverage,11785
19600,23992,225,80,18000,full_family_coverage,11786
6010,14220,133,72,9576,full_family_coverage,11787
20890,24338,76,180,13680,full_family_coverage,11788
7768,25278,90,68,6120,full_family_coverage,11789
2623,14553,292,110,32120,full_family_coverage,11790
19865,24561,84,229,19236,full_family_coverage,11791
7681,9162,105,62,6510,full_family_coverage,11792
7406,9851,97,87,8439,full_family_coverage,11793
12041,22371,31,50,1550,full_family_coverage,11794
8010,16997,82,17,1394,full_family_coverage,11795
5729,16695,348,152,52896,full_family_coverage,11796
654,10671,39,25,975,full_family_coverage,11797
10809,21483,260,187,48620,full_family_coverage,11798
369,9099,87,258,22446,full_family_coverage,11799
4788,19498,152,280,42560,full_family_coverage,11800
10450,18691,124,308,38192,full_family_coverage,11801
19123,22043,133,56,7448,full_family_coverage,11802
2589,23936,60,222,13320,full_family_coverage,11803
7504,10484,60,132,7920,full_family_coverage,11804
17496,23839,83,95,7885,full_family_coverage,11805
2214,21448,130,88,11440,full_family_coverage,11806
19278,19606,100,294,29400,full_family_coverage,11807
7420,16567,30,183,5490,full_family_coverage,11808
14417,20563,60,63,3780,full_family_coverage,11809
22013,24097,40,205,8200,full_family_coverage,11810
10202,18943,176,154,27104,full_family_coverage,11811
19714,22721,81,59,4779,full_family_coverage,11812
24305,24906,125,119,14875,full_family_coverage,11813
20415,23011,44,30,1320,full_family_coverage,11814
14380,15206,41,30,1230,full_family_coverage,11815
18771,21224,121,196,23716,full_family_coverage,11816
11593,12423,66,133,8778,full_family_coverage,11817
3380,11988,313,106,33178,full_family_coverage,11818
9727,12458,96,162,15552,full_family_coverage,11819
16258,20552,213,93,19809,full_family_coverage,11820
14847,17044,55,81,4455,full_family_coverage,11821
15063,22714,121,89,10769,full_family_coverage,11822
521,8349,98,54,5292,full_family_coverage,11823
10201,17519,254,41,10414,full_family_coverage,11824
3964,21406,125,162,20250,full_family_coverage,11825
3805,15111,57,172,9804,full_family_coverage,11826
4389,22861,102,78,7956,full_family_coverage,11827
10281,22636,75,121,9075,full_family_coverage,11828
14460,15981,32,167,5344,full_family_coverage,11829
5117,13557,403,129,51987,full_family_coverage,11830
5833,19124,357,197,70329,full_family_coverage,11831
12651,17666,103,135,13905,full_family_coverage,11832
491,16988,62,48,2976,full_family_coverage,11833
1156,13673,381,252,96012,full_family_coverage,11834
1985,23619,16,76,1216,full_family_coverage,11835
3688,21944,43,34,1462,full_family_coverage,11836
5579,22811,540,96,51840,full_family_coverage,11837
6671,20520,8,114,912,full_family_coverage,11838
6387,20316,198,64,12672,full_family_coverage,11839
12293,13315,103,102,10506,full_family_coverage,11840
1442,8886,73,142,10366,full_family_coverage,11841
2725,8203,83,244,20252,full_family_coverage,11842
16472,17863,236,87,20532,full_family_coverage,11843
5332,8895,196,96,18816,full_family_coverage,11844
13483,15066,48,80,3840,full_family_coverage,11845
12145,12710,84,103,8652,full_family_coverage,11846
11459,15001,221,193,42653,full_family_coverage,11847
6942,18320,49,45,2205,full_family_coverage,11848
502,7243,482,31,14942,full_family_coverage,11849
2065,14455,129,145,18705,full_family_coverage,11850
3427,7481,176,35,6160,full_family_coverage,11851
4395,20857,156,154,24024,full_family_coverage,11852
6549,14319,160,427,68320,full_family_coverage,11853
3582,11029,67,579,38793,full_family_coverage,11854
4095,15785,25,177,4425,full_family_coverage,11855
158,4917,377,257,96889,full_family_coverage,11856
11961,22952,89,99,8811,full_family_coverage,11857
4329,18066,64,191,12224,full_family_coverage,11858
4588,14589,90,248,22320,full_family_coverage,11859
6081,12409,143,194,27742,full_family_coverage,11860
8208,12283,125,153,19125,full_family_coverage,11861
2860,7680,42,60,2520,full_family_coverage,11862
21113,22833,82,207,16974,full_family_coverage,11863
7985,8586,30,107,3210,full_family_coverage,11864
1970,5430,188,240,45120,full_family_coverage,11865
10491,24826,72,66,4752,full_family_coverage,11866
12382,22950,101,87,8787,full_family_coverage,11867
1103,23587,296,86,25456,full_family_coverage,11868
542,4571,105,163,17115,full_family_coverage,11869
16078,18002,140,405,56700,full_family_coverage,11870
11096,18151,215,558,119970,full_family_coverage,11871
6494,18610,245,75,18375,full_family_coverage,11872
12866,23958,58,105,6090,full_family_coverage,11873
2516,4245,95,137,13015,full_family_coverage,11874
16780,22003,66,54,3564,full_family_coverage,11875
5025,25060,294,227,66738,full_family_coverage,11876
1400,1537,102,101,10302,full_family_coverage,11877
21150,21204,175,212,37100,full_family_coverage,11878
11437,21946,207,44,9108,full_family_coverage,11879
14776,20387,100,78,7800,full_family_coverage,11880
4540,15487,46,228,10488,full_family_coverage,11881
17186,18664,63,573,36099,full_family_coverage,11882
6451,24745,335,102,34170,full_family_coverage,11883
5695,21069,136,46,6256,full_family_coverage,11884
5859,24888,92,40,3680,full_family_coverage,11885
8292,22684,77,353,27181,full_family_coverage,11886
8261,16438,68,66,4488,full_family_coverage,11887
22,10090,28,52,1456,full_family_coverage,11888
13183,22046,113,131,14803,full_family_coverage,11889
10237,12954,74,90,6660,full_family_coverage,11890
13373,15979,156,172,26832,full_family_coverage,11891
18130,18353,205,92,18860,full_family_coverage,11892
5899,25093,153,98,14994,full_family_coverage,11893
14495,23917,209,229,47861,full_family_coverage,11894
1817,11721,258,52,13416,full_family_coverage,11895
6546,23945,104,72,7488,full_family_coverage,11896
7106,24649,222,283,62826,full_family_coverage,11897
14801,17275,114,43,4902,full_family_coverage,11898
13759,16888,89,101,8989,full_family_coverage,11899
15829,16079,125,87,10875,full_family_coverage,11900
17798,24895,136,45,6120,full_family_coverage,11901
3710,23248,193,202,38986,full_family_coverage,11902
9800,16870,116,100,11600,full_family_coverage,11903
171,9652,105,48,5040,full_family_coverage,11904
20037,21233,137,49,6713,full_family_coverage,11905
950,12713,76,164,12464,full_family_coverage,11906
6991,15208,69,171,11799,full_family_coverage,11907
3647,6284,253,175,44275,full_family_coverage,11908
1846,15767,150,151,22650,full_family_coverage,11909
988,9267,35,233,8155,full_family_coverage,11910
368,3397,77,76,5852,full_family_coverage,11911
8574,19166,17,167,2839,full_family_coverage,11912
13167,18745,592,103,60976,full_family_coverage,11913
4891,19593,136,71,9656,full_family_coverage,11914
4060,11109,125,290,36250,full_family_coverage,11915
11559,15017,124,82,10168,full_family_coverage,11916
20351,20600,50,86,4300,full_family_coverage,11917
9296,9824,130,103,13390,full_family_coverage,11918
12228,13254,29,61,1769,full_family_coverage,11919
11351,23464,586,388,227368,full_family_coverage,11920
9526,22413,113,91,10283,full_family_coverage,11921
1800,2099,90,27,2430,full_family_coverage,11922
700,22179,202,187,37774,full_family_coverage,11923
1036,25155,222,57,12654,full_family_coverage,11924
8984,12457,297,55,16335,full_family_coverage,11925
2583,8608,146,231,33726,full_family_coverage,11926
11156,12505,460,100,46000,full_family_coverage,11927
14654,22197,108,75,8100,full_family_coverage,11928
3543,11047,187,413,77231,full_family_coverage,11929
4049,16550,156,75,11700,full_family_coverage,11930
20297,24060,44,219,9636,full_family_coverage,11931
21328,23938,67,160,10720,full_family_coverage,11932
4537,19602,94,113,10622,full_family_coverage,11933
1975,2851,80,523,41840,full_family_coverage,11934
14890,16447,181,38,6878,full_family_coverage,11935
14750,17592,859,91,78169,full_family_coverage,11936
8914,21616,152,63,9576,full_family_coverage,11937
17019,21061,91,86,7826,full_family_coverage,11938
12359,19703,108,131,14148,full_family_coverage,11939
7916,16863,505,86,43430,full_family_coverage,11940
905,21933,154,176,27104,full_family_coverage,11941
7132,23033,722,111,80142,full_family_coverage,11942
1692,10478,206,362,74572,full_family_coverage,11943
22594,23129,62,66,4092,full_family_coverage,11944
4128,9975,105,97,10185,full_family_coverage,11945
3419,16645,110,123,13530,full_family_coverage,11946
9044,22155,41,155,6355,full_family_coverage,11947
6131,14277,184,109,20056,full_family_coverage,11948
9127,18388,195,192,37440,full_family_coverage,11949
8719,18613,145,116,16820,full_family_coverage,11950
8571,11807,137,382,52334,full_family_coverage,11951
6511,8320,114,61,6954,full_family_coverage,11952
3863,18742,351,110,38610,full_family_coverage,11953
12021,15539,73,208,15184,full_family_coverage,11954
4263,21243,225,156,35100,full_family_coverage,11955
9939,16750,136,66,8976,full_family_coverage,11956
5587,16616,153,1022,156366,full_family_coverage,11957
6770,24228,85,159,13515,full_family_coverage,11958
5894,21690,120,147,17640,full_family_coverage,11959
16724,20691,65,225,14625,full_family_coverage,11960
5082,24734,118,90,10620,full_family_coverage,11961
566,15645,166,100,16600,full_family_coverage,11962
9079,15552,71,123,8733,full_family_coverage,11963
77,3268,366,100,36600,full_family_coverage,11964
10677,23254,35,155,5425,full_family_coverage,11965
3851,12702,162,88,14256,full_family_coverage,11966
1303,21155,253,130,32890,full_family_coverage,11967
7625,22503,22,145,3190,full_family_coverage,11968
2574,9831,76,57,4332,full_family_coverage,11969
8109,18870,133,133,17689,full_family_coverage,11970
10737,12679,22,447,9834,full_family_coverage,11971
3180,23953,66,265,17490,full_family_coverage,11972
18495,21784,163,117,19071,full_family_coverage,11973
529,3066,40,216,8640,full_family_coverage,11974
3458,3808,98,123,12054,full_family_coverage,11975
12628,21044,57,174,9918,full_family_coverage,11976
4604,5790,163,108,17604,full_family_coverage,11977
3958,7928,362,160,57920,full_family_coverage,11978
3061,12682,568,116,65888,full_family_coverage,11979
3866,25326,438,80,35040,full_family_coverage,11980
11011,18966,40,92,3680,full_family_coverage,11981
4073,19687,174,201,34974,full_family_coverage,11982
52,9447,44,246,10824,full_family_coverage,11983
1529,4004,298,364,108472,full_family_coverage,11984
5929,19273,180,132,23760,full_family_coverage,11985
17026,19835,89,103,9167,full_family_coverage,11986
11956,22315,114,262,29868,full_family_coverage,11987
7249,20022,117,98,11466,full_family_coverage,11988
1452,16608,318,169,53742,full_family_coverage,11989
3347,8051,67,63,4221,full_family_coverage,11990
3495,22243,17,116,1972,full_family_coverage,11991
3173,7547,78,28,2184,full_family_coverage,11992
4636,10236,6,168,1008,full_family_coverage,11993
747,17533,25,48,1200,full_family_coverage,11994
14910,15960,70,50,3500,full_family_coverage,11995
436,22818,102,71,7242,full_family_coverage,11996
5755,22113,84,80,6720,full_family_coverage,11997
13100,21143,63,79,4977,full_family_coverage,11998
7180,16937,70,186,13020,full_family_coverage,11999
2284,13451,1166,119,138754,full_family_coverage,12000
3672,15590,117,42,4914,full_family_coverage,12001
7884,24352,120,335,40200,full_family_coverage,12002
1544,11659,228,142,32376,full_family_coverage,12003
678,7709,81,39,3159,full_family_coverage,12004
19139,23816,78,261,20358,full_family_coverage,12005
10486,16928,78,96,7488,full_family_coverage,12006
6975,21888,242,90,21780,full_family_coverage,12007
12196,23679,40,135,5400,full_family_coverage,12008
2376,10642,94,34,3196,full_family_coverage,12009
9989,18635,74,17,1258,full_family_coverage,12010
928,11750,70,91,6370,full_family_coverage,12011
6242,7084,203,132,26796,full_family_coverage,12012
3491,16076,74,40,2960,full_family_coverage,12013
11206,18003,193,484,93412,full_family_coverage,12014
9957,15908,137,98,13426,full_family_coverage,12015
16390,18675,315,94,29610,full_family_coverage,12016
37,13504,307,127,38989,full_family_coverage,12017
11118,15605,109,95,10355,full_family_coverage,12018
12989,20703,30,111,3330,full_family_coverage,12019
1439,5863,107,188,20116,full_family_coverage,12020
2389,13396,139,78,10842,full_family_coverage,12021
7085,20557,114,121,13794,full_family_coverage,12022
3290,4484,143,382,54626,full_family_coverage,12023
3512,7297,92,141,12972,full_family_coverage,12024
9869,12507,84,40,3360,full_family_coverage,12025
16625,22416,125,82,10250,full_family_coverage,12026
13489,18638,64,140,8960,full_family_coverage,12027
9892,18374,78,1196,93288,full_family_coverage,12028
6140,12413,102,1808,184416,full_family_coverage,12029
12615,20954,116,89,10324,full_family_coverage,12030
11033,16022,413,225,92925,full_family_coverage,12031
13020,22076,48,84,4032,full_family_coverage,12032
21972,22150,118,105,12390,full_family_coverage,12033
22644,23524,633,59,37347,full_family_coverage,12034
8986,11865,713,111,79143,full_family_coverage,12035
1334,10791,114,137,15618,full_family_coverage,12036
15526,18048,76,126,9576,full_family_coverage,12037
11147,18250,85,168,14280,full_family_coverage,12038
535,20971,76,231,17556,full_family_coverage,12039
12424,17564,70,58,4060,full_family_coverage,12040
3027,24856,420,91,38220,full_family_coverage,12041
12448,17618,191,26,4966,full_family_coverage,12042
8418,13619,316,359,113444,full_family_coverage,12043
3737,6357,146,172,25112,full_family_coverage,12044
2362,23481,193,75,14475,full_family_coverage,12045
9927,16175,138,63,8694,full_family_coverage,12046
4771,23169,55,120,6600,full_family_coverage,12047
16262,25162,109,60,6540,full_family_coverage,12048
854,23569,412,104,42848,full_family_coverage,12049
17728,18626,71,32,2272,full_family_coverage,12050
1340,3705,105,149,15645,full_family_coverage,12051
13081,18703,96,146,14016,full_family_coverage,12052
7217,25078,44,230,10120,full_family_coverage,12053
15913,24659,60,240,14400,full_family_coverage,12054
8303,16305,167,35,5845,full_family_coverage,12055
3289,3379,276,237,65412,full_family_coverage,12056
23131,25123,137,293,40141,full_family_coverage,12057
1226,5757,34,304,10336,full_family_coverage,12058
1113,11610,214,117,25038,full_family_coverage,12059
7140,13058,76,240,18240,full_family_coverage,12060
1813,4639,142,140,19880,full_family_coverage,12061
14846,22513,119,114,13566,full_family_coverage,12062
3541,14439,194,205,39770,full_family_coverage,12063
11159,18327,50,120,6000,full_family_coverage,12064
1130,17746,195,139,27105,full_family_coverage,12065
17780,23769,87,108,9396,full_family_coverage,12066
21210,23935,48,53,2544,full_family_coverage,12067
6751,22398,97,46,4462,full_family_coverage,12068
1467,4756,32,146,4672,full_family_coverage,12069
10547,16147,44,85,3740,full_family_coverage,12070
15189,16143,194,49,9506,full_family_coverage,12071
6382,14658,83,90,7470,full_family_coverage,12072
980,22175,161,89,14329,full_family_coverage,12073
4843,14624,225,41,9225,full_family_coverage,12074
10492,11924,151,78,11778,full_family_coverage,12075
15620,17255,144,63,9072,full_family_coverage,12076
5691,11015,143,254,36322,full_family_coverage,12077
11665,20198,42,68,2856,full_family_coverage,12078
10996,13293,156,249,38844,full_family_coverage,12079
15941,16198,203,39,7917,full_family_coverage,12080
12982,18915,241,102,24582,full_family_coverage,12081
8889,17563,101,90,9090,full_family_coverage,12082
8053,21277,307,167,51269,full_family_coverage,12083
1822,14172,144,194,27936,full_family_coverage,12084
15982,24751,188,56,10528,full_family_coverage,12085
9420,13422,53,27,1431,full_family_coverage,12086
11184,25314,194,130,25220,full_family_coverage,12087
960,4817,112,68,7616,full_family_coverage,12088
4137,20740,114,126,14364,full_family_coverage,12089
3185,5126,67,309,20703,full_family_coverage,12090
866,24879,124,293,36332,full_family_coverage,12091
15485,22117,142,135,19170,full_family_coverage,12092
3052,20837,150,224,33600,full_family_coverage,12093
287,25454,364,112,40768,full_family_coverage,12094
22096,23458,117,40,4680,full_family_coverage,12095
6212,25023,178,115,20470,full_family_coverage,12096
4826,23654,180,250,45000,full_family_coverage,12097
7945,17913,269,175,47075,full_family_coverage,12098
3589,20888,166,48,7968,full_family_coverage,12099
21586,24624,107,292,31244,full_family_coverage,12100
10244,12040,160,32,5120,full_family_coverage,12101
5777,14452,188,390,73320,full_family_coverage,12102
7697,20526,40,97,3880,full_family_coverage,12103
10585,10657,110,77,8470,full_family_coverage,12104
19897,19898,105,128,13440,full_family_coverage,12105
2163,22663,225,88,19800,full_family_coverage,12106
12545,14918,171,53,9063,full_family_coverage,12107
22447,24129,107,184,19688,full_family_coverage,12108
19285,19312,128,123,15744,full_family_coverage,12109
9477,19634,77,53,4081,full_family_coverage,12110
18300,23646,106,126,13356,full_family_coverage,12111
13996,17991,335,408,136680,full_family_coverage,12112
13391,18526,125,138,17250,full_family_coverage,12113
4976,6588,137,152,20824,full_family_coverage,12114
19185,20012,182,40,7280,full_family_coverage,12115
3722,17246,68,99,6732,full_family_coverage,12116
1907,18111,9,112,1008,full_family_coverage,12117
7114,18190,138,128,17664,full_family_coverage,12118
3356,7930,723,462,334026,full_family_coverage,12119
941,25524,469,235,110215,full_family_coverage,12120
2576,24954,121,84,10164,full_family_coverage,12121
11754,24234,80,95,7600,full_family_coverage,12122
3245,18247,51,190,9690,full_family_coverage,12123
1298,2490,236,460,108560,full_family_coverage,12124
7190,8311,272,409,111248,full_family_coverage,12125
1815,24485,57,165,9405,full_family_coverage,12126
15802,17287,124,46,5704,full_family_coverage,12127
6935,17245,294,242,71148,full_family_coverage,12128
2679,7994,214,114,24396,full_family_coverage,12129
20783,25218,88,48,4224,full_family_coverage,12130
7054,11208,218,102,22236,full_family_coverage,12131
3814,22758,208,65,13520,full_family_coverage,12132
9533,23865,299,112,33488,full_family_coverage,12133
1414,2476,352,103,36256,full_family_coverage,12134
11751,23435,162,216,34992,full_family_coverage,12135
17466,19188,127,102,12954,full_family_coverage,12136
3794,8950,79,105,8295,full_family_coverage,12137
14681,14983,261,75,19575,full_family_coverage,12138
6231,10992,135,162,21870,full_family_coverage,12139
11197,13225,196,172,33712,full_family_coverage,12140
7113,10374,302,137,41374,full_family_coverage,12141
5738,18886,323,79,25517,full_family_coverage,12142
11864,23217,41,101,4141,full_family_coverage,12143
20671,20841,203,78,15834,full_family_coverage,12144
11249,17956,34,244,8296,full_family_coverage,12145
6697,25158,96,91,8736,full_family_coverage,12146
8245,16614,121,249,30129,full_family_coverage,12147
6003,7148,91,170,15470,full_family_coverage,12148
4497,6977,74,147,10878,full_family_coverage,12149
2379,19989,258,123,31734,full_family_coverage,12150
14270,19279,454,152,69008,full_family_coverage,12151
1733,20946,96,140,13440,full_family_coverage,12152
5812,14273,342,339,115938,full_family_coverage,12153
172,11958,425,750,318750,full_family_coverage,12154
3493,10033,214,84,17976,full_family_coverage,12155
8972,12001,81,267,21627,full_family_coverage,12156
11556,13041,91,142,12922,full_family_coverage,12157
2565,8036,62,64,3968,full_family_coverage,12158
16931,22490,86,336,28896,full_family_coverage,12159
7346,17034,310,124,38440,full_family_coverage,12160
16160,23788,229,175,40075,full_family_coverage,12161
3058,21704,462,43,19866,full_family_coverage,12162
19147,23505,1700,144,244800,full_family_coverage,12163
3835,6167,175,201,35175,full_family_coverage,12164
20443,23737,90,370,33300,full_family_coverage,12165
9823,16001,44,196,8624,full_family_coverage,12166
6195,16497,33,425,14025,full_family_coverage,12167
17552,19934,90,113,10170,full_family_coverage,12168
9381,20544,120,88,10560,full_family_coverage,12169
4644,22717,129,182,23478,full_family_coverage,12170
10341,19129,80,237,18960,full_family_coverage,12171
354,791,281,186,52266,full_family_coverage,12172
3751,17883,28,74,2072,full_family_coverage,12173
21453,23321,150,71,10650,full_family_coverage,12174
1960,15541,354,115,40710,full_family_coverage,12175
8295,16596,136,97,13192,full_family_coverage,12176
8791,15407,239,192,45888,full_family_coverage,12177
18260,20739,348,159,55332,full_family_coverage,12178
4051,5686,193,238,45934,full_family_coverage,12179
245,628,127,68,8636,full_family_coverage,12180
561,14354,50,92,4600,full_family_coverage,12181
7426,24940,118,102,12036,full_family_coverage,12182
5050,22004,300,279,83700,full_family_coverage,12183
18859,23421,77,64,4928,full_family_coverage,12184
20125,21517,44,107,4708,full_family_coverage,12185
15473,21481,80,38,3040,full_family_coverage,12186
8460,19394,81,333,26973,full_family_coverage,12187
9796,16150,72,92,6624,full_family_coverage,12188
8468,15561,61,147,8967,full_family_coverage,12189
6683,14994,63,155,9765,full_family_coverage,12190
22469,24290,256,111,28416,full_family_coverage,12191
14865,21877,76,109,8284,full_family_coverage,12192
16808,17743,82,73,5986,full_family_coverage,12193
5858,6499,105,86,9030,full_family_coverage,12194
14237,18964,165,110,18150,full_family_coverage,12195
6467,20801,30,80,2400,full_family_coverage,12196
19021,20721,33,91,3003,full_family_coverage,12197
2705,19734,65,68,4420,full_family_coverage,12198
11502,17587,172,177,30444,full_family_coverage,12199
9439,12032,126,238,29988,full_family_coverage,12200
19787,24609,16,71,1136,full_family_coverage,12201
4873,24814,112,102,11424,full_family_coverage,12202
3681,19331,62,120,7440,full_family_coverage,12203
6271,12390,256,123,31488,full_family_coverage,12204
3638,23876,46,92,4232,full_family_coverage,12205
7628,10462,83,302,25066,full_family_coverage,12206
9460,23043,81,84,6804,full_family_coverage,12207
1883,13727,71,134,9514,full_family_coverage,12208
9008,11235,347,32,11104,full_family_coverage,12209
14976,17663,129,38,4902,full_family_coverage,12210
3553,5106,274,176,48224,full_family_coverage,12211
10922,20394,147,140,20580,full_family_coverage,12212
10940,24335,64,100,6400,full_family_coverage,12213
15133,17674,32,42,1344,full_family_coverage,12214
7173,11261,105,355,37275,full_family_coverage,12215
12319,14816,92,368,33856,full_family_coverage,12216
6907,14879,129,98,12642,full_family_coverage,12217
18552,23926,126,837,105462,full_family_coverage,12218
20139,22687,37,196,7252,full_family_coverage,12219
4550,19728,97,130,12610,full_family_coverage,12220
22085,25057,75,83,6225,full_family_coverage,12221
13080,23227,398,93,37014,full_family_coverage,12222
15894,25029,213,169,35997,full_family_coverage,12223
9916,22287,82,345,28290,full_family_coverage,12224
11882,20569,17,76,1292,full_family_coverage,12225
3903,4378,44,197,8668,full_family_coverage,12226
9197,11765,42,31,1302,full_family_coverage,12227
13756,18435,92,129,11868,full_family_coverage,12228
4177,6146,58,170,9860,full_family_coverage,12229
11039,15793,148,263,38924,full_family_coverage,12230
19121,21652,84,112,9408,full_family_coverage,12231
18326,24318,54,53,2862,full_family_coverage,12232
17646,17908,87,282,24534,full_family_coverage,12233
3225,12928,76,35,2660,full_family_coverage,12234
6640,25025,76,90,6840,full_family_coverage,12235
496,3420,192,245,47040,full_family_coverage,12236
16464,19467,70,201,14070,full_family_coverage,12237
9203,9661,51,301,15351,full_family_coverage,12238
14015,17734,201,46,9246,full_family_coverage,12239
9388,18981,117,211,24687,full_family_coverage,12240
2470,5809,65,79,5135,full_family_coverage,12241
13734,24967,171,165,28215,full_family_coverage,12242
5598,25506,227,87,19749,full_family_coverage,12243
10952,24871,165,147,24255,full_family_coverage,12244
10037,16133,433,59,25547,full_family_coverage,12245
22215,25376,35,83,2905,full_family_coverage,12246
9315,22418,217,83,18011,full_family_coverage,12247
23354,25331,84,59,4956,full_family_coverage,12248
3792,5832,151,89,13439,full_family_coverage,12249
16035,23504,271,204,55284,full_family_coverage,12250
1642,25373,218,156,34008,full_family_coverage,12251
14649,15768,126,112,14112,full_family_coverage,12252
9735,20371,87,100,8700,full_family_coverage,12253
5042,22509,23,200,4600,full_family_coverage,12254
1643,4501,206,309,63654,full_family_coverage,12255
10146,14546,66,60,3960,full_family_coverage,12256
1479,12574,89,257,22873,full_family_coverage,12257
9416,19755,101,60,6060,full_family_coverage,12258
5534,11059,223,71,15833,full_family_coverage,12259
15404,16440,39,99,3861,full_family_coverage,12260
6179,12903,223,275,61325,full_family_coverage,12261
20843,23034,73,128,9344,full_family_coverage,12262
13456,23807,72,75,5400,full_family_coverage,12263
4262,10730,134,97,12998,full_family_coverage,12264
4089,8257,55,77,4235,full_family_coverage,12265
2793,11569,398,281,111838,full_family_coverage,12266
12281,13015,71,348,24708,full_family_coverage,12267
14742,23393,120,141,16920,full_family_coverage,12268
15054,18234,370,216,79920,full_family_coverage,12269
10888,24796,89,166,14774,full_family_coverage,12270
11875,16809,417,61,25437,full_family_coverage,12271
13207,23729,110,140,15400,full_family_coverage,12272
1775,15591,201,115,23115,full_family_coverage,12273
23665,24953,39,112,4368,full_family_coverage,12274
16859,23187,45,90,4050,full_family_coverage,12275
1461,8215,116,52,6032,full_family_coverage,12276
10473,23200,58,165,9570,full_family_coverage,12277
7300,21766,208,70,14560,full_family_coverage,12278
1530,19096,136,187,25432,full_family_coverage,12279
3457,16716,288,109,31392,full_family_coverage,12280
7657,23330,726,55,39930,full_family_coverage,12281
9122,20994,205,96,19680,full_family_coverage,12282
3232,12076,49,314,15386,full_family_coverage,12283
11440,19681,92,121,11132,full_family_coverage,12284
15847,20200,110,54,5940,full_family_coverage,12285
10282,18990,290,63,18270,full_family_coverage,12286
2228,12995,207,67,13869,full_family_coverage,12287
7732,11897,123,334,41082,full_family_coverage,12288
3186,16040,44,312,13728,full_family_coverage,12289
15909,20277,102,485,49470,full_family_coverage,12290
1217,15032,42,94,3948,full_family_coverage,12291
9304,22009,102,28,2856,full_family_coverage,12292
15425,17726,210,25,5250,full_family_coverage,12293
6811,10355,88,347,30536,full_family_coverage,12294
10910,23856,49,93,4557,full_family_coverage,12295
1978,19750,474,463,219462,full_family_coverage,12296
9295,10679,121,26,3146,full_family_coverage,12297
12408,15289,139,78,10842,full_family_coverage,12298
5669,10836,71,209,14839,full_family_coverage,12299
12256,15701,84,113,9492,full_family_coverage,12300
22499,24859,75,58,4350,full_family_coverage,12301
18779,24858,50,135,6750,full_family_coverage,12302
3442,8231,91,147,13377,full_family_coverage,12303
4341,6726,142,71,10082,full_family_coverage,12304
11094,20131,144,203,29232,full_family_coverage,12305
14157,23534,172,116,19952,full_family_coverage,12306
21299,22915,90,183,16470,full_family_coverage,12307
2798,17965,160,162,25920,full_family_coverage,12308
526,25492,123,30,3690,full_family_coverage,12309
1363,15088,23,81,1863,full_family_coverage,12310
14002,25024,98,64,6272,full_family_coverage,12311
3521,4635,113,86,9718,full_family_coverage,12312
15285,24106,297,81,24057,full_family_coverage,12313
12394,21863,248,96,23808,full_family_coverage,12314
19428,21771,279,63,17577,full_family_coverage,12315
19531,24207,160,29,4640,full_family_coverage,12316
9638,22354,71,126,8946,full_family_coverage,12317
16401,22912,57,83,4731,full_family_coverage,12318
9613,10894,382,117,44694,full_family_coverage,12319
11655,15669,122,57,6954,full_family_coverage,12320
4296,13410,135,186,25110,full_family_coverage,12321
11122,16123,63,118,7434,full_family_coverage,12322
3883,20787,66,92,6072,full_family_coverage,12323
8085,17055,102,58,5916,full_family_coverage,12324
11996,12640,135,162,21870,full_family_coverage,12325
4013,22406,558,85,47430,full_family_coverage,12326
6154,9695,56,105,5880,full_family_coverage,12327
1595,21020,140,182,25480,full_family_coverage,12328
5529,16279,161,31,4991,full_family_coverage,12329
482,1603,350,350,122500,full_family_coverage,12330
3378,3546,99,508,50292,full_family_coverage,12331
10376,15661,69,212,14628,full_family_coverage,12332
8489,22367,77,43,3311,full_family_coverage,12333
5966,7018,77,209,16093,full_family_coverage,12334
21249,23942,83,85,7055,full_family_coverage,12335
6137,7667,267,42,11214,full_family_coverage,12336
17356,22218,27,43,1161,full_family_coverage,12337
9965,14309,92,82,7544,full_family_coverage,12338
5724,9723,99,109,10791,full_family_coverage,12339
10563,12929,94,97,9118,full_family_coverage,12340
12258,20051,84,105,8820,full_family_coverage,12341
6064,25073,129,110,14190,full_family_coverage,12342
4490,7496,369,49,18081,full_family_coverage,12343
6784,23626,259,136,35224,full_family_coverage,12344
8236,13115,257,96,24672,full_family_coverage,12345
4878,15838,226,134,30284,full_family_coverage,12346
15107,17017,74,110,8140,full_family_coverage,12347
9932,23319,158,182,28756,full_family_coverage,12348
13019,22393,139,68,9452,full_family_coverage,12349
4866,9635,132,174,22968,full_family_coverage,12350
4887,25290,153,204,31212,full_family_coverage,12351
9713,13166,172,56,9632,full_family_coverage,12352
4468,17420,99,62,6138,full_family_coverage,12353
6007,18114,304,195,59280,full_family_coverage,12354
6049,12756,106,134,14204,full_family_coverage,12355
965,8155,277,98,27146,full_family_coverage,12356
8775,19661,212,317,67204,full_family_coverage,12357
9342,11279,157,83,13031,full_family_coverage,12358
4868,21643,183,24,4392,full_family_coverage,12359
21731,22935,97,127,12319,full_family_coverage,12360
6842,21846,143,43,6149,full_family_coverage,12361
4653,11860,280,95,26600,full_family_coverage,12362
8512,13520,242,299,72358,full_family_coverage,12363
13211,17047,81,148,11988,full_family_coverage,12364
14124,20559,129,62,7998,full_family_coverage,12365
15068,22919,93,56,5208,full_family_coverage,12366
451,16876,215,108,23220,full_family_coverage,12367
7210,25298,367,125,45875,full_family_coverage,12368
4983,6089,214,149,31886,full_family_coverage,12369
5036,9807,429,100,42900,full_family_coverage,12370
3746,21314,363,122,44286,full_family_coverage,12371
6814,11135,163,253,41239,full_family_coverage,12372
1513,18555,408,240,97920,full_family_coverage,12373
2242,25280,151,86,12986,full_family_coverage,12374
4439,24444,65,90,5850,full_family_coverage,12375
2937,21996,246,56,13776,full_family_coverage,12376
13013,17169,80,145,11600,full_family_coverage,12377
2540,20503,131,97,12707,full_family_coverage,12378
6248,18927,134,432,57888,full_family_coverage,12379
2181,14915,136,270,36720,full_family_coverage,12380
9668,15722,203,41,8323,full_family_coverage,12381
15923,16893,149,102,15198,full_family_coverage,12382
530,7236,96,131,12576,full_family_coverage,12383
7266,8516,267,221,59007,full_family_coverage,12384
11787,13842,285,64,18240,full_family_coverage,12385
15417,23668,173,180,31140,full_family_coverage,12386
972,20585,164,120,19680,full_family_coverage,12387
6538,25206,69,263,18147,full_family_coverage,12388
16811,19779,37,35,1295,full_family_coverage,12389
14769,21777,509,26,13234,full_family_coverage,12390
762,5527,20,169,3380,full_family_coverage,12391
3685,10711,47,16,752,full_family_coverage,12392
3151,18237,180,233,41940,full_family_coverage,12393
16779,19953,357,95,33915,full_family_coverage,12394
14607,18736,99,140,13860,full_family_coverage,12395
4861,23661,84,128,10752,full_family_coverage,12396
4034,18739,55,95,5225,full_family_coverage,12397
10029,24131,137,118,16166,full_family_coverage,12398
8674,12481,86,263,22618,full_family_coverage,12399
2784,7486,230,254,58420,full_family_coverage,12400
22936,23485,134,127,17018,full_family_coverage,12401
2647,14891,109,72,7848,full_family_coverage,12402
3088,7449,255,37,9435,full_family_coverage,12403
1124,3999,221,63,13923,full_family_coverage,12404
18091,20807,63,28,1764,full_family_coverage,12405
6435,9715,226,14,3164,full_family_coverage,12406
13991,17233,265,52,13780,full_family_coverage,12407
16151,21245,60,189,11340,full_family_coverage,12408
99,9819,231,193,44583,full_family_coverage,12409
15538,16030,61,263,16043,full_family_coverage,12410
5487,11834,121,176,21296,full_family_coverage,12411
7072,25193,29,29,841,full_family_coverage,12412
10780,22623,106,390,41340,full_family_coverage,12413
7137,8942,247,58,14326,full_family_coverage,12414
1379,13687,60,589,35340,full_family_coverage,12415
855,4875,205,179,36695,full_family_coverage,12416
22870,24499,360,76,27360,full_family_coverage,12417
13112,25407,175,166,29050,full_family_coverage,12418
8486,11027,79,176,13904,full_family_coverage,12419
9648,12799,142,71,10082,full_family_coverage,12420
11141,21628,152,132,20064,full_family_coverage,12421
8009,14033,46,151,6946,full_family_coverage,12422
20064,20149,114,28,3192,full_family_coverage,12423
11717,18932,37,198,7326,full_family_coverage,12424
2829,19794,369,84,30996,full_family_coverage,12425
503,21178,117,129,15093,full_family_coverage,12426
9701,22496,104,94,9776,full_family_coverage,12427
2872,24105,74,79,5846,full_family_coverage,12428
7685,20118,145,66,9570,full_family_coverage,12429
7191,18216,97,109,10573,full_family_coverage,12430
2290,19657,123,153,18819,full_family_coverage,12431
9750,23207,176,215,37840,full_family_coverage,12432
11053,16856,104,76,7904,full_family_coverage,12433
6690,11098,141,71,10011,full_family_coverage,12434
3732,6145,122,198,24156,full_family_coverage,12435
8403,20029,132,52,6864,full_family_coverage,12436
1109,10662,183,70,12810,full_family_coverage,12437
7722,8959,75,364,27300,full_family_coverage,12438
13924,21485,380,137,52060,full_family_coverage,12439
3842,8792,203,257,52171,full_family_coverage,12440
12753,24320,138,237,32706,full_family_coverage,12441
6080,20303,92,151,13892,full_family_coverage,12442
11930,19281,79,135,10665,full_family_coverage,12443
1330,5582,176,4,704,full_family_coverage,12444
5219,8778,63,387,24381,full_family_coverage,12445
1554,6125,109,307,33463,full_family_coverage,12446
10377,20290,44,72,3168,full_family_coverage,12447
10778,22244,190,105,19950,full_family_coverage,12448
5135,11142,656,177,116112,full_family_coverage,12449
3849,8639,81,88,7128,full_family_coverage,12450
11214,22953,167,129,21543,full_family_coverage,12451
17220,20344,250,130,32500,full_family_coverage,12452
7201,23105,342,47,16074,full_family_coverage,12453
23923,25115,225,76,17100,full_family_coverage,12454
9331,11937,331,60,19860,full_family_coverage,12455
15924,17418,246,220,54120,full_family_coverage,12456
9434,13526,122,70,8540,full_family_coverage,12457
19736,23487,96,128,12288,full_family_coverage,12458
3864,17972,104,111,11544,full_family_coverage,12459
10328,25508,185,273,50505,full_family_coverage,12460
8812,23304,232,171,39672,full_family_coverage,12461
21650,23322,109,95,10355,full_family_coverage,12462
14362,17173,233,56,13048,full_family_coverage,12463
21800,23118,76,52,3952,full_family_coverage,12464
4402,20861,229,105,24045,full_family_coverage,12465
15462,16862,213,56,11928,full_family_coverage,12466
1598,9501,253,339,85767,full_family_coverage,12467
12859,20133,260,16,4160,full_family_coverage,12468
5486,12579,125,122,15250,full_family_coverage,12469
8323,11972,107,20,2140,full_family_coverage,12470
9947,14813,149,22,3278,full_family_coverage,12471
9964,17796,125,139,17375,full_family_coverage,12472
8284,23335,24,498,11952,full_family_coverage,12473
19949,24432,55,180,9900,full_family_coverage,12474
3127,25355,288,246,70848,full_family_coverage,12475
20825,22430,56,263,14728,full_family_coverage,12476
7063,17873,37,77,2849,full_family_coverage,12477
4664,8150,47,179,8413,full_family_coverage,12478
13189,19788,67,171,11457,full_family_coverage,12479
14663,21484,82,92,7544,full_family_coverage,12480
17712,18242,88,217,19096,full_family_coverage,12481
3617,4704,469,330,154770,full_family_coverage,12482
12711,14367,83,814,67562,full_family_coverage,12483
924,21231,134,37,4958,full_family_coverage,12484
8793,23102,113,108,12204,full_family_coverage,12485
7838,20407,115,45,5175,full_family_coverage,12486
14884,24370,447,43,19221,full_family_coverage,12487
2331,12769,1100,185,203500,full_family_coverage,12488
4474,24367,315,352,110880,full_family_coverage,12489
300,23709,415,165,68475,full_family_coverage,12490
8733,25493,62,49,3038,full_family_coverage,12491
19568,22476,43,111,4773,full_family_coverage,12492
2469,6043,40,247,9880,full_family_coverage,12493
3115,22955,50,20,1000,full_family_coverage,12494
5309,24319,220,35,7700,full_family_coverage,12495
7150,18445,166,160,26560,full_family_coverage,12496
14477,15836,108,157,16956,full_family_coverage,12497
7705,18381,103,267,27501,full_family_coverage,12498
4556,12533,395,72,28440,full_family_coverage,12499
20694,24533,28,56,1568,full_family_coverage,12500
15990,17600,103,105,10815,full_family_coverage,12501
6196,10453,29,123,3567,full_family_coverage,12502
20907,24365,90,59,5310,full_family_coverage,12503
17249,17522,53,28,1484,full_family_coverage,12504
5138,24779,177,207,36639,full_family_coverage,12505
11923,15464,165,363,59895,full_family_coverage,12506
174,6363,76,751,57076,full_family_coverage,12507
8341,9396,27,90,2430,full_family_coverage,12508
14339,17619,90,88,7920,full_family_coverage,12509
8031,15333,78,166,12948,full_family_coverage,12510
9252,23536,184,60,11040,full_family_coverage,12511
392,15748,324,69,22356,full_family_coverage,12512
18547,21667,80,71,5680,full_family_coverage,12513
2194,15617,120,149,17880,full_family_coverage,12514
1145,2938,508,94,47752,full_family_coverage,12515
12403,13806,79,61,4819,full_family_coverage,12516
8971,18735,61,112,6832,full_family_coverage,12517
2488,14348,976,212,206912,full_family_coverage,12518
2816,18992,75,102,7650,full_family_coverage,12519
17318,22824,81,198,16038,full_family_coverage,12520
712,14051,34,552,18768,full_family_coverage,12521
6450,10969,66,310,20460,full_family_coverage,12522
4539,15443,350,108,37800,full_family_coverage,12523
705,16230,24,105,2520,full_family_coverage,12524
11455,20586,86,100,8600,full_family_coverage,12525
21870,22724,309,199,61491,full_family_coverage,12526
21955,24969,135,86,11610,full_family_coverage,12527
14751,22114,740,110,81400,full_family_coverage,12528
14793,19998,870,288,250560,full_family_coverage,12529
11527,18566,130,48,6240,full_family_coverage,12530
8062,12492,96,57,5472,full_family_coverage,12531
506,11637,88,108,9504,full_family_coverage,12532
17701,21921,244,80,19520,full_family_coverage,12533
13164,16703,85,35,2975,full_family_coverage,12534
16463,21290,66,96,6336,full_family_coverage,12535
2042,18899,64,130,8320,full_family_coverage,12536
6981,13162,93,43,3999,full_family_coverage,12537
3594,4155,71,90,6390,full_family_coverage,12538
6046,20046,66,147,9702,full_family_coverage,12539
4485,16426,167,56,9352,full_family_coverage,12540
11389,17898,168,855,143640,full_family_coverage,12541
20860,21047,136,34,4624,full_family_coverage,12542
14260,20186,175,133,23275,full_family_coverage,12543
13021,15045,75,300,22500,full_family_coverage,12544
6587,20670,164,95,15580,full_family_coverage,12545
2888,12731,568,103,58504,full_family_coverage,12546
1319,11844,107,460,49220,full_family_coverage,12547
2072,11154,47,251,11797,full_family_coverage,12548
10479,18187,248,193,47864,full_family_coverage,12549
5499,24736,183,130,23790,full_family_coverage,12550
4716,18913,79,85,6715,full_family_coverage,12551
20238,22967,53,93,4929,full_family_coverage,12552
18229,19548,103,48,4944,full_family_coverage,12553
1848,10144,63,82,5166,full_family_coverage,12554
7439,9164,6,184,1104,full_family_coverage,12555
2547,24398,136,274,37264,full_family_coverage,12556
9546,17988,103,294,30282,full_family_coverage,12557
3673,24982,104,92,9568,full_family_coverage,12558
3930,17182,51,110,5610,full_family_coverage,12559
5412,7059,241,35,8435,full_family_coverage,12560
839,23766,159,62,9858,full_family_coverage,12561
6544,7747,321,333,106893,full_family_coverage,12562
1289,19540,75,56,4200,full_family_coverage,12563
3263,5422,264,153,40392,full_family_coverage,12564
12662,16295,126,78,9828,full_family_coverage,12565
7925,8970,195,48,9360,full_family_coverage,12566
6498,8777,182,458,83356,full_family_coverage,12567
12647,19044,189,313,59157,full_family_coverage,12568
6812,19812,151,60,9060,full_family_coverage,12569
17818,23756,218,288,62784,full_family_coverage,12570
5432,15415,231,350,80850,full_family_coverage,12571
7096,17907,69,270,18630,full_family_coverage,12572
8273,11786,275,51,14025,full_family_coverage,12573
195,3565,71,113,8023,full_family_coverage,12574
9229,21452,285,101,28785,full_family_coverage,12575
20460,22362,89,51,4539,full_family_coverage,12576
1154,16097,178,216,38448,full_family_coverage,12577
13222,14749,111,106,11766,full_family_coverage,12578
3544,14356,65,193,12545,full_family_coverage,12579
18905,23677,108,93,10044,full_family_coverage,12580
11251,17112,309,102,31518,full_family_coverage,12581
2397,4319,149,15,2235,full_family_coverage,12582
10812,21672,125,274,34250,full_family_coverage,12583
10010,23395,59,60,3540,full_family_coverage,12584
17183,24190,177,122,21594,full_family_coverage,12585
10069,14664,61,74,4514,full_family_coverage,12586
5769,19012,68,141,9588,full_family_coverage,12587
7815,14579,56,51,2856,full_family_coverage,12588
2690,14009,136,73,9928,full_family_coverage,12589
6330,22074,63,116,7308,full_family_coverage,12590
384,10097,26,156,4056,full_family_coverage,12591
10774,25177,99,65,6435,full_family_coverage,12592
7267,19407,284,62,17608,full_family_coverage,12593
12148,22389,38,63,2394,full_family_coverage,12594
1945,10790,254,83,21082,full_family_coverage,12595
3482,5460,63,393,24759,full_family_coverage,12596
12074,20973,75,32,2400,full_family_coverage,12597
22505,22648,115,355,40825,full_family_coverage,12598
14179,19768,275,87,23925,full_family_coverage,12599
9761,21291,12,76,912,full_family_coverage,12600
9911,20791,169,50,8450,full_family_coverage,12601
23139,23735,103,71,7313,full_family_coverage,12602
8613,19789,285,127,36195,full_family_coverage,12603
11575,15642,684,381,260604,full_family_coverage,12604
10130,14827,122,115,14030,full_family_coverage,12605
8891,12197,66,233,15378,full_family_coverage,12606
15573,15610,131,89,11659,full_family_coverage,12607
6,8159,100,101,10100,full_family_coverage,12608
9444,11092,70,93,6510,full_family_coverage,12609
7289,14583,321,206,66126,full_family_coverage,12610
19052,21786,62,119,7378,full_family_coverage,12611
7821,23266,264,153,40392,full_family_coverage,12612
8655,11959,71,110,7810,full_family_coverage,12613
18385,19050,125,55,6875,full_family_coverage,12614
4578,4888,174,175,30450,full_family_coverage,12615
9484,13087,534,94,50196,full_family_coverage,12616
17843,23713,84,104,8736,full_family_coverage,12617
5140,8435,178,194,34532,full_family_coverage,12618
9265,13114,43,183,7869,full_family_coverage,12619
267,5425,81,149,12069,full_family_coverage,12620
11168,15655,163,176,28688,full_family_coverage,12621
6515,18558,112,150,16800,full_family_coverage,12622
846,3855,175,346,60550,full_family_coverage,12623
18668,18917,224,266,59584,full_family_coverage,12624
16104,19892,99,43,4257,full_family_coverage,12625
5319,22996,201,80,16080,full_family_coverage,12626
4000,23589,208,95,19760,full_family_coverage,12627
2055,9103,31,45,1395,full_family_coverage,12628
7668,24171,127,219,27813,full_family_coverage,12629
7293,20689,103,72,7416,full_family_coverage,12630
10063,13190,169,72,12168,full_family_coverage,12631
1186,2466,74,263,19462,full_family_coverage,12632
8135,20343,64,57,3648,full_family_coverage,12633
11347,18784,248,145,35960,full_family_coverage,12634
12570,13406,102,155,15810,full_family_coverage,12635
13104,14850,322,57,18354,full_family_coverage,12636
14864,24613,211,81,17091,full_family_coverage,12637
625,19544,151,77,11627,full_family_coverage,12638
17353,24208,282,72,20304,full_family_coverage,12639
11546,12049,155,101,15655,full_family_coverage,12640
7684,18010,82,66,5412,full_family_coverage,12641
8892,19818,76,75,5700,full_family_coverage,12642
11420,23499,89,370,32930,full_family_coverage,12643
15615,15698,12,87,1044,full_family_coverage,12644
4793,13743,33,218,7194,full_family_coverage,12645
5212,24356,64,90,5760,full_family_coverage,12646
8642,17919,95,110,10450,full_family_coverage,12647
1168,1500,467,40,18680,full_family_coverage,12648
13083,18067,71,103,7313,full_family_coverage,12649
8701,11014,138,41,5658,full_family_coverage,12650
6313,16468,201,131,26331,full_family_coverage,12651
12259,21469,290,269,78010,full_family_coverage,12652
5482,19987,363,207,75141,full_family_coverage,12653
233,25371,141,83,11703,full_family_coverage,12654
15589,23676,94,230,21620,full_family_coverage,12655
9310,11858,96,145,13920,full_family_coverage,12656
22941,24685,172,134,23048,full_family_coverage,12657
1847,5497,200,48,9600,full_family_coverage,12658
362,20327,386,62,23932,full_family_coverage,12659
2250,21101,140,70,9800,full_family_coverage,12660
14977,22962,119,102,12138,full_family_coverage,12661
9268,11541,651,48,31248,full_family_coverage,12662
10440,17345,165,270,44550,full_family_coverage,12663
8977,24995,228,380,86640,full_family_coverage,12664
15137,20079,218,85,18530,full_family_coverage,12665
55,9543,136,170,23120,full_family_coverage,12666
16256,16669,65,250,16250,full_family_coverage,12667
1269,4630,225,196,44100,full_family_coverage,12668
25185,25268,42,363,15246,full_family_coverage,12669
9137,13542,159,229,36411,full_family_coverage,12670
2906,24694,187,130,24310,full_family_coverage,12671
8869,9485,67,1079,72293,full_family_coverage,12672
15646,18858,76,99,7524,full_family_coverage,12673
1698,8113,93,75,6975,full_family_coverage,12674
5617,15861,445,43,19135,full_family_coverage,12675
552,1704,70,126,8820,full_family_coverage,12676
1918,17361,84,168,14112,full_family_coverage,12677
3928,5994,118,136,16048,full_family_coverage,12678
5781,20446,135,67,9045,full_family_coverage,12679
3826,20036,310,125,38750,full_family_coverage,12680
900,5698,467,257,120019,full_family_coverage,12681
10035,16372,130,55,7150,full_family_coverage,12682
8852,20137,91,54,4914,full_family_coverage,12683
1294,6678,654,126,82404,full_family_coverage,12684
10870,21915,913,65,59345,full_family_coverage,12685
1008,4525,336,171,57456,full_family_coverage,12686
1751,22029,297,127,37719,full_family_coverage,12687
15389,21819,115,132,15180,full_family_coverage,12688
5305,14430,48,312,14976,full_family_coverage,12689
13119,23872,339,69,23391,full_family_coverage,12690
3153,19537,120,91,10920,full_family_coverage,12691
6622,7011,235,52,12220,full_family_coverage,12692
24080,24927,228,94,21432,full_family_coverage,12693
17566,21882,43,80,3440,full_family_coverage,12694
18696,20455,85,51,4335,full_family_coverage,12695
9896,21543,79,54,4266,full_family_coverage,12696
5526,18152,219,543,118917,full_family_coverage,12697
16261,19216,238,239,56882,full_family_coverage,12698
319,21565,456,107,48792,full_family_coverage,12699
5207,23249,195,106,20670,full_family_coverage,12700
3830,24277,191,401,76591,full_family_coverage,12701
7595,13474,3,131,393,full_family_coverage,12702
2151,16792,65,102,6630,full_family_coverage,12703
8731,19791,86,34,2924,full_family_coverage,12704
14346,19663,208,97,20176,full_family_coverage,12705
11642,21982,243,120,29160,full_family_coverage,12706
20925,21637,117,134,15678,full_family_coverage,12707
2294,19130,190,73,13870,full_family_coverage,12708
8329,11361,239,149,35611,full_family_coverage,12709
8612,16429,41,68,2788,full_family_coverage,12710
6066,17341,142,141,20022,full_family_coverage,12711
20332,25205,46,80,3680,full_family_coverage,12712
6732,13934,158,314,49612,full_family_coverage,12713
5917,23059,104,151,15704,full_family_coverage,12714
13946,19969,249,211,52539,full_family_coverage,12715
19559,23581,136,120,16320,full_family_coverage,12716
92,20323,152,166,25232,full_family_coverage,12717
13889,23346,99,156,15444,full_family_coverage,12718
1922,22805,284,53,15052,full_family_coverage,12719
6419,8000,300,1077,323100,full_family_coverage,12720
1675,19830,79,153,12087,full_family_coverage,12721
9274,21579,79,164,12956,full_family_coverage,12722
13791,23361,471,90,42390,full_family_coverage,12723
5401,21859,85,110,9350,full_family_coverage,12724
246,5325,49,217,10633,full_family_coverage,12725
9240,16696,133,89,11837,full_family_coverage,12726
10110,23691,177,90,15930,full_family_coverage,12727
23331,25230,129,37,4773,full_family_coverage,12728
987,4833,307,40,12280,full_family_coverage,12729
20646,24566,118,61,7198,full_family_coverage,12730
3213,22348,25,200,5000,full_family_coverage,12731
10748,25458,135,142,19170,full_family_coverage,12732
1784,7395,101,39,3939,full_family_coverage,12733
15347,19004,130,207,26910,full_family_coverage,12734
16159,17084,149,113,16837,full_family_coverage,12735
5274,24662,206,46,9476,full_family_coverage,12736
20682,21938,79,90,7110,full_family_coverage,12737
5631,9547,84,466,39144,full_family_coverage,12738
952,17536,571,200,114200,full_family_coverage,12739
6307,19875,403,100,40300,full_family_coverage,12740
9960,22201,80,94,7520,full_family_coverage,12741
10837,15176,39,98,3822,full_family_coverage,12742
15005,18063,293,135,39555,full_family_coverage,12743
5879,20988,88,270,23760,full_family_coverage,12744
7553,9808,469,172,80668,full_family_coverage,12745
3176,24084,133,108,14364,full_family_coverage,12746
2245,7506,252,191,48132,full_family_coverage,12747
2945,23888,123,75,9225,full_family_coverage,12748
9288,22092,195,319,62205,full_family_coverage,12749
1909,19126,107,163,17441,full_family_coverage,12750
5260,23307,633,52,32916,full_family_coverage,12751
24514,25002,326,58,18908,full_family_coverage,12752
19267,22770,178,98,17444,full_family_coverage,12753
21840,24309,97,45,4365,full_family_coverage,12754
6466,10702,101,158,15958,full_family_coverage,12755
1553,25287,172,119,20468,full_family_coverage,12756
3738,12925,240,179,42960,full_family_coverage,12757
1520,19716,210,297,62370,full_family_coverage,12758
11046,13024,174,110,19140,full_family_coverage,12759
476,13234,215,99,21285,full_family_coverage,12760
11237,14390,28,433,12124,full_family_coverage,12761
3107,4538,62,282,17484,full_family_coverage,12762
6177,13835,143,123,17589,full_family_coverage,12763
413,23048,556,84,46704,full_family_coverage,12764
12178,18988,259,142,36778,full_family_coverage,12765
13203,13624,57,421,23997,full_family_coverage,12766
11034,22961,89,162,14418,full_family_coverage,12767
358,12203,240,286,68640,full_family_coverage,12768
6982,24054,337,190,64030,full_family_coverage,12769
12992,24437,97,220,21340,full_family_coverage,12770
3714,23819,179,75,13425,full_family_coverage,12771
7257,7410,121,53,6413,full_family_coverage,12772
22008,23563,91,93,8463,full_family_coverage,12773
