i,j,nfrag_i,nfrag_j,window_cells,workload_stratum,sample_rank
11296,21734,32,89,2848,Q1,1
12414,14654,83,108,8964,Q2,2
5766,24697,83,135,11205,Q3,3
2573,14619,206,104,21424,Q4,4
19079,24686,322,243,78246,Q5,5
22601,23593,21,93,1953,Q1,6
7887,24167,104,92,9568,Q2,7
18891,23289,58,254,14732,Q3,8
8424,15632,101,188,18988,Q4,9
10028,14722,151,675,101925,Q5,10
19002,21855,110,40,4400,Q1,11
15251,15802,52,124,6448,Q2,12
11246,15425,81,210,17010,Q3,13
3451,13473,174,120,20880,Q4,14
14590,25304,264,165,43560,Q5,15
15530,19209,25,201,5025,Q1,16
11501,13513,148,46,6808,Q2,17
3949,8550,71,193,13703,Q3,18
14989,23196,78,420,32760,Q4,19
941,9218,469,142,66598,Q5,20
8554,13983,19,130,2470,Q1,21
10741,11531,87,88,7656,Q2,22
22379,25152,140,108,15120,Q3,23
15686,20148,215,147,31605,Q4,24
3370,10403,237,227,53799,Q5,25
7072,13973,29,116,3364,Q1,26
9126,18023,92,99,9108,Q2,27
6124,17846,132,104,13728,Q3,28
17126,19640,154,171,26334,Q4,29
14453,21640,657,91,59787,Q5,30
9152,16188,58,47,2726,Q1,31
16789,17052,73,114,8322,Q2,32
2473,6695,101,154,15554,Q3,33
8709,15561,124,147,18228,Q4,34
3963,19794,401,84,33684,Q5,35
20665,25456,102,44,4488,Q1,36
4457,25053,91,85,7735,Q2,37
4766,5636,46,304,13984,Q3,38
16202,23023,149,193,28757,Q4,39
5967,24044,345,154,53130,Q5,40
6203,7534,30,54,1620,Q1,41
21861,25449,76,137,10412,Q2,42
9822,14661,113,103,11639,Q3,43
15283,23778,86,234,20124,Q4,44
7273,24369,169,311,52559,Q5,45
14880,19371,50,46,2300,Q1,46
17829,22526,74,90,6660,Q2,47
3500,3505,93,137,12741,Q3,48
11790,19607,150,168,25200,Q4,49
9777,18784,359,145,52055,Q5,50
12847,19562,112,45,5040,Q1,51
5320,19227,78,117,9126,Q2,52
4262,19594,134,113,15142,Q3,53
1114,9534,70,281,19670,Q4,54
5549,19109,56,1049,58744,Q5,55
408,4906,88,67,5896,Q1,56
1698,25454,93,112,10416,Q2,57
3691,24381,128,121,15488,Q3,58
1389,14374,145,144,20880,Q4,59
2114,15418,305,156,47580,Q5,60
594,24449,80,72,5760,Q1,61
1682,8198,151,71,10721,Q2,62
3447,16806,142,111,15762,Q3,63
7163,24813,351,86,30186,Q4,64
16269,19705,129,474,61146,Q5,65
6640,13804,76,55,4180,Q1,66
13971,21071,162,52,8424,Q2,67
9972,15395,70,242,16940,Q3,68
11714,21653,195,116,22620,Q4,69
15228,23925,164,544,89216,Q5,70
16963,20476,24,118,2832,Q1,71
6779,22938,145,66,9570,Q2,72
9954,15001,67,193,12931,Q3,73
10305,24428,64,310,19840,Q4,74
7530,13615,697,381,265557,Q5,75
11040,11210,61,56,3416,Q1,76
4456,12419,80,88,7040,Q2,77
11204,13703,168,94,15792,Q3,78
4047,22697,73,273,19929,Q4,79
11631,24276,503,105,52815,Q5,80
10549,24295,34,35,1190,Q1,81
6197,12968,67,134,8978,Q2,82
10854,21064,236,56,13216,Q3,83
14674,21103,134,139,18626,Q4,84
18958,20988,179,270,48330,Q5,85
19825,23775,92,58,5336,Q1,86
1073,16050,140,72,10080,Q2,87
24337,24599,33,373,12309,Q3,88
4583,21189,281,75,21075,Q4,89
2486,14635,804,169,135876,Q5,90
19036,22163,65,44,2860,Q1,91
18550,21240,123,72,8856,Q2,92
7904,15114,102,133,13566,Q3,93
5884,17206,252,85,21420,Q4,94
5686,14770,238,189,44982,Q5,95
618,22546,37,90,3330,Q1,96
13214,19075,50,126,6300,Q2,97
423,7485,79,138,10902,Q3,98
15591,18103,115,284,32660,Q4,99
9067,11145,332,278,92296,Q5,100
4954,16481,57,90,5130,Q1,101
22187,24705,140,45,6300,Q2,102
17196,22724,60,199,11940,Q3,103
1413,11130,185,162,29970,Q4,104
937,11740,435,196,85260,Q5,105
8337,16031,53,94,4982,Q1,106
1307,5517,127,59,7493,Q2,107
3403,23515,169,79,13351,Q3,108
4603,5827,152,215,32680,Q4,109
12035,15914,237,537,127269,Q5,110
747,6268,25,105,2625,Q1,111
9788,17728,147,71,10437,Q2,112
19103,23631,93,131,12183,Q3,113
13712,22349,202,97,19594,Q4,114
7143,20718,739,83,61337,Q5,115
220,22572,58,49,2842,Q1,116
12604,22933,139,57,7923,Q2,117
5486,25199,125,131,16375,Q3,118
21463,25040,273,86,23478,Q4,119
4361,25256,186,186,34596,Q5,120
49,13561,44,88,3872,Q1,121
17465,19626,50,201,10050,Q2,122
14234,23419,46,241,11086,Q3,123
2081,14875,241,85,20485,Q4,124
4599,6551,145,309,44805,Q5,125
11167,20335,64,37,2368,Q1,126
10235,12267,129,60,7740,Q2,127
13831,22083,231,75,17325,Q3,128
5883,23443,248,125,31000,Q4,129
8810,10294,361,118,42598,Q5,130
12613,20048,62,38,2356,Q1,131
5801,10358,91,92,8372,Q2,132
12604,23042,139,83,11537,Q3,133
12426,24732,56,344,19264,Q4,134
19565,22941,237,172,40764,Q5,135
15703,17200,81,34,2754,Q1,136
16728,19665,94,71,6674,Q2,137
9949,19871,62,262,16244,Q3,138
5976,6026,138,210,28980,Q4,139
3585,8192,228,308,70224,Q5,140
11449,15272,69,58,4002,Q1,141
11430,17428,102,105,10710,Q2,142
2586,22761,153,102,15606,Q3,143
5231,7568,137,153,20961,Q4,144
2114,18985,305,219,66795,Q5,145
12996,17461,58,83,4814,Q1,146
10063,17144,169,49,8281,Q2,147
11599,15868,142,100,14200,Q3,148
6925,12270,75,286,21450,Q4,149
14164,17991,190,408,77520,Q5,150
6884,24875,111,20,2220,Q1,151
2745,18187,54,193,10422,Q2,152
9389,16205,79,220,17380,Q3,153
6890,13984,180,173,31140,Q4,154
16685,19495,345,515,177675,Q5,155
26,20107,84,19,1596,Q1,156
6698,19036,142,65,9230,Q2,157
2914,23477,96,135,12960,Q3,158
9620,24471,137,218,29866,Q4,159
4911,11012,181,236,42716,Q5,160
6877,14346,25,208,5200,Q1,161
3122,25185,162,42,6804,Q2,162
17264,19656,81,146,11826,Q3,163
12984,14260,135,175,23625,Q4,164
5515,8303,519,167,86673,Q5,165
12760,23766,16,62,992,Q1,166
17535,25446,129,80,10320,Q2,167
18683,24194,140,123,17220,Q3,168
17570,24996,140,158,22120,Q4,169
19388,22648,135,355,47925,Q5,170
520,21342,62,73,4526,Q1,171
17239,23669,75,92,6900,Q2,172
8650,21592,78,153,11934,Q3,173
17069,17504,211,100,21100,Q4,174
18236,25358,206,213,43878,Q5,175
5386,11233,105,28,2940,Q1,176
14547,22112,73,85,6205,Q2,177
3502,15737,250,66,16500,Q3,178
9129,23978,68,419,28492,Q4,179
1259,22263,323,349,112727,Q5,180
11694,13100,64,63,4032,Q1,181
12805,17955,84,94,7896,Q2,182
15249,16292,334,39,13026,Q3,183
2251,16756,465,67,31155,Q4,184
11919,14974,272,269,73168,Q5,185
5569,24782,57,32,1824,Q1,186
1908,15595,51,141,7191,Q2,187
11028,20394,104,140,14560,Q3,188
4604,13854,163,153,24939,Q4,189
13706,19641,218,380,82840,Q5,190
6828,18984,70,80,5600,Q1,191
3483,11435,52,209,10868,Q2,192
2073,4751,212,74,15688,Q3,193
15734,24912,120,261,31320,Q4,194
210,7666,220,547,120340,Q5,195
16531,18843,104,54,5616,Q1,196
4692,10691,70,147,10290,Q2,197
7935,25045,129,108,13932,Q3,198
8043,14372,325,81,26325,Q4,199
3566,12176,390,103,40170,Q5,200
4089,12266,55,88,4840,Q1,201
571,20485,77,82,6314,Q2,202
19032,22592,427,31,13237,Q3,203
15253,25311,113,189,21357,Q4,204
12603,13961,317,167,52939,Q5,205
9761,23730,12,121,1452,Q1,206
4302,19526,61,144,8784,Q2,207
12232,22741,84,157,13188,Q3,208
14430,14663,312,82,25584,Q4,209
13509,18288,124,625,77500,Q5,210
11101,11901,46,10,460,Q1,211
6446,13965,104,76,7904,Q2,212
2275,16365,111,130,14430,Q3,213
6413,10892,397,79,31363,Q4,214
3301,5619,397,317,125849,Q5,215
16731,22762,42,51,2142,Q1,216
8711,24727,69,88,6072,Q2,217
4431,20121,173,87,15051,Q3,218
126,21260,174,126,21924,Q4,219
9910,14511,168,651,109368,Q5,220
17166,21054,19,60,1140,Q1,221
18055,21120,69,120,8280,Q2,222
12139,19183,142,83,11786,Q3,223
15960,23929,50,558,27900,Q4,224
1588,11119,456,358,163248,Q5,225
5472,7756,46,65,2990,Q1,226
8044,19206,86,92,7912,Q2,227
9695,21266,105,121,12705,Q3,228
11741,18481,103,239,24617,Q4,229
4432,23538,374,322,120428,Q5,230
13896,19914,24,130,3120,Q1,231
5886,6991,106,69,7314,Q2,232
6483,9863,213,62,13206,Q3,233
13869,23462,120,178,21360,Q4,234
14925,17365,1107,145,160515,Q5,235
1619,9716,73,72,5256,Q1,236
11137,20860,64,136,8704,Q2,237
8781,23423,114,145,16530,Q3,238
9083,11764,169,171,28899,Q4,239
258,2181,332,136,45152,Q5,240
215,12357,4,101,404,Q1,241
14604,24591,107,87,9309,Q2,242
19095,24290,152,111,16872,Q3,243
12369,22488,152,213,32376,Q4,244
7780,11450,161,377,60697,Q5,245
16023,18576,12,77,924,Q1,246
526,22422,123,50,6150,Q2,247
10877,14028,87,188,16356,Q3,248
9816,12597,250,128,32000,Q4,249
14158,23331,298,129,38442,Q5,250
19198,21714,80,69,5520,Q1,251
1712,17826,77,79,6083,Q2,252
21537,25257,95,168,15960,Q3,253
3118,22396,430,77,33110,Q4,254
1354,7655,196,271,53116,Q5,255
25185,25501,42,94,3948,Q1,256
8296,20501,131,58,7598,Q2,257
3259,3926,64,195,12480,Q3,258
4707,24310,517,42,21714,Q4,259
13989,21109,675,164,110700,Q5,260
12275,22950,48,87,4176,Q1,261
2039,2716,71,138,9798,Q2,262
919,12920,87,172,14964,Q3,263
5192,12452,357,68,24276,Q4,264
4830,11057,130,269,34970,Q5,265
2768,12961,256,22,5632,Q1,266
4669,20450,70,154,10780,Q2,267
559,24781,136,129,17544,Q3,268
240,20258,282,112,31584,Q4,269
3763,20277,118,485,57230,Q5,270
18216,24321,109,38,4142,Q1,271
17224,18130,47,205,9635,Q2,272
1378,15732,207,63,13041,Q3,273
10900,24868,181,115,20815,Q4,274
1201,18538,296,179,52984,Q5,275
6133,17913,20,175,3500,Q1,276
14044,16012,65,164,10660,Q2,277
16280,23812,89,162,14418,Q3,278
7627,16139,124,205,25420,Q4,279
13522,20165,278,124,34472,Q5,280
7420,8441,30,84,2520,Q1,281
7635,19483,97,78,7566,Q2,282
6361,25262,108,143,15444,Q3,283
3710,23542,193,101,19493,Q4,284
3932,23796,279,135,37665,Q5,285
15174,21861,50,76,3800,Q1,286
7401,12153,125,60,7500,Q2,287
19844,20699,100,173,17300,Q3,288
6645,16217,259,75,19425,Q4,289
23190,23756,116,288,33408,Q5,290
10467,13701,121,31,3751,Q1,291
2625,12754,95,89,8455,Q2,292
21620,24119,56,225,12600,Q3,293
15411,18206,154,128,19712,Q4,294
8868,19652,180,403,72540,Q5,295
19006,20896,114,41,4674,Q1,296
8895,8911,96,82,7872,Q2,297
16902,18255,120,118,14160,Q3,298
51,15799,131,147,19257,Q4,299
5921,20950,412,217,89404,Q5,300
10942,18949,86,68,5848,Q1,301
6722,21975,78,115,8970,Q2,302
4107,8267,201,69,13869,Q3,303
10498,21737,122,181,22082,Q4,304
1347,22782,163,302,49226,Q5,305
163,25261,120,31,3720,Q1,306
2030,11378,38,176,6688,Q2,307
19782,23837,114,121,13794,Q3,308
10031,12709,115,226,25990,Q4,309
3351,3976,328,166,54448,Q5,310
1027,23799,156,19,2964,Q1,311
12153,24967,60,165,9900,Q2,312
17883,22284,74,208,15392,Q3,313
7210,22842,367,75,27525,Q4,314
11339,22473,267,190,50730,Q5,315
13701,13952,31,140,4340,Q1,316
10321,17529,51,170,8670,Q2,317
4586,14618,175,75,13125,Q3,318
5186,8903,105,200,21000,Q4,319
573,10986,152,469,71288,Q5,320
3579,22303,52,26,1352,Q1,321
2931,6459,188,34,6392,Q2,322
1092,4487,173,72,12456,Q3,323
4480,9321,58,368,21344,Q4,324
905,6646,154,495,76230,Q5,325
7476,9944,38,110,4180,Q1,326
9788,21301,147,58,8526,Q2,327
17763,18305,47,263,12361,Q3,328
12051,21721,97,336,32592,Q4,329
3022,23478,327,105,34335,Q5,330
8733,15677,62,83,5146,Q1,331
1703,2621,190,35,6650,Q2,332
2130,23257,62,195,12090,Q3,333
11752,16944,156,137,21372,Q4,334
5389,11592,375,102,38250,Q5,335
454,4590,33,48,1584,Q1,336
23387,24415,104,100,10400,Q2,337
6480,16812,373,37,13801,Q3,338
3790,4485,162,167,27054,Q4,339
6693,15568,183,249,45567,Q5,340
6221,13715,75,54,4050,Q1,341
8615,17169,51,145,7395,Q2,342
25004,25190,151,112,16912,Q3,343
1410,10376,404,69,27876,Q4,344
357,20740,363,126,45738,Q5,345
16360,23507,58,30,1740,Q1,346
6177,8368,143,73,10439,Q2,347
6493,14825,174,86,14964,Q3,348
2878,13521,104,196,20384,Q4,349
5887,15977,186,209,38874,Q5,350
6623,14478,40,126,5040,Q1,351
5182,17045,228,42,9576,Q2,352
11813,12941,196,57,11172,Q3,353
15290,18976,107,224,23968,Q4,354
18147,24213,232,237,54984,Q5,355
21815,21822,160,29,4640,Q1,356
19580,22721,157,59,9263,Q2,357
11498,15960,279,50,13950,Q3,358
11742,16348,318,73,23214,Q4,359
13953,18538,636,179,113844,Q5,360
7777,10769,63,71,4473,Q1,361
6770,18750,85,74,6290,Q2,362
13042,16459,84,181,15204,Q3,363
2195,11878,74,322,23828,Q4,364
3705,22626,149,349,52001,Q5,365
18690,20637,91,57,5187,Q1,366
8567,14013,124,55,6820,Q2,367
6141,20117,164,99,16236,Q3,368
13297,18353,206,92,18952,Q4,369
465,14966,151,698,105398,Q5,370
15490,20357,79,53,4187,Q1,371
8680,16342,117,65,7605,Q2,372
5102,12273,126,133,16758,Q3,373
10364,11426,116,161,18676,Q4,374
1601,13537,882,231,203742,Q5,375
491,14008,62,45,2790,Q1,376
5038,9088,76,118,8968,Q2,377
10556,11767,29,464,13456,Q3,378
6799,20143,112,187,20944,Q4,379
9331,12763,331,161,53291,Q5,380
9579,17542,44,25,1100,Q1,381
16220,17682,56,188,10528,Q2,382
4261,9071,104,116,12064,Q3,383
12603,18749,317,67,21239,Q4,384
6281,24728,302,120,36240,Q5,385
10679,16931,26,86,2236,Q1,386
120,24638,24,355,8520,Q2,387
18229,23938,103,160,16480,Q3,388
1122,22558,402,65,26130,Q4,389
10984,23146,404,146,58984,Q5,390
17263,18965,92,34,3128,Q1,391
796,21109,37,164,6068,Q2,392
8296,24775,131,119,15589,Q3,393
4101,11354,70,369,25830,Q4,394
2098,12401,341,222,75702,Q5,395
22393,22963,68,57,3876,Q1,396
2109,16807,95,96,9120,Q2,397
13281,24117,196,91,17836,Q3,398
10440,12009,165,158,26070,Q4,399
4102,4958,225,200,45000,Q5,400
14388,24921,83,64,5312,Q1,401
12609,20351,155,50,7750,Q2,402
11759,15102,95,145,13775,Q3,403
3854,14336,166,189,31374,Q4,404
3011,5014,489,331,161859,Q5,405
9278,19201,90,43,3870,Q1,406
8279,21024,118,88,10384,Q2,407
11552,13597,102,134,13668,Q3,408
720,12965,344,81,27864,Q4,409
313,17958,472,141,66552,Q5,410
4687,23761,96,55,5280,Q1,411
4808,8373,137,51,6987,Q2,412
5264,7173,135,105,14175,Q3,413
5760,6785,88,366,32208,Q4,414
4982,10969,122,310,37820,Q5,415
8731,11605,86,28,2408,Q1,416
16843,22995,48,186,8928,Q2,417
2857,10270,231,69,15939,Q3,418
21535,23254,125,155,19375,Q4,419
12352,18151,249,558,138942,Q5,420
22311,22452,164,30,4920,Q1,421
6397,19012,71,141,10011,Q2,422
12190,12411,105,157,16485,Q3,423
1844,2381,80,229,18320,Q4,424
9319,20513,217,162,35154,Q5,425
7641,14088,65,81,5265,Q1,426
5993,17720,204,35,7140,Q2,427
9300,19955,125,101,12625,Q3,428
3747,8935,161,125,20125,Q4,429
3241,22997,407,173,70411,Q5,430
8574,10306,17,130,2210,Q1,431
10795,14971,38,231,8778,Q2,432
758,12053,136,90,12240,Q3,433
3310,10765,200,95,19000,Q4,434
2991,9742,519,127,65913,Q5,435
17581,18615,46,104,4784,Q1,436
23022,24737,48,164,7872,Q2,437
9945,15977,64,209,13376,Q3,438
11164,21743,163,174,28362,Q4,439
3235,6012,157,327,51339,Q5,440
4856,20070,20,41,820,Q1,441
20020,23595,143,65,9295,Q2,442
3268,23418,100,112,11200,Q3,443
501,7204,91,331,30121,Q4,444
4676,12544,633,63,39879,Q5,445
8682,9571,94,36,3384,Q1,446
10049,20001,85,116,9860,Q2,447
11912,16324,233,53,12349,Q3,448
9683,11747,452,71,32092,Q4,449
10352,14096,66,515,33990,Q5,450
6730,22078,50,55,2750,Q1,451
12110,23878,45,136,6120,Q2,452
3752,24390,130,85,11050,Q3,453
7738,9488,125,245,30625,Q4,454
1119,14170,204,436,88944,Q5,455
4694,6525,55,93,5115,Q1,456
19093,25346,74,134,9916,Q2,457
1646,22835,102,166,16932,Q3,458
13211,18480,81,237,19197,Q4,459
7272,22782,128,302,38656,Q5,460
5804,11525,97,42,4074,Q1,461
14617,22758,108,65,7020,Q2,462
3093,18682,199,57,11343,Q3,463
4939,21296,287,80,22960,Q4,464
6511,11415,114,296,33744,Q5,465
13850,20830,74,40,2960,Q1,466
15384,24111,66,162,10692,Q2,467
7311,11098,245,71,17395,Q3,468
8236,15273,257,84,21588,Q4,469
230,6642,91,521,47411,Q5,470
4894,12153,73,60,4380,Q1,471
19099,24830,154,63,9702,Q2,472
15875,21649,109,129,14061,Q3,473
5447,19606,102,294,29988,Q4,474
4149,6390,212,430,91160,Q5,475
10975,13365,51,76,3876,Q1,476
13650,25061,165,50,8250,Q2,477
9216,17964,89,170,15130,Q3,478
65,3892,458,43,19694,Q4,479
4274,19394,367,333,122211,Q5,480
2541,17687,59,91,5369,Q1,481
7986,12130,74,85,6290,Q2,482
2776,24357,61,280,17080,Q3,483
17602,24445,85,241,20485,Q4,484
5985,19924,409,91,37219,Q5,485
8487,20263,38,35,1330,Q1,486
3895,15550,48,150,7200,Q2,487
1302,16400,205,60,12300,Q3,488
15315,23056,192,170,32640,Q4,489
8156,16019,197,230,45310,Q5,490
74,8280,65,91,5915,Q1,491
13548,21107,125,66,8250,Q2,492
2083,10193,68,183,12444,Q3,493
21975,24065,115,288,33120,Q4,494
1170,8876,432,121,52272,Q5,495
6277,9744,52,8,416,Q1,496
9797,16929,105,68,7140,Q2,497
18038,23663,91,171,15561,Q3,498
3867,17214,307,74,22718,Q4,499
3029,3437,652,236,153872,Q5,500
15644,16128,59,99,5841,Q1,501
21936,25430,105,80,8400,Q2,502
22120,24906,122,119,14518,Q3,503
12769,23516,185,180,33300,Q4,504
455,6591,401,167,66967,Q5,505
22278,22598,187,24,4488,Q1,506
18657,21569,114,54,6156,Q2,507
11311,23841,51,227,11577,Q3,508
805,1677,84,250,21000,Q4,509
15917,23681,237,155,36735,Q5,510
13969,18342,145,33,4785,Q1,511
9987,23535,99,76,7524,Q2,512
4826,11709,180,76,13680,Q3,513
15992,22625,252,95,23940,Q4,514
4747,25541,418,112,46816,Q5,515
17462,24728,33,120,3960,Q1,516
14862,25483,72,85,6120,Q2,517
3970,10132,173,76,13148,Q3,518
9793,25254,154,138,21252,Q4,519
5317,10858,173,276,47748,Q5,520
1283,3611,37,36,1332,Q1,521
8689,16520,131,68,8908,Q2,522
16001,22424,196,76,14896,Q3,523
5011,6812,156,151,23556,Q4,524
2571,4601,242,238,57596,Q5,525
15132,18645,47,120,5640,Q1,526
1680,19791,199,34,6766,Q2,527
1881,3767,205,84,17220,Q3,528
10692,19326,79,248,19592,Q4,529
7240,24699,269,197,52993,Q5,530
10119,23667,46,42,1932,Q1,531
3523,8181,69,108,7452,Q2,532
17487,17935,126,144,18144,Q3,533
6627,12289,125,222,27750,Q4,534
15868,16338,100,716,71600,Q5,535
16085,23232,46,53,2438,Q1,536
7881,13415,84,128,10752,Q2,537
8322,13801,113,97,10961,Q3,538
8138,15898,131,208,27248,Q4,539
4746,9485,146,1079,157534,Q5,540
10780,23367,106,39,4134,Q1,541
1737,16701,52,168,8736,Q2,542
1966,16428,241,52,12532,Q3,543
16052,21398,327,68,22236,Q4,544
3289,14576,276,222,61272,Q5,545
188,2330,87,45,3915,Q1,546
1653,20348,190,40,7600,Q2,547
6927,18140,63,211,13293,Q3,548
2538,16226,198,108,21384,Q4,549
10427,23719,993,36,35748,Q5,550
16857,22340,80,38,3040,Q1,551
13137,17978,65,108,7020,Q2,552
3623,15359,154,113,17402,Q3,553
4513,13140,129,202,26058,Q4,554
11574,14908,425,85,36125,Q5,555
1171,22609,237,24,5688,Q1,556
3242,10546,75,97,7275,Q2,557
14071,19547,75,157,11775,Q3,558
8595,20384,244,88,21472,Q4,559
2916,13040,597,62,37014,Q5,560
4970,15993,35,121,4235,Q1,561
12773,20335,206,37,7622,Q2,562
13324,20088,105,119,12495,Q3,563
9048,23474,153,195,29835,Q4,564
726,2483,246,311,76506,Q5,565
1431,23357,132,34,4488,Q1,566
8183,11759,85,95,8075,Q2,567
1295,19072,92,154,14168,Q3,568
7630,18136,93,196,18228,Q4,569
4174,21550,912,148,134976,Q5,570
134,16555,55,84,4620,Q1,571
516,2622,69,138,9522,Q2,572
13997,23495,92,180,16560,Q3,573
15184,20495,280,99,27720,Q4,574
4150,7028,484,169,81796,Q5,575
11549,22513,30,114,3420,Q1,576
7598,14348,36,212,7632,Q2,577
13785,16986,143,88,12584,Q3,578
1476,10274,240,79,18960,Q4,579
5119,21140,939,167,156813,Q5,580
6786,10926,29,185,5365,Q1,581
16485,21770,169,51,8619,Q2,582
4648,8066,57,219,12483,Q3,583
19662,22250,214,94,20116,Q4,584
2257,2781,196,447,87612,Q5,585
11952,24312,179,28,5012,Q1,586
12799,24372,71,95,6745,Q2,587
19472,22753,108,102,11016,Q3,588
13845,14144,365,59,21535,Q4,589
5098,7694,754,99,74646,Q5,590
10558,15337,27,51,1377,Q1,591
1289,22489,75,134,10050,Q2,592
789,24170,160,100,16000,Q3,593
10007,22295,65,320,20800,Q4,594
4738,15186,355,157,55735,Q5,595
20150,23056,29,170,4930,Q1,596
9891,10597,72,134,9648,Q2,597
1296,25059,139,103,14317,Q3,598
6760,23861,133,146,19418,Q4,599
279,10545,105,367,38535,Q5,600
10126,21561,62,69,4278,Q1,601
16364,18464,157,56,8792,Q2,602
18178,22694,260,61,15860,Q3,603
1569,1767,294,70,20580,Q4,604
3142,7937,241,343,82663,Q5,605
18464,21173,56,76,4256,Q1,606
15881,16290,116,93,10788,Q2,607
10175,14711,112,157,17584,Q3,608
6519,10324,195,135,26325,Q4,609
906,20904,405,118,47790,Q5,610
15567,24247,86,67,5762,Q1,611
6009,22665,58,154,8932,Q2,612
6627,21849,125,99,12375,Q3,613
9461,11406,176,166,29216,Q4,614
2006,24143,249,233,58017,Q5,615
16524,24888,57,40,2280,Q1,616
2240,19409,32,337,10784,Q2,617
1208,11368,72,235,16920,Q3,618
8992,14146,139,159,22101,Q4,619
437,8611,245,247,60515,Q5,620
5338,21621,85,60,5100,Q1,621
10114,11538,65,144,9360,Q2,622
12924,23513,135,100,13500,Q3,623
6000,6301,308,78,24024,Q4,624
3926,13551,195,225,43875,Q5,625
4566,12649,87,43,3741,Q1,626
2863,8876,70,121,8470,Q2,627
276,4886,133,94,12502,Q3,628
7094,22292,97,204,19788,Q4,629
11936,20769,144,532,76608,Q5,630
5064,21531,127,43,5461,Q1,631
1882,16874,114,55,6270,Q2,632
2461,16337,126,95,11970,Q3,633
809,13789,271,80,21680,Q4,634
12473,19298,306,165,50490,Q5,635
309,6067,31,68,2108,Q1,636
6947,24793,71,142,10082,Q2,637
14869,24427,134,122,16348,Q3,638
4360,24425,192,98,18816,Q4,639
12180,15409,270,153,41310,Q5,640
7196,11346,34,76,2584,Q1,641
8464,18011,95,81,7695,Q2,642
1646,16600,102,111,11322,Q3,643
1228,24573,180,183,32940,Q4,644
894,16004,314,109,34226,Q5,645
7609,21338,26,83,2158,Q1,646
15439,20558,126,83,10458,Q2,647
12261,14129,124,100,12400,Q3,648
902,1525,166,169,28054,Q4,649
7319,20277,192,485,93120,Q5,650
2658,15032,45,94,4230,Q1,651
10454,15410,99,77,7623,Q2,652
8171,21005,114,149,16986,Q3,653
1760,18734,266,124,32984,Q4,654
2775,9306,297,168,49896,Q5,655
4692,10283,70,49,3430,Q1,656
8686,18979,137,46,6302,Q2,657
2043,6962,33,344,11352,Q3,658
7941,19260,75,281,21075,Q4,659
5420,8223,244,193,47092,Q5,660
20451,22963,58,57,3306,Q1,661
7369,12091,26,278,7228,Q2,662
13396,25113,78,146,11388,Q3,663
3119,7892,225,114,25650,Q4,664
16106,23955,158,217,34286,Q5,665
13023,22147,62,65,4030,Q1,666
8575,11639,133,77,10241,Q2,667
6130,9227,68,210,14280,Q3,668
13368,21300,205,89,18245,Q4,669
37,3815,307,168,51576,Q5,670
3339,14660,52,83,4316,Q1,671
19488,22553,81,116,9396,Q2,672
11215,25507,85,207,17595,Q3,673
12431,16385,246,118,29028,Q4,674
2297,11428,437,95,41515,Q5,675
7902,19885,59,71,4189,Q1,676
17103,25254,62,138,8556,Q2,677
8524,20823,89,127,11303,Q3,678
11225,21976,128,254,32512,Q4,679
3038,11270,341,234,79794,Q5,680
16876,20855,108,49,5292,Q1,681
18268,18479,117,76,8892,Q2,682
2296,9905,192,79,15168,Q3,683
4644,5576,129,240,30960,Q4,684
13432,14036,220,177,38940,Q5,685
12364,16067,65,50,3250,Q1,686
4987,12692,95,79,7505,Q2,687
6688,7105,70,254,17780,Q3,688
19504,24044,158,154,24332,Q4,689
17388,23660,82,481,39442,Q5,690
19848,20071,47,124,5828,Q1,691
4719,15675,137,61,8357,Q2,692
4034,5813,55,209,11495,Q3,693
6082,23328,593,33,19569,Q4,694
4282,6284,255,175,44625,Q5,695
13053,19229,40,96,3840,Q1,696
1635,7943,190,47,8930,Q2,697
9987,18558,99,150,14850,Q3,698
2220,5464,255,77,19635,Q4,699
407,24453,537,110,59070,Q5,700
7449,8729,37,59,2183,Q1,701
4452,7851,116,87,10092,Q2,702
10652,23312,104,110,11440,Q3,703
3797,12158,475,59,28025,Q4,704
2623,12650,292,121,35332,Q5,705
1039,5963,132,29,3828,Q1,706
3021,21417,157,64,10048,Q2,707
4644,19441,129,99,12771,Q3,708
19270,24666,262,93,24366,Q4,709
6784,13320,259,180,46620,Q5,710
1290,23000,55,105,5775,Q1,711
14948,19551,79,97,7663,Q2,712
13495,19278,124,100,12400,Q3,713
17030,18419,123,179,22017,Q4,714
15742,18469,109,416,45344,Q5,715
1442,22159,73,60,4380,Q1,716
2504,2550,91,81,7371,Q2,717
9598,15746,111,103,11433,Q3,718
4128,19726,105,236,24780,Q4,719
2631,15982,250,188,47000,Q5,720
1737,21151,52,93,4836,Q1,721
6687,19594,86,113,9718,Q2,722
12244,12640,85,162,13770,Q3,723
5969,9173,105,217,22785,Q4,724
1076,3197,216,204,44064,Q5,725
5339,9855,64,72,4608,Q1,726
18705,24774,162,47,7614,Q2,727
4047,6763,73,215,15695,Q3,728
2682,17957,228,109,24852,Q4,729
4627,15420,254,200,50800,Q5,730
3689,7004,73,37,2701,Q1,731
2022,20415,233,44,10252,Q2,732
9833,12214,94,139,13066,Q3,733
9784,10225,169,138,23322,Q4,734
1259,9324,323,205,66215,Q5,735
1329,12997,36,42,1512,Q1,736
10708,24276,90,105,9450,Q2,737
4885,21063,135,92,12420,Q3,738
3728,23316,143,161,23023,Q4,739
1546,1894,99,480,47520,Q5,740
6162,7305,61,79,4819,Q1,741
16274,17698,51,182,9282,Q2,742
12001,23089,267,62,16554,Q3,743
11881,17027,339,91,30849,Q4,744
5153,9597,443,382,169226,Q5,745
17858,21490,80,71,5680,Q1,746
412,13654,83,123,10209,Q2,747
1182,21961,106,115,12190,Q3,748
6059,12427,103,239,24617,Q4,749
132,22300,511,172,87892,Q5,750
7061,19012,13,141,1833,Q1,751
3864,6299,104,61,6344,Q2,752
1729,3836,106,125,13250,Q3,753
16225,25268,60,363,21780,Q4,754
7993,14055,203,228,46284,Q5,755
4506,20936,95,63,5985,Q1,756
2666,12569,79,124,9796,Q2,757
9037,24066,97,179,17363,Q3,758
18004,24223,142,139,19738,Q4,759
10549,17912,34,1057,35938,Q5,760
12867,22721,78,59,4602,Q1,761
31,14885,98,89,8722,Q2,762
14707,24862,108,110,11880,Q3,763
13668,15129,142,158,22436,Q4,764
1773,14993,266,203,53998,Q5,765
14639,19128,27,185,4995,Q1,766
7816,8131,137,59,8083,Q2,767
10158,14419,248,47,11656,Q3,768
532,7272,200,128,25600,Q4,769
954,1408,155,223,34565,Q5,770
18843,23784,54,82,4428,Q1,771
11065,23296,164,61,10004,Q2,772
7236,8111,131,103,13493,Q3,773
1796,5397,161,129,20769,Q4,774
9543,18763,170,293,49810,Q5,775
7558,8756,56,85,4760,Q1,776
12143,16254,79,82,6478,Q2,777
3226,23602,190,72,13680,Q3,778
13971,20672,162,141,22842,Q4,779
3846,18069,276,143,39468,Q5,780
7841,16751,23,152,3496,Q1,781
12382,24727,101,88,8888,Q2,782
7142,22751,128,86,11008,Q3,783
14698,18661,319,61,19459,Q4,784
7657,10893,726,139,100914,Q5,785
7684,23632,82,38,3116,Q1,786
6549,7529,160,52,8320,Q2,787
8156,18881,197,76,14972,Q3,788
7880,15393,160,207,33120,Q4,789
10315,18003,88,484,42592,Q5,790
8197,24475,47,71,3337,Q1,791
13906,18904,172,57,9804,Q2,792
4549,8035,390,39,15210,Q3,793
3603,11797,126,166,20916,Q4,794
8149,9155,108,555,59940,Q5,795
10105,15351,75,47,3525,Q1,796
5046,12593,168,47,7896,Q2,797
2885,20681,73,183,13359,Q3,798
870,21007,179,158,28282,Q4,799
6990,24094,251,143,35893,Q5,800
10583,14234,90,46,4140,Q1,801
12906,22951,94,74,6956,Q2,802
3958,16977,362,45,16290,Q3,803
11293,25259,138,135,18630,Q4,804
392,22106,324,142,46008,Q5,805
7474,15614,21,83,1743,Q1,806
18278,21417,99,64,6336,Q2,807
3836,25298,125,125,15625,Q3,808
5216,20703,180,111,19980,Q4,809
6157,12518,116,288,33408,Q5,810
434,10863,27,71,1917,Q1,811
15108,19245,114,68,7752,Q2,812
16114,17034,97,124,12028,Q3,813
5070,13429,80,302,24160,Q4,814
5210,9341,234,499,116766,Q5,815
7429,21186,26,70,1820,Q1,816
12805,18311,84,91,7644,Q2,817
8229,17810,96,158,15168,Q3,818
7034,20644,80,238,19040,Q4,819
8780,9461,429,176,75504,Q5,820
3346,20218,58,47,2726,Q1,821
1033,15706,174,47,8178,Q2,822
12800,15078,225,51,11475,Q3,823
4074,24909,201,120,24120,Q4,824
2408,15264,301,170,51170,Q5,825
721,5465,42,19,798,Q1,826
5578,14011,208,47,9776,Q2,827
10629,10854,66,236,15576,Q3,828
7939,10732,108,238,25704,Q4,829
20548,24733,248,233,57784,Q5,830
7399,10898,36,61,2196,Q1,831
11589,15338,48,158,7584,Q2,832
8545,9238,106,116,12296,Q3,833
5527,10190,169,125,21125,Q4,834
7103,14452,150,390,58500,Q5,835
70,22743,107,33,3531,Q1,836
13988,14928,45,204,9180,Q2,837
17608,19158,81,199,16119,Q3,838
1143,16154,153,156,23868,Q4,839
3893,14628,160,330,52800,Q5,840
5366,21132,20,52,1040,Q1,841
18299,19038,170,58,9860,Q2,842
10287,17531,129,98,12642,Q3,843
8207,23537,318,84,26712,Q4,844
878,2818,108,536,57888,Q5,845
7515,14167,42,124,5208,Q1,846
20826,22228,98,70,6860,Q2,847
3125,20033,234,59,13806,Q3,848
2017,10415,130,211,27430,Q4,849
7987,13911,136,319,43384,Q5,850
8088,14868,89,57,5073,Q1,851
12268,18511,77,121,9317,Q2,852
3714,22774,179,93,16647,Q3,853
11076,19499,119,158,18802,Q4,854
4728,14448,306,193,59058,Q5,855
7397,13843,23,80,1840,Q1,856
5580,14643,97,93,9021,Q2,857
12422,15179,44,347,15268,Q3,858
16091,19954,152,141,21432,Q4,859
4839,19455,295,315,92925,Q5,860
2365,22545,62,59,3658,Q1,861
12743,15644,153,59,9027,Q2,862
911,12638,253,68,17204,Q3,863
15424,18235,222,105,23310,Q4,864
717,2986,1127,104,117208,Q5,865
17861,20712,56,48,2688,Q1,866
678,16053,81,87,7047,Q2,867
6557,11870,168,95,15960,Q3,868
2586,6739,153,170,26010,Q4,869
2205,18499,319,225,71775,Q5,870
11063,18198,136,20,2720,Q1,871
5635,18259,85,89,7565,Q2,872
1817,20508,258,70,18060,Q3,873
17219,20981,230,120,27600,Q4,874
10165,13063,270,124,33480,Q5,875
6373,19353,20,127,2540,Q1,876
8677,20767,76,114,8664,Q2,877
15826,18133,69,188,12972,Q3,878
10121,24463,65,305,19825,Q4,879
15483,25169,614,117,71838,Q5,880
9926,19232,50,64,3200,Q1,881
16925,22047,122,75,9150,Q2,882
15517,25257,72,168,12096,Q3,883
18405,23697,52,460,23920,Q4,884
579,10759,205,251,51455,Q5,885
16584,17056,134,30,4020,Q1,886
7724,23068,129,83,10707,Q2,887
22414,24559,149,112,16688,Q3,888
21537,24544,95,198,18810,Q4,889
3077,18111,585,112,65520,Q5,890
7533,13773,38,61,2318,Q1,891
3758,17282,28,229,6412,Q2,892
10669,18645,122,120,14640,Q3,893
13290,23150,65,455,29575,Q4,894
259,18795,275,137,37675,Q5,895
3186,20947,44,50,2200,Q1,896
5357,12605,68,95,6460,Q2,897
19206,25511,92,134,12328,Q3,898
4009,21752,197,95,18715,Q4,899
8720,9293,160,484,77440,Q5,900
10677,19666,35,124,4340,Q1,901
516,6409,69,142,9798,Q2,902
13987,16216,103,128,13184,Q3,903
5552,24957,179,104,18616,Q4,904
15969,19120,296,188,55648,Q5,905
20295,20925,38,117,4446,Q1,906
3467,6080,66,92,6072,Q2,907
17979,18327,124,120,14880,Q3,908
11374,21883,227,125,28375,Q4,909
651,19566,457,77,35189,Q5,910
4791,11529,38,40,1520,Q1,911
15993,20391,121,74,8954,Q2,912
7599,16093,148,95,14060,Q3,913
17365,18401,145,221,32045,Q4,914
2013,24886,285,186,53010,Q5,915
7538,18167,41,21,861,Q1,916
18558,23181,150,53,7950,Q2,917
3829,8526,148,91,13468,Q3,918
5126,21221,309,93,28737,Q4,919
578,14244,689,71,48919,Q5,920
8672,13038,66,67,4422,Q1,921
12544,14426,63,118,7434,Q2,922
20055,24728,108,120,12960,Q3,923
2160,5368,289,114,32946,Q4,924
2308,19308,507,100,50700,Q5,925
308,17523,43,38,1634,Q1,926
6507,8235,110,76,8360,Q2,927
15968,18720,113,103,11639,Q3,928
2791,16109,268,97,25996,Q4,929
808,7244,239,167,39913,Q5,930
389,8600,20,152,3040,Q1,931
17648,20941,89,73,6497,Q2,932
6616,7714,86,144,12384,Q3,933
2653,16956,233,100,23300,Q4,934
11130,15740,162,710,115020,Q5,935
12425,20351,73,50,3650,Q1,936
12761,21188,89,82,7298,Q2,937
2165,2258,108,104,11232,Q3,938
19455,25001,315,78,24570,Q4,939
14644,24406,277,135,37395,Q5,940
708,15192,47,107,5029,Q1,941
4222,20110,167,46,7682,Q2,942
750,10766,128,118,15104,Q3,943
9145,15129,135,158,21330,Q4,944
7266,8386,267,168,44856,Q5,945
13185,23839,44,95,4180,Q1,946
467,1265,72,113,8136,Q2,947
8511,22989,150,113,16950,Q3,948
87,10576,216,108,23328,Q4,949
4770,19776,305,165,50325,Q5,950
11910,20041,47,76,3572,Q1,951
10055,13549,76,88,6688,Q2,952
795,9678,52,299,15548,Q3,953
9382,22138,456,54,24624,Q4,954
175,10925,135,266,35910,Q5,955
7726,14174,70,49,3430,Q1,956
16618,21861,134,76,10184,Q2,957
25232,25510,147,107,15729,Q3,958
3576,6316,50,633,31650,Q4,959
6181,20775,322,147,47334,Q5,960
13516,24698,69,70,4830,Q1,961
9183,9570,101,103,10403,Q2,962
5492,24998,50,258,12900,Q3,963
12860,21606,99,260,25740,Q4,964
11338,20464,302,136,41072,Q5,965
6997,18113,13,59,767,Q1,966
12989,24012,30,211,6330,Q2,967
17543,22440,112,105,11760,Q3,968
6678,8608,126,231,29106,Q4,969
1591,16378,480,93,44640,Q5,970
2705,6286,65,40,2600,Q1,971
6847,23783,195,50,9750,Q2,972
2809,5744,221,61,13481,Q3,973
8831,23854,194,115,22310,Q4,974
5636,9610,304,130,39520,Q5,975
10798,21866,47,95,4465,Q1,976
17586,22964,156,45,7020,Q2,977
621,13957,38,367,13946,Q3,978
7083,17694,63,298,18774,Q4,979
14393,22655,1292,132,170544,Q5,980
7004,13826,37,108,3996,Q1,981
19688,19792,115,63,7245,Q2,982
3909,13461,79,138,10902,Q3,983
13068,13594,83,281,23323,Q4,984
5424,14649,497,126,62622,Q5,985
895,6869,86,52,4472,Q1,986
3890,21579,60,164,9840,Q2,987
11012,19440,236,77,18172,Q3,988
16502,18636,152,151,22952,Q4,989
304,3453,209,182,38038,Q5,990
4249,24866,42,113,4746,Q1,991
19064,25087,81,92,7452,Q2,992
1251,2667,65,264,17160,Q3,993
4064,4393,148,220,32560,Q4,994
4520,22688,312,508,158496,Q5,995
10015,14305,136,39,5304,Q1,996
8453,8497,108,96,10368,Q2,997
10917,13136,74,174,12876,Q3,998
1932,5642,401,46,18446,Q4,999
13989,14772,675,174,117450,Q5,1000
12844,17910,103,46,4738,Q1,1001
8287,17753,88,70,6160,Q2,1002
13733,18326,248,54,13392,Q3,1003
13216,23730,239,121,28919,Q4,1004
13983,16096,130,882,114660,Q5,1005
6937,22720,19,61,1159,Q1,1006
1178,11809,81,90,7290,Q2,1007
13406,16587,155,75,11625,Q3,1008
1606,14317,103,234,24102,Q4,1009
573,23405,152,371,56392,Q5,1010
13446,19630,53,74,3922,Q1,1011
6004,19958,151,44,6644,Q2,1012
7765,11203,105,149,15645,Q3,1013
15050,15073,39,578,22542,Q4,1014
575,5723,212,343,72716,Q5,1015
3909,9588,79,60,4740,Q1,1016
11263,17535,77,129,9933,Q2,1017
5445,23990,69,196,13524,Q3,1018
13465,24128,132,160,21120,Q4,1019
5657,19657,412,153,63036,Q5,1020
2249,23119,46,71,3266,Q1,1021
6781,11967,46,157,7222,Q2,1022
16074,20916,164,92,15088,Q3,1023
17811,20942,185,128,23680,Q4,1024
9391,14700,456,308,140448,Q5,1025
10491,10651,72,70,5040,Q1,1026
484,4852,64,97,6208,Q2,1027
4125,17998,67,249,16683,Q3,1028
5793,21483,138,187,25806,Q4,1029
132,24194,511,123,62853,Q5,1030
7544,22842,53,75,3975,Q1,1031
14008,24858,45,135,6075,Q2,1032
9350,10402,325,49,15925,Q3,1033
17471,22270,110,253,27830,Q4,1034
11640,15317,177,244,43188,Q5,1035
16794,17658,92,50,4600,Q1,1036
2419,17855,133,79,10507,Q2,1037
11649,16148,112,126,14112,Q3,1038
2735,7275,184,167,30728,Q4,1039
17547,24572,218,197,42946,Q5,1040
12272,19403,73,73,5329,Q1,1041
5999,22243,82,116,9512,Q2,1042
8540,16053,188,87,16356,Q3,1043
21136,23689,84,291,24444,Q4,1044
12436,22270,210,253,53130,Q5,1045
9963,15047,150,12,1800,Q1,1046
4462,22629,110,85,9350,Q2,1047
16768,19198,140,80,11200,Q3,1048
14531,16651,172,120,20640,Q4,1049
11054,23254,274,155,42470,Q5,1050
6398,17722,44,69,3036,Q1,1051
12708,23324,91,115,10465,Q2,1052
11168,21712,163,69,11247,Q3,1053
10417,15402,213,90,19170,Q4,1054
9628,15522,499,84,41916,Q5,1055
13895,21132,52,52,2704,Q1,1056
13480,19047,118,53,6254,Q2,1057
4714,17487,113,126,14238,Q3,1058
10788,11077,40,603,24120,Q4,1059
13708,20136,211,250,52750,Q5,1060
11702,14806,75,75,5625,Q1,1061
6186,11997,376,20,7520,Q2,1062
8266,12983,62,217,13454,Q3,1063
3748,9295,188,121,22748,Q4,1064
8315,9069,124,565,70060,Q5,1065
7834,25273,24,96,2304,Q1,1066
3791,17281,62,101,6262,Q2,1067
9774,20806,108,115,12420,Q3,1068
9981,16106,153,158,24174,Q4,1069
2552,7301,161,417,67137,Q5,1070
2605,7807,21,271,5691,Q1,1071
2743,22921,134,53,7102,Q2,1072
3856,12056,105,121,12705,Q3,1073
7167,18159,89,258,22962,Q4,1074
5557,6866,253,164,41492,Q5,1075
16170,23587,59,86,5074,Q1,1076
5563,6139,250,35,8750,Q2,1077
15029,20076,103,167,17201,Q3,1078
5920,10649,118,257,30326,Q4,1079
24162,24805,278,153,42534,Q5,1080
9583,24180,179,30,5370,Q1,1081
9015,22520,94,65,6110,Q2,1082
8784,11964,145,85,12325,Q3,1083
4905,8915,132,139,18348,Q4,1084
6891,18871,300,146,43800,Q5,1085
12022,17149,70,82,5740,Q1,1086
9173,19457,217,34,7378,Q2,1087
1427,6847,58,195,11310,Q3,1088
15250,15688,197,93,18321,Q4,1089
16097,21988,216,162,34992,Q5,1090
4225,12613,87,62,5394,Q1,1091
15788,16571,116,83,9628,Q2,1092
17211,17719,84,170,14280,Q3,1093
5571,19252,147,126,18522,Q4,1094
14779,24798,484,161,77924,Q5,1095
4636,13703,6,94,564,Q1,1096
14515,18943,60,154,9240,Q2,1097
786,8538,256,62,15872,Q3,1098
13900,18443,130,174,22620,Q4,1099
2902,13987,407,103,41921,Q5,1100
19702,23548,44,85,3740,Q1,1101
8147,23084,60,122,7320,Q2,1102
5513,18956,154,97,14938,Q3,1103
4528,16981,240,94,22560,Q4,1104
3652,8998,135,678,91530,Q5,1105
20714,24577,20,114,2280,Q1,1106
8369,17983,58,118,6844,Q2,1107
4226,5474,126,114,14364,Q3,1108
16638,24092,134,141,18894,Q4,1109
15060,21961,443,115,50945,Q5,1110
8722,10337,60,95,5700,Q1,1111
7903,9154,102,69,7038,Q2,1112
2526,25024,239,64,15296,Q3,1113
5206,14014,379,73,27667,Q4,1114
10709,12416,1300,165,214500,Q5,1115
14100,21478,87,51,4437,Q1,1116
20566,22571,127,71,9017,Q2,1117
2534,18551,112,101,11312,Q3,1118
19411,23478,253,105,26565,Q4,1119
3986,23843,435,99,43065,Q5,1120
19522,24951,63,66,4158,Q1,1121
18242,23367,217,39,8463,Q2,1122
4948,23347,276,64,17664,Q3,1123
10800,22557,154,159,24486,Q4,1124
974,11309,507,107,54249,Q5,1125
9116,16507,130,46,5980,Q1,1126
21356,21635,81,101,8181,Q2,1127
2504,4797,91,132,12012,Q3,1128
8631,11714,151,195,29445,Q4,1129
1066,11396,116,321,37236,Q5,1130
16992,17113,37,78,2886,Q1,1131
8475,12100,123,64,7872,Q2,1132
11008,12006,107,115,12305,Q3,1133
20587,22855,232,108,25056,Q4,1134
4756,10220,146,256,37376,Q5,1135
10773,11798,59,96,5664,Q1,1136
875,23459,362,30,10860,Q2,1137
6220,23383,332,35,11620,Q3,1138
4853,24235,99,241,23859,Q4,1139
4839,19170,295,154,45430,Q5,1140
11330,25272,155,29,4495,Q1,1141
3677,4835,77,133,10241,Q2,1142
1171,14518,237,71,16827,Q3,1143
2866,23265,234,112,26208,Q4,1144
2953,4274,198,367,72666,Q5,1145
20544,22565,88,45,3960,Q1,1146
7491,15242,71,124,8804,Q2,1147
17844,24915,190,60,11400,Q3,1148
1271,5049,92,293,26956,Q4,1149
1068,17810,338,158,53404,Q5,1150
3604,17146,118,46,5428,Q1,1151
902,5212,166,64,10624,Q2,1152
21020,21053,182,89,16198,Q3,1153
1438,20527,170,121,20570,Q4,1154
2402,3668,359,262,94058,Q5,1155
2871,3945,22,47,1034,Q1,1156
8031,9355,78,107,8346,Q2,1157
8390,17590,128,100,12800,Q3,1158
1896,23887,488,48,23424,Q4,1159
742,2904,98,480,47040,Q5,1160
7943,19139,47,78,3666,Q1,1161
13722,19203,107,81,8667,Q2,1162
15387,19004,83,207,17181,Q3,1163
5410,19937,212,108,22896,Q4,1164
11215,14278,85,519,44115,Q5,1165
10665,22533,38,67,2546,Q1,1166
7571,12975,74,134,9916,Q2,1167
7315,17521,115,123,14145,Q3,1168
12695,13532,123,232,28536,Q4,1169
4640,23590,304,130,39520,Q5,1170
4587,6204,41,144,5904,Q1,1171
8990,10076,144,54,7776,Q2,1172
7821,8132,264,44,11616,Q3,1173
3834,18410,66,394,26004,Q4,1174
12202,17732,394,124,48856,Q5,1175
20020,23459,143,30,4290,Q1,1176
9262,15404,179,39,6981,Q2,1177
11937,21443,60,242,14520,Q3,1178
6120,14068,173,111,19203,Q4,1179
9830,12388,160,299,47840,Q5,1180
20467,24858,16,135,2160,Q1,1181
12955,19158,46,199,9154,Q2,1182
6748,17285,251,57,14307,Q3,1183
19256,22260,232,93,21576,Q4,1184
4385,19437,92,805,74060,Q5,1185
13148,21366,114,42,4788,Q1,1186
660,8839,177,42,7434,Q2,1187
16286,21942,106,115,12190,Q3,1188
174,5327,76,241,18316,Q4,1189
19484,24622,127,268,34036,Q5,1190
10060,11882,138,17,2346,Q1,1191
14958,16394,137,61,8357,Q2,1192
12001,15918,267,53,14151,Q3,1193
13381,18117,135,194,26190,Q4,1194
1616,15038,514,159,81726,Q5,1195
19874,22563,94,53,4982,Q1,1196
15660,23391,47,155,7285,Q2,1197
9971,24616,75,177,13275,Q3,1198
12035,16681,237,140,33180,Q4,1199
5188,14816,127,368,46736,Q5,1200
11493,16749,61,58,3538,Q1,1201
5952,24221,123,87,10701,Q2,1202
3021,14897,157,100,15700,Q3,1203
4067,6169,165,138,22770,Q4,1204
14228,17961,235,283,66505,Q5,1205
16254,24192,82,43,3526,Q1,1206
9592,13818,277,36,9972,Q2,1207
14135,23505,106,144,15264,Q3,1208
8511,13837,150,213,31950,Q4,1209
7341,9168,189,294,55566,Q5,1210
752,17764,54,40,2160,Q1,1211
8113,14373,75,109,8175,Q2,1212
245,4812,127,106,13462,Q3,1213
5490,14864,153,211,32283,Q4,1214
1507,15018,448,213,95424,Q5,1215
15730,24404,74,29,2146,Q1,1216
41,22246,113,72,8136,Q2,1217
4809,22355,141,106,14946,Q3,1218
208,9472,167,197,32899,Q4,1219
4958,7991,200,196,39200,Q5,1220
7040,9626,108,25,2700,Q1,1221
7881,14761,84,103,8652,Q2,1222
959,5564,122,111,13542,Q3,1223
12896,18634,221,107,23647,Q4,1224
8100,12603,162,317,51354,Q5,1225
297,24853,104,25,2600,Q1,1226
17129,20979,274,27,7398,Q2,1227
1948,4480,250,58,14500,Q3,1228
13400,14541,135,188,25380,Q4,1229
2164,12610,370,253,93610,Q5,1230
6115,11273,66,25,1650,Q1,1231
22714,24725,89,86,7654,Q2,1232
19639,24130,125,125,15625,Q3,1233
7038,21168,193,168,32424,Q4,1234
133,21627,452,159,71868,Q5,1235
5072,6913,65,54,3510,Q1,1236
19666,20353,124,79,9796,Q2,1237
1253,25333,77,159,12243,Q3,1238
7706,15406,75,274,20550,Q4,1239
672,11262,284,237,67308,Q5,1240
11810,23357,68,34,2312,Q1,1241
12628,17190,57,142,8094,Q2,1242
6569,12746,202,54,10908,Q3,1243
2741,16795,179,142,25418,Q4,1244
15832,22931,165,289,47685,Q5,1245
5957,20149,187,28,5236,Q1,1246
15605,18649,95,108,10260,Q2,1247
9493,20746,178,90,16020,Q3,1248
6971,19960,269,80,21520,Q4,1249
502,11139,482,158,76156,Q5,1250
24902,25410,70,52,3640,Q1,1251
11731,17633,47,188,8836,Q2,1252
3837,9880,68,180,12240,Q3,1253
5995,6562,350,83,29050,Q4,1254
1245,19597,211,228,48108,Q5,1255
34,9125,62,93,5766,Q1,1256
5990,25114,96,110,10560,Q2,1257
17030,21675,123,95,11685,Q3,1258
10081,15564,224,86,19264,Q4,1259
18816,25070,119,287,34153,Q5,1260
10687,18643,45,55,2475,Q1,1261
3483,4178,52,140,7280,Q2,1262
4533,16453,175,101,17675,Q3,1263
16495,25353,164,129,21156,Q4,1264
12294,21283,348,103,35844,Q5,1265
9111,23407,42,100,4200,Q1,1266
19831,24844,88,89,7832,Q2,1267
9106,11603,80,141,11280,Q3,1268
9160,21764,195,122,23790,Q4,1269
11085,23215,487,121,58927,Q5,1270
2083,22145,68,68,4624,Q1,1271
13300,25542,54,124,6696,Q2,1272
8401,17660,111,120,13320,Q3,1273
5879,25355,88,246,21648,Q4,1274
10530,14084,320,223,71360,Q5,1275
316,25455,46,107,4922,Q1,1276
19532,20081,107,73,7811,Q2,1277
9834,13257,67,172,11524,Q3,1278
14103,19426,233,101,23533,Q4,1279
25,9045,310,138,42780,Q5,1280
6457,20538,108,31,3348,Q1,1281
18050,19422,121,59,7139,Q2,1282
318,17594,118,97,11446,Q3,1283
6263,7648,239,135,32265,Q4,1284
10719,13899,279,298,83142,Q5,1285
1080,1636,49,112,5488,Q1,1286
5604,21968,102,97,9894,Q2,1287
6455,14444,127,123,15621,Q3,1288
2854,4893,85,254,21590,Q4,1289
581,5147,217,295,64015,Q5,1290
6049,7525,106,9,954,Q1,1291
15662,23992,78,80,6240,Q2,1292
2253,25189,259,64,16576,Q3,1293
10981,18810,417,45,18765,Q4,1294
1703,22782,190,302,57380,Q5,1295
17822,20927,10,99,990,Q1,1296
18032,24428,34,310,10540,Q2,1297
11121,18070,158,101,15958,Q3,1298
9140,17671,146,227,33142,Q4,1299
9473,16615,412,287,118244,Q5,1300
11573,17641,38,69,2622,Q1,1301
3115,12963,50,137,6850,Q2,1302
11256,13175,196,83,16268,Q3,1303
16009,16923,258,100,25800,Q4,1304
15144,21273,304,132,40128,Q5,1305
7445,12194,12,94,1128,Q1,1306
2952,22453,173,40,6920,Q2,1307
4912,11031,267,42,11214,Q3,1308
16663,18639,290,74,21460,Q4,1309
2966,17208,507,106,53742,Q5,1310
108,22085,73,75,5475,Q1,1311
1131,23870,94,94,8836,Q2,1312
10538,17079,117,94,10998,Q3,1313
9090,15954,227,116,26332,Q4,1314
4618,19186,530,97,51410,Q5,1315
8552,23797,53,58,3074,Q1,1316
10538,24557,117,68,7956,Q2,1317
10911,20552,137,93,12741,Q3,1318
17814,25485,146,204,29784,Q4,1319
12124,14317,287,234,67158,Q5,1320
12729,25330,49,64,3136,Q1,1321
3636,18779,135,50,6750,Q2,1322
2974,25295,158,84,13272,Q3,1323
19999,21320,226,143,32318,Q4,1324
17989,24581,973,422,410606,Q5,1325
8278,8922,54,78,4212,Q1,1326
9957,11635,137,75,10275,Q2,1327
18587,18787,69,181,12489,Q3,1328
2476,7580,103,195,20085,Q4,1329
9220,14736,317,189,59913,Q5,1330
3662,11461,125,21,2625,Q1,1331
9749,24109,24,316,7584,Q2,1332
4928,16718,109,163,17767,Q3,1333
1953,15867,227,123,27921,Q4,1334
10800,18625,154,819,126126,Q5,1335
6373,24730,20,286,5720,Q1,1336
7629,13356,140,56,7840,Q2,1337
13398,25216,86,187,16082,Q3,1338
2148,16039,129,195,25155,Q4,1339
12546,18874,212,169,35828,Q5,1340
16405,17629,37,77,2849,Q1,1341
8289,18767,77,124,9548,Q2,1342
2733,24923,139,115,15985,Q3,1343
12814,24396,106,236,25016,Q4,1344
11811,15151,191,286,54626,Q5,1345
5719,22468,39,116,4524,Q1,1346
4187,7674,159,64,10176,Q2,1347
6272,12800,61,225,13725,Q3,1348
2570,9034,177,182,32214,Q4,1349
28,2308,223,507,113061,Q5,1350
14599,22353,144,39,5616,Q1,1351
2770,16424,155,52,8060,Q2,1352
913,20306,224,71,15904,Q3,1353
4127,23337,215,98,21070,Q4,1354
6314,8902,378,151,57078,Q5,1355
18205,19858,124,44,5456,Q1,1356
17022,24244,54,169,9126,Q2,1357
17633,24756,188,70,13160,Q3,1358
3085,18737,172,190,32680,Q4,1359
9112,25321,305,137,41785,Q5,1360
18079,24478,150,24,3600,Q1,1361
8162,18545,83,127,10541,Q2,1362
9403,17092,139,88,12232,Q3,1363
8379,18287,186,108,20088,Q4,1364
6027,22706,268,287,76916,Q5,1365
370,11266,96,47,4512,Q1,1366
5415,7810,54,186,10044,Q2,1367
508,6747,94,181,17014,Q3,1368
1742,5736,226,119,26894,Q4,1369
1449,14629,293,188,55084,Q5,1370
7358,24652,64,64,4096,Q1,1371
5078,6299,154,61,9394,Q2,1372
10249,15983,81,187,15147,Q3,1373
1720,19219,171,139,23769,Q4,1374
5625,24327,453,143,64779,Q5,1375
12422,24834,44,80,3520,Q1,1376
8771,19574,65,125,8125,Q2,1377
9755,18889,120,123,14760,Q3,1378
766,16044,178,139,24742,Q4,1379
904,13337,398,439,174722,Q5,1380
6046,11668,66,22,1452,Q1,1381
17959,25139,77,125,9625,Q2,1382
6655,21995,59,198,11682,Q3,1383
17492,23072,92,327,30084,Q4,1384
6557,8809,168,284,47712,Q5,1385
20610,22939,88,45,3960,Q1,1386
13590,20862,134,69,9246,Q2,1387
6664,21847,133,134,17822,Q3,1388
13635,21945,85,311,26435,Q4,1389
495,11340,482,445,214490,Q5,1390
7440,9088,22,118,2596,Q1,1391
13059,18963,63,104,6552,Q2,1392
1386,25434,112,137,15344,Q3,1393
1958,15966,108,188,20304,Q4,1394
14727,24546,610,199,121390,Q5,1395
18827,19045,56,63,3528,Q1,1396
11246,14076,81,127,10287,Q2,1397
4247,4416,131,103,13493,Q3,1398
4053,11203,172,149,25628,Q4,1399
3704,5739,335,205,68675,Q5,1400
2593,3876,14,252,3528,Q1,1401
12862,20075,83,114,9462,Q2,1402
14163,19230,107,128,13696,Q3,1403
1807,2415,70,297,20790,Q4,1404
4877,21623,203,179,36337,Q5,1405
8590,20415,34,44,1496,Q1,1406
14215,16918,116,69,8004,Q2,1407
2395,17485,201,78,15678,Q3,1408
4704,17436,330,58,19140,Q4,1409
5722,19644,475,108,51300,Q5,1410
1289,10395,75,58,4350,Q1,1411
4779,21866,112,95,10640,Q2,1412
722,17040,96,189,18144,Q3,1413
8791,13371,239,97,23183,Q4,1414
194,23804,379,113,42827,Q5,1415
3124,3641,122,44,5368,Q1,1416
13789,15797,80,79,6320,Q2,1417
674,24682,104,152,15808,Q3,1418
6249,22729,252,93,23436,Q4,1419
4117,5494,156,300,46800,Q5,1420
13124,23228,43,81,3483,Q1,1421
8829,10221,157,56,8792,Q2,1422
1670,18787,80,181,14480,Q3,1423
1803,17060,232,103,23896,Q4,1424
22761,23575,102,395,40290,Q5,1425
6467,11062,30,160,4800,Q1,1426
11239,20067,113,60,6780,Q2,1427
7669,11861,114,120,13680,Q3,1428
2477,6042,237,100,23700,Q4,1429
7360,25187,420,123,51660,Q5,1430
21154,23647,91,53,4823,Q1,1431
8893,9385,96,74,7104,Q2,1432
1573,15088,145,81,11745,Q3,1433
20026,22439,408,71,28968,Q4,1434
1115,11379,192,281,53952,Q5,1435
16023,23841,12,227,2724,Q1,1436
21878,23006,167,60,10020,Q2,1437
17610,19384,113,158,17854,Q3,1438
1072,23526,125,219,27375,Q4,1439
11498,14698,279,319,89001,Q5,1440
2603,6593,64,64,4096,Q1,1441
3550,22212,63,150,9450,Q2,1442
18089,24830,174,63,10962,Q3,1443
10866,13001,235,141,33135,Q4,1444
675,1544,306,228,69768,Q5,1445
14220,21777,72,26,1872,Q1,1446
7881,25248,84,124,10416,Q2,1447
4973,24302,83,144,11952,Q3,1448
3799,19154,173,139,24047,Q4,1449
7705,15169,103,383,39449,Q5,1450
10163,22359,37,54,1998,Q1,1451
17806,22933,126,57,7182,Q2,1452
11494,16079,133,87,11571,Q3,1453
10957,15950,324,76,24624,Q4,1454
1371,9002,246,387,95202,Q5,1455
14,12307,167,31,5177,Q1,1456
888,19516,101,96,9696,Q2,1457
10242,21105,120,147,17640,Q3,1458
8020,22617,106,225,23850,Q4,1459
8620,12134,421,156,65676,Q5,1460
2592,16360,12,58,696,Q1,1461
3325,15666,122,87,10614,Q2,1462
6664,21674,133,83,11039,Q3,1463
1173,20989,251,103,25853,Q4,1464
15625,21811,262,164,42968,Q5,1465
8425,20534,78,75,5850,Q1,1466
3523,16446,69,130,8970,Q2,1467
15755,21813,196,85,16660,Q3,1468
2556,15417,151,173,26123,Q4,1469
4427,5438,318,242,76956,Q5,1470
2348,16255,36,162,5832,Q1,1471
390,1296,57,139,7923,Q2,1472
2881,20750,89,179,15931,Q3,1473
1378,21950,207,88,18216,Q4,1474
5467,18471,554,563,311902,Q5,1475
8107,11541,91,48,4368,Q1,1476
1417,2372,67,110,7370,Q2,1477
6657,11778,339,37,12543,Q3,1478
6050,17860,153,126,19278,Q4,1479
399,3082,154,429,66066,Q5,1480
7514,25035,47,96,4512,Q1,1481
10048,12084,95,66,6270,Q2,1482
4562,18962,181,78,14118,Q3,1483
15002,20523,498,46,22908,Q4,1484
8364,19472,436,108,47088,Q5,1485
7293,16958,103,24,2472,Q1,1486
430,9506,94,106,9964,Q2,1487
10658,19054,70,233,16310,Q3,1488
11227,13630,174,108,18792,Q4,1489
3293,22733,400,104,41600,Q5,1490
8257,11629,77,28,2156,Q1,1491
7987,21301,136,58,7888,Q2,1492
13829,15770,288,43,12384,Q3,1493
15151,20487,286,97,27742,Q4,1494
2799,16332,130,942,122460,Q5,1495
20409,24580,25,225,5625,Q1,1496
6061,12428,95,96,9120,Q2,1497
181,3839,152,82,12464,Q3,1498
7165,22696,186,159,29574,Q4,1499
9200,23204,687,61,41907,Q5,1500
935,7492,14,47,658,Q1,1501
15058,20851,59,164,9676,Q2,1502
18661,22189,61,204,12444,Q3,1503
15839,19830,147,153,22491,Q4,1504
6501,14698,242,319,77198,Q5,1505
8730,11750,66,91,6006,Q1,1506
8160,24158,87,88,7656,Q2,1507
15261,22470,82,220,18040,Q3,1508
1075,24097,117,205,23985,Q4,1509
15312,22113,715,80,57200,Q5,1510
7866,16967,23,119,2737,Q1,1511
886,12479,162,43,6966,Q2,1512
7863,8655,155,71,11005,Q3,1513
18323,22761,292,102,29784,Q4,1514
2162,2397,291,149,43359,Q5,1515
3760,19698,55,68,3740,Q1,1516
23684,23808,96,105,10080,Q2,1517
6281,20947,302,50,15100,Q3,1518
6188,6227,217,127,27559,Q4,1519
13032,18936,119,393,46767,Q5,1520
7970,19581,176,30,5280,Q1,1521
20272,21356,115,81,9315,Q2,1522
12124,20331,287,57,16359,Q3,1523
2695,13007,212,109,23108,Q4,1524
585,15921,67,541,36247,Q5,1525
3117,22396,73,77,5621,Q1,1526
6910,17248,66,141,9306,Q2,1527
14034,22642,121,115,13915,Q3,1528
12500,21787,206,125,25750,Q4,1529
10014,23515,466,79,36814,Q5,1530
4766,16812,46,37,1702,Q1,1531
12728,18777,84,113,9492,Q2,1532
466,4155,191,90,17190,Q3,1533
2454,9384,156,126,19656,Q4,1534
13406,25402,155,267,41385,Q5,1535
11772,16134,19,94,1786,Q1,1536
14337,20415,243,44,10692,Q2,1537
15157,19814,241,72,17352,Q3,1538
1048,18619,85,267,22695,Q4,1539
2405,13686,304,411,124944,Q5,1540
220,17607,58,78,4524,Q1,1541
5369,15897,75,116,8700,Q2,1542
8656,20846,285,44,12540,Q3,1543
20140,20648,115,184,21160,Q4,1544
11477,19378,180,249,44820,Q5,1545
342,642,31,134,4154,Q1,1546
3467,13381,66,135,8910,Q2,1547
12364,14889,65,275,17875,Q3,1548
21191,23911,107,259,27713,Q4,1549
2854,5055,85,672,57120,Q5,1550
14765,24113,218,19,4142,Q1,1551
3646,9594,82,127,10414,Q2,1552
18541,24445,53,241,12773,Q3,1553
5806,12429,154,200,30800,Q4,1554
5621,22898,146,259,37814,Q5,1555
11257,19522,57,63,3591,Q1,1556
17947,23616,136,66,8976,Q2,1557
19689,25131,93,167,15531,Q3,1558
7494,22821,126,165,20790,Q4,1559
1703,8820,190,293,55670,Q5,1560
9860,20661,63,75,4725,Q1,1561
12047,22495,125,85,10625,Q2,1562
1610,4099,114,142,16188,Q3,1563
7652,13658,206,117,24102,Q4,1564
12858,18577,164,546,89544,Q5,1565
9387,18904,71,57,4047,Q1,1566
1522,9770,370,23,8510,Q2,1567
1877,21000,614,21,12894,Q3,1568
2651,21070,64,352,22528,Q4,1569
7120,22244,396,105,41580,Q5,1570
3105,21388,3,76,228,Q1,1571
4433,13356,138,56,7728,Q2,1572
1438,6867,170,105,17850,Q3,1573
11928,25465,106,183,19398,Q4,1574
2668,21026,642,101,64842,Q5,1575
18334,23966,69,55,3795,Q1,1576
677,19209,38,201,7638,Q2,1577
1096,20448,114,136,15504,Q3,1578
269,9904,333,60,19980,Q4,1579
7908,7928,388,160,62080,Q5,1580
1153,19204,47,102,4794,Q1,1581
5641,12353,112,67,7504,Q2,1582
12728,22852,84,176,14784,Q3,1583
2336,23405,88,371,32648,Q4,1584
2345,4551,374,365,136510,Q5,1585
561,13282,50,76,3800,Q1,1586
5950,6368,133,62,8246,Q2,1587
17163,19551,117,97,11349,Q3,1588
2113,16410,311,73,22703,Q4,1589
7337,17938,431,1209,521079,Q5,1590
10092,13717,47,70,3290,Q1,1591
562,16890,86,91,7826,Q2,1592
4565,5769,161,68,10948,Q3,1593
2264,16147,217,85,18445,Q4,1594
118,6541,240,323,77520,Q5,1595
13322,13816,153,31,4743,Q1,1596
8355,12294,29,348,10092,Q2,1597
4562,14002,181,98,17738,Q3,1598
4890,19311,115,247,28405,Q4,1599
11631,24668,503,100,50300,Q5,1600
3163,10582,128,30,3840,Q1,1601
16333,19983,59,115,6785,Q2,1602
3234,14193,192,85,16320,Q3,1603
1863,22335,269,95,25555,Q4,1604
506,19940,88,519,45672,Q5,1605
15039,15873,64,87,5568,Q1,1606
16335,22939,135,45,6075,Q2,1607
645,4877,89,203,18067,Q3,1608
1920,2255,121,247,29887,Q4,1609
7301,15401,417,306,127602,Q5,1610
6930,25139,23,125,2875,Q1,1611
20450,25486,154,62,9548,Q2,1612
10405,13892,120,134,16080,Q3,1613
2422,19985,236,93,21948,Q4,1614
3013,24437,199,220,43780,Q5,1615
15901,17334,30,51,1530,Q1,1616
12583,20981,76,120,9120,Q2,1617
2351,5090,310,44,13640,Q3,1618
4513,10927,129,203,26187,Q4,1619
1017,21627,581,159,92379,Q5,1620
13067,20780,50,53,2650,Q1,1621
4796,24221,99,87,8613,Q2,1622
2840,3941,232,77,17864,Q3,1623
4017,7172,105,194,20370,Q4,1624
22460,24787,328,111,36408,Q5,1625
16741,23238,97,58,5626,Q1,1626
7187,10276,112,71,7952,Q2,1627
4076,8666,136,124,16864,Q3,1628
5528,10144,232,82,19024,Q4,1629
6435,24283,226,335,75710,Q5,1630
617,11256,22,196,4312,Q1,1631
11977,24881,139,64,8896,Q2,1632
13386,18526,87,138,12006,Q3,1633
1074,15892,200,125,25000,Q4,1634
1575,16006,210,165,34650,Q5,1635
696,6399,92,55,5060,Q1,1636
19862,23801,55,112,6160,Q2,1637
13902,21202,147,88,12936,Q3,1638
13789,16347,80,334,26720,Q4,1639
2664,3133,409,287,117383,Q5,1640
9765,13841,26,80,2080,Q1,1641
10316,20113,54,120,6480,Q2,1642
6396,20691,62,225,13950,Q3,1643
10523,18162,284,113,32092,Q4,1644
15073,19736,578,96,55488,Q5,1645
3629,11011,77,40,3080,Q1,1646
7711,16886,98,101,9898,Q2,1647
18284,20632,167,74,12358,Q3,1648
2917,8199,96,210,20160,Q4,1649
10959,13991,240,265,63600,Q5,1650
12696,22312,18,76,1368,Q1,1651
6271,21060,256,41,10496,Q2,1652
11586,15939,151,101,15251,Q3,1653
7090,15821,188,141,26508,Q4,1654
5629,14300,537,258,138546,Q5,1655
5855,17682,32,188,6016,Q1,1656
4873,7377,112,61,6832,Q2,1657
8079,20589,116,114,13224,Q3,1658
13019,15376,139,148,20572,Q4,1659
304,8239,209,191,39919,Q5,1660
4580,15385,48,119,5712,Q1,1661
988,5124,35,193,6755,Q2,1662
4827,25061,260,50,13000,Q3,1663
17219,21401,230,134,30820,Q4,1664
13984,15022,173,299,51727,Q5,1665
1040,15650,60,94,5640,Q1,1666
13157,15410,81,77,6237,Q2,1667
9414,23738,168,79,13272,Q3,1668
8206,12205,281,66,18546,Q4,1669
5904,13938,213,703,149739,Q5,1670
6829,14582,24,88,2112,Q1,1671
11445,16910,110,67,7370,Q2,1672
1918,22975,84,158,13272,Q3,1673
16956,17499,100,183,18300,Q4,1674
2332,11618,362,116,41992,Q5,1675
10118,18405,55,52,2860,Q1,1676
4591,7699,58,151,8758,Q2,1677
22701,24059,78,144,11232,Q3,1678
8454,17324,118,182,21476,Q4,1679
11345,19641,335,380,127300,Q5,1680
15823,22400,37,30,1110,Q1,1681
7072,22342,29,209,6061,Q2,1682
16365,24668,130,100,13000,Q3,1683
9850,17906,137,188,25756,Q4,1684
2270,6367,369,278,102582,Q5,1685
18034,22576,63,74,4662,Q1,1686
11226,19473,178,50,8900,Q2,1687
19764,24777,94,117,10998,Q3,1688
2837,12350,82,261,21402,Q4,1689
5955,19432,246,147,36162,Q5,1690
8366,12447,43,112,4816,Q1,1691
3614,22033,158,46,7268,Q2,1692
6354,9279,153,98,14994,Q3,1693
14590,25003,264,126,33264,Q4,1694
3013,3262,199,282,56118,Q5,1695
1711,22444,31,146,4526,Q1,1696
11852,17703,127,84,10668,Q2,1697
7321,19316,97,148,14356,Q3,1698
2682,20418,228,116,26448,Q4,1699
2276,8658,506,82,41492,Q5,1700
2875,17934,52,95,4940,Q1,1701
14044,15939,65,101,6565,Q2,1702
3565,6870,113,116,13108,Q3,1703
11064,25471,225,105,23625,Q4,1704
3869,19652,100,403,40300,Q5,1705
4203,19734,54,68,3672,Q1,1706
6637,11515,96,112,10752,Q2,1707
7626,21214,103,156,16068,Q3,1708
9982,23999,197,165,32505,Q4,1709
4299,15199,165,218,35970,Q5,1710
685,15803,133,22,2926,Q1,1711
20105,23157,60,107,6420,Q2,1712
11474,24473,114,126,14364,Q3,1713
1431,9697,132,214,28248,Q4,1714
6663,18270,645,131,84495,Q5,1715
169,3954,70,62,4340,Q1,1716
12456,16311,96,91,8736,Q2,1717
13786,19134,142,108,15336,Q3,1718
3505,9224,137,209,28633,Q4,1719
9011,15761,300,132,39600,Q5,1720
9251,16260,73,52,3796,Q1,1721
9935,10877,76,87,6612,Q2,1722
9032,13247,207,57,11799,Q3,1723
11077,11528,603,48,28944,Q4,1724
269,25384,333,129,42957,Q5,1725
7960,8717,50,78,3900,Q1,1726
3187,7044,60,142,8520,Q2,1727
15388,15601,157,87,13659,Q3,1728
547,23690,63,327,20601,Q4,1729
3095,19823,449,85,38165,Q5,1730
20577,20667,55,59,3245,Q1,1731
20613,23872,112,69,7728,Q2,1732
5743,24845,128,101,12928,Q3,1733
1399,14621,112,191,21392,Q4,1734
13615,14297,381,319,121539,Q5,1735
11172,11774,163,27,4401,Q1,1736
1667,22958,205,34,6970,Q2,1737
11928,16643,106,155,16430,Q3,1738
5232,8151,298,92,27416,Q4,1739
6092,15727,120,342,41040,Q5,1740
20149,22947,28,132,3696,Q1,1741
2199,15437,123,77,9471,Q2,1742
16337,20774,95,149,14155,Q3,1743
14711,20418,157,116,18212,Q4,1744
5155,13104,206,322,66332,Q5,1745
12828,17360,78,25,1950,Q1,1746
10164,21669,56,156,8736,Q2,1747
11010,15247,72,217,15624,Q3,1748
16668,23408,160,115,18400,Q4,1749
658,14531,200,172,34400,Q5,1750
16031,17723,94,19,1786,Q1,1751
102,1250,65,105,6825,Q2,1752
2242,12130,151,85,12835,Q3,1753
15680,18976,93,224,20832,Q4,1754
2111,3708,289,145,41905,Q5,1755
6442,24373,77,75,5775,Q1,1756
18738,22207,81,92,7452,Q2,1757
11254,18848,128,107,13696,Q3,1758
9653,15428,168,173,29064,Q4,1759
1199,14505,300,276,82800,Q5,1760
16086,24988,30,74,2220,Q1,1761
21286,24898,103,78,8034,Q2,1762
637,20411,269,55,14795,Q3,1763
3702,24722,288,100,28800,Q4,1764
373,5722,122,475,57950,Q5,1765
10069,13523,61,76,4636,Q1,1766
5941,13922,180,58,10440,Q2,1767
822,10746,442,25,11050,Q3,1768
10557,11103,115,207,23805,Q4,1769
11128,19605,163,216,35208,Q5,1770
20353,22078,79,55,4345,Q1,1771
3060,9820,161,42,6762,Q2,1772
17747,19215,136,129,17544,Q3,1773
6483,21902,213,121,25773,Q4,1774
16039,16212,195,280,54600,Q5,1775
85,15736,67,86,5762,Q1,1776
11284,17066,63,111,6993,Q2,1777
8432,23982,170,80,13600,Q3,1778
4649,22820,114,237,27018,Q4,1779
9702,11618,494,116,57304,Q5,1780
10380,17545,100,47,4700,Q1,1781
8266,10712,62,148,9176,Q2,1782
18778,19642,169,88,14872,Q3,1783
826,21989,285,80,22800,Q4,1784
1802,18647,346,269,93074,Q5,1785
1393,19984,52,27,1404,Q1,1786
21331,23589,89,95,8455,Q2,1787
5719,6136,39,316,12324,Q3,1788
14215,16459,116,181,20996,Q4,1789
1491,18492,1076,214,230264,Q5,1790
16444,23395,65,60,3900,Q1,1791
10908,17481,115,61,7015,Q2,1792
9750,12514,176,79,13904,Q3,1793
12431,13317,246,98,24108,Q4,1794
18703,24396,146,236,34456,Q5,1795
11513,17564,102,58,5916,Q1,1796
11482,17619,107,88,9416,Q2,1797
6826,18274,108,149,16092,Q3,1798
18498,21453,170,150,25500,Q4,1799
2817,14958,343,137,46991,Q5,1800
20075,21428,114,34,3876,Q1,1801
3171,10872,82,93,7626,Q2,1802
3642,16152,138,84,11592,Q3,1803
8737,24318,609,53,32277,Q4,1804
4417,21978,312,118,36816,Q5,1805
11200,24342,34,120,4080,Q1,1806
2019,3839,76,82,6232,Q2,1807
13469,19950,88,128,11264,Q3,1808
5821,14374,194,144,27936,Q4,1809
12756,13888,134,265,35510,Q5,1810
1384,23401,23,92,2116,Q1,1811
2580,22767,60,127,7620,Q2,1812
20511,22290,168,76,12768,Q3,1813
3917,5519,204,126,25704,Q4,1814
10807,25392,243,215,52245,Q5,1815
2739,22105,41,82,3362,Q1,1816
7211,8912,69,132,9108,Q2,1817
15074,18642,70,193,13510,Q3,1818
12653,14121,133,153,20349,Q4,1819
23652,24176,320,240,76800,Q5,1820
12461,19235,111,43,4773,Q1,1821
18299,21569,170,54,9180,Q2,1822
19859,20874,268,47,12596,Q3,1823
2378,5841,192,122,23424,Q4,1824
10817,15097,262,138,36156,Q5,1825
5838,19571,59,24,1416,Q1,1826
12111,18328,82,129,10578,Q2,1827
4698,4724,73,154,11242,Q3,1828
18323,22185,292,100,29200,Q4,1829
6215,14687,305,142,43310,Q5,1830
3169,11192,131,44,5764,Q1,1831
2882,16673,22,319,7018,Q2,1832
3625,18924,106,104,11024,Q3,1833
5463,23562,35,650,22750,Q4,1834
446,6639,394,245,96530,Q5,1835
10679,20615,26,106,2756,Q1,1836
20380,23790,111,96,10656,Q2,1837
11982,14107,70,162,11340,Q3,1838
3337,17760,135,183,24705,Q4,1839
16913,18152,84,543,45612,Q5,1840
8300,18315,41,134,5494,Q1,1841
12725,18856,93,96,8928,Q2,1842
1621,11510,133,101,13433,Q3,1843
15703,17220,81,250,20250,Q4,1844
2373,2668,200,642,128400,Q5,1845
8300,20649,41,138,5658,Q1,1846
3271,20079,74,85,6290,Q2,1847
12105,23834,108,148,15984,Q3,1848
1678,22293,184,142,26128,Q4,1849
15727,23456,342,100,34200,Q5,1850
23545,25378,55,47,2585,Q1,1851
5013,10863,136,71,9656,Q2,1852
10002,20941,214,73,15622,Q3,1853
472,10625,273,119,32487,Q4,1854
10838,19506,331,103,34093,Q5,1855
8298,21861,37,76,2812,Q1,1856
7471,17570,55,140,7700,Q2,1857
12482,19188,142,102,14484,Q3,1858
1559,16461,414,74,30636,Q4,1859
2891,20240,501,250,125250,Q5,1860
7196,18861,34,170,5780,Q1,1861
18738,24503,81,115,9315,Q2,1862
13494,20396,158,81,12798,Q3,1863
20775,21451,147,181,26607,Q4,1864
421,7000,365,180,65700,Q5,1865
222,17261,20,78,1560,Q1,1866
9620,19849,137,56,7672,Q2,1867
15096,21887,81,151,12231,Q3,1868
5623,6063,117,194,22698,Q4,1869
818,15521,392,373,146216,Q5,1870
14302,23520,59,73,4307,Q1,1871
18286,18982,76,97,7372,Q2,1872
12734,21533,104,123,12792,Q3,1873
3475,11878,59,322,18998,Q4,1874
19310,23917,290,229,66410,Q5,1875
1045,23847,34,72,2448,Q1,1876
16505,21360,157,40,6280,Q2,1877
2865,14128,119,148,17612,Q3,1878
3600,14501,70,289,20230,Q4,1879
14035,18421,264,170,44880,Q5,1880
3592,21024,43,88,3784,Q1,1881
2107,17470,88,117,10296,Q2,1882
2780,17500,283,54,15282,Q3,1883
282,5578,120,208,24960,Q4,1884
18763,20064,293,114,33402,Q5,1885
8046,23551,39,117,4563,Q1,1886
9212,11081,163,37,6031,Q2,1887
7339,24449,193,72,13896,Q3,1888
21965,22681,213,110,23430,Q4,1889
20605,25222,360,123,44280,Q5,1890
3539,17370,143,33,4719,Q1,1891
21866,25220,95,87,8265,Q2,1892
11599,22497,142,94,13348,Q3,1893
12065,25340,79,330,26070,Q4,1894
8922,23060,78,829,64662,Q5,1895
7563,23482,40,100,4000,Q1,1896
13914,20061,104,70,7280,Q2,1897
12319,24678,92,146,13432,Q3,1898
12310,25103,137,166,22742,Q4,1899
4169,9542,376,91,34216,Q5,1900
11565,12092,40,97,3880,Q1,1901
12818,20766,179,45,8055,Q2,1902
10636,16509,228,52,11856,Q3,1903
3379,4831,237,113,26781,Q4,1904
16319,17671,217,227,49259,Q5,1905
5846,16703,10,35,350,Q1,1906
20478,23443,52,125,6500,Q2,1907
3872,10199,107,116,12412,Q3,1908
12706,13141,126,203,25578,Q4,1909
10583,18437,90,533,47970,Q5,1910
452,24545,42,110,4620,Q1,1911
4012,21932,85,115,9775,Q2,1912
4559,21503,152,102,15504,Q3,1913
15852,24738,192,108,20736,Q4,1914
14750,20038,859,158,135722,Q5,1915
3515,4876,30,185,5550,Q1,1916
8538,11140,62,109,6758,Q2,1917
14124,19733,129,99,12771,Q3,1918
8687,9384,161,126,20286,Q4,1919
3284,19559,866,136,117776,Q5,1920
19924,20679,91,55,5005,Q1,1921
8911,17028,82,110,9020,Q2,1922
12985,13626,39,389,15171,Q3,1923
9014,24075,144,215,30960,Q4,1924
10267,13624,126,421,53046,Q5,1925
5481,22886,103,47,4841,Q1,1926
18283,22493,109,89,9701,Q2,1927
15699,21353,217,63,13671,Q3,1928
18716,20696,294,93,27342,Q4,1929
557,2519,310,154,47740,Q5,1930
16789,18832,73,70,5110,Q1,1931
19297,22908,178,47,8366,Q2,1932
13149,19763,178,73,12994,Q3,1933
1023,10828,275,68,18700,Q4,1934
3990,24833,282,124,34968,Q5,1935
13513,14885,46,89,4094,Q1,1936
12869,24936,113,56,6328,Q2,1937
2424,3188,270,58,15660,Q3,1938
16330,22173,214,125,26750,Q4,1939
12921,14561,266,520,138320,Q5,1940
13083,14837,71,42,2982,Q1,1941
13863,24881,112,64,7168,Q2,1942
4954,12876,57,304,17328,Q3,1943
9250,22929,188,128,24064,Q4,1944
15012,15409,305,153,46665,Q5,1945
6289,22622,30,100,3000,Q1,1946
5279,7470,202,52,10504,Q2,1947
6699,12155,184,60,11040,Q3,1948
4019,18498,123,170,20910,Q4,1949
5884,12557,252,137,34524,Q5,1950
400,21979,12,99,1188,Q1,1951
10229,15574,129,56,7224,Q2,1952
7036,17587,89,177,15753,Q3,1953
4943,10326,54,355,19170,Q4,1954
2193,17881,240,726,174240,Q5,1955
7193,16785,47,82,3854,Q1,1956
2834,5719,209,39,8151,Q2,1957
14150,16280,170,89,15130,Q3,1958
3307,8600,169,152,25688,Q4,1959
11708,14695,96,656,62976,Q5,1960
8220,22133,103,37,3811,Q1,1961
2738,23509,98,110,10780,Q2,1962
1853,15286,212,55,11660,Q3,1963
16491,20651,181,109,19729,Q4,1964
5599,20422,346,104,35984,Q5,1965
8477,12506,53,98,5194,Q1,1966
16432,24038,47,184,8648,Q2,1967
22190,22342,68,209,14212,Q3,1968
7554,11032,177,110,19470,Q4,1969
4711,9668,243,203,49329,Q5,1970
15538,18326,61,54,3294,Q1,1971
2479,3697,121,81,9801,Q2,1972
3749,15152,96,149,14304,Q3,1973
544,5178,117,175,20475,Q4,1974
8698,9830,978,160,156480,Q5,1975
9292,24175,49,87,4263,Q1,1976
921,20796,105,90,9450,Q2,1977
11604,19999,52,226,11752,Q3,1978
8240,11638,289,92,26588,Q4,1979
10850,21737,445,181,80545,Q5,1980
3296,17505,161,30,4830,Q1,1981
10656,21321,96,106,10176,Q2,1982
19723,21029,140,121,16940,Q3,1983
10733,20632,320,74,23680,Q4,1984
17184,19641,128,380,48640,Q5,1985
3803,10912,186,27,5022,Q1,1986
5600,24933,85,94,7990,Q2,1987
713,24579,168,78,13104,Q3,1988
19071,22854,80,279,22320,Q4,1989
4234,20005,425,540,229500,Q5,1990
6457,9968,108,54,5832,Q1,1991
6420,19719,118,61,7198,Q2,1992
7634,18136,57,196,11172,Q3,1993
8805,19307,106,238,25228,Q4,1994
1422,14390,78,433,33774,Q5,1995
7205,17295,117,41,4797,Q1,1996
13224,14145,102,89,9078,Q2,1997
9392,16557,129,92,11868,Q3,1998
3153,24171,120,219,26280,Q4,1999
14932,23594,295,167,49265,Q5,2000
21234,25328,84,66,5544,Q1,2001
10506,17870,126,61,7686,Q2,2002
2745,24332,54,332,17928,Q3,2003
14158,20616,298,72,21456,Q4,2004
9550,15795,369,120,44280,Q5,2005
8538,11444,62,69,4278,Q1,2006
19292,25491,169,36,6084,Q2,2007
3223,10825,84,139,11676,Q3,2008
4626,13213,144,227,32688,Q4,2009
917,8966,267,545,145515,Q5,2010
6196,19699,29,118,3422,Q1,2011
11810,14455,68,145,9860,Q2,2012
15192,21974,107,123,13161,Q3,2013
2765,11814,219,123,26937,Q4,2014
124,18756,94,370,34780,Q5,2015
9416,19760,101,51,5151,Q1,2016
10790,24631,83,97,8051,Q2,2017
5160,8254,158,72,11376,Q3,2018
18916,21229,430,52,22360,Q4,2019
18229,22123,103,383,39449,Q5,2020
6530,20306,25,71,1775,Q1,2021
3984,10772,157,62,9734,Q2,2022
4796,16681,99,140,13860,Q3,2023
23179,24578,140,151,21140,Q4,2024
12252,18586,420,133,55860,Q5,2025
12521,15479,58,62,3596,Q1,2026
1236,4943,174,54,9396,Q2,2027
19587,20413,252,58,14616,Q3,2028
10968,18175,104,193,20072,Q4,2029
4482,16267,140,327,45780,Q5,2030
14426,14461,118,45,5310,Q1,2031
3713,10128,142,53,7526,Q2,2032
2452,6830,265,50,13250,Q3,2033
16110,23059,184,151,27784,Q4,2034
6451,14453,335,657,220095,Q5,2035
7410,10953,53,92,4876,Q1,2036
10069,19350,61,122,7442,Q2,2037
16408,17375,82,157,12874,Q3,2038
13913,16073,270,116,31320,Q4,2039
4120,17236,1019,72,73368,Q5,2040
15516,22911,55,71,3905,Q1,2041
13813,20081,125,73,9125,Q2,2042
7673,11693,141,120,16920,Q3,2043
12885,13430,93,292,27156,Q4,2044
10870,24349,913,156,142428,Q5,2045
15712,18005,38,44,1672,Q1,2046
13974,20033,174,59,10266,Q2,2047
1976,10644,241,67,16147,Q3,2048
2435,15298,129,162,20898,Q4,2049
15917,17800,237,238,56406,Q5,2050
5589,19768,53,87,4611,Q1,2051
2703,17211,73,84,6132,Q2,2052
15036,18215,88,205,18040,Q3,2053
19969,24331,211,151,31861,Q4,2054
2835,13905,368,212,78016,Q5,2055
6730,22491,50,64,3200,Q1,2056
18494,18835,124,64,7936,Q2,2057
8490,12805,177,84,14868,Q3,2058
12609,14562,155,156,24180,Q4,2059
2482,12695,369,123,45387,Q5,2060
1998,21871,40,97,3880,Q1,2061
6442,13339,77,108,8316,Q2,2062
19608,20102,82,149,12218,Q3,2063
17324,20186,182,133,24206,Q4,2064
19391,23336,286,177,50622,Q5,2065
6603,17383,30,117,3510,Q1,2066
19001,19039,73,105,7665,Q2,2067
424,13017,42,303,12726,Q3,2068
1148,19649,306,60,18360,Q4,2069
5909,12343,261,251,65511,Q5,2070
19536,20358,25,80,2000,Q1,2071
6096,23673,23,323,7429,Q2,2072
15780,23964,145,118,17110,Q3,2073
14048,24521,115,261,30015,Q4,2074
5861,14041,200,298,59600,Q5,2075
6045,14918,32,53,1696,Q1,2076
10548,22858,45,180,8100,Q2,2077
2906,23563,187,93,17391,Q3,2078
13900,14360,130,183,23790,Q4,2079
1543,17929,233,429,99957,Q5,2080
10525,23439,85,25,2125,Q1,2081
3036,20595,192,55,10560,Q2,2082
9256,10008,141,93,13113,Q3,2083
1980,7008,293,73,21389,Q4,2084
14436,18406,434,180,78120,Q5,2085
10218,21872,61,95,5795,Q1,2086
10597,24918,134,55,7370,Q2,2087
3400,24414,158,73,11534,Q3,2088
13952,19184,140,189,26460,Q4,2089
4824,22833,216,207,44712,Q5,2090
19757,25097,53,65,3445,Q1,2091
5832,20390,89,107,9523,Q2,2092
13692,16235,229,65,14885,Q3,2093
14062,15667,153,123,18819,Q4,2094
5106,24563,176,561,98736,Q5,2095
22012,22952,20,99,1980,Q1,2096
4039,5171,129,50,6450,Q2,2097
4384,16203,208,72,14976,Q3,2098
9163,15310,87,336,29232,Q4,2099
3280,11294,298,137,40826,Q5,2100
11665,18535,42,135,5670,Q1,2101
15754,16181,112,80,8960,Q2,2102
13108,19628,43,360,15480,Q3,2103
3075,3973,281,110,30910,Q4,2104
1418,24345,549,75,41175,Q5,2105
15538,17306,61,45,2745,Q1,2106
600,20210,177,60,10620,Q2,2107
1581,23226,116,95,11020,Q3,2108
14622,22636,259,121,31339,Q4,2109
3019,22276,200,212,42400,Q5,2110
5804,24100,97,42,4074,Q1,2111
4112,9460,95,81,7695,Q2,2112
5824,8684,109,126,13734,Q3,2113
7355,9184,314,93,29202,Q4,2114
9326,25495,257,150,38550,Q5,2115
5600,13166,85,56,4760,Q1,2116
3868,20263,253,35,8855,Q2,2117
5726,20156,127,97,12319,Q3,2118
4526,15040,264,103,27192,Q4,2119
16940,21070,120,352,42240,Q5,2120
4952,5167,51,97,4947,Q1,2121
18798,19532,98,107,10486,Q2,2122
4419,6250,120,138,16560,Q3,2123
428,8112,184,156,28704,Q4,2124
3968,16264,212,160,33920,Q5,2125
843,23890,46,49,2254,Q1,2126
13604,19872,179,46,8234,Q2,2127
3444,5640,141,118,16638,Q3,2128
7387,7914,48,388,18624,Q4,2129
3235,10971,157,501,78657,Q5,2130
13832,15265,29,174,5046,Q1,2131
18667,24712,247,30,7410,Q2,2132
2893,10979,106,157,16642,Q3,2133
12587,14895,140,135,18900,Q4,2134
9693,12421,355,308,109340,Q5,2135
10923,11848,37,39,1443,Q1,2136
4777,20426,68,131,8908,Q2,2137
19276,21216,152,94,14288,Q3,2138
11423,14775,213,151,32163,Q4,2139
4491,9879,575,144,82800,Q5,2140
17368,20505,37,96,3552,Q1,2141
7916,25319,505,19,9595,Q2,2142
10487,18582,87,177,15399,Q3,2143
9327,22121,129,178,22962,Q4,2144
11354,16867,369,164,60516,Q5,2145
7551,12874,28,56,1568,Q1,2146
4390,9085,199,47,9353,Q2,2147
6306,10053,127,92,11684,Q3,2148
13604,16323,179,136,24344,Q4,2149
3160,12923,751,73,54823,Q5,2150
39,25232,37,147,5439,Q1,2151
5608,13157,129,81,10449,Q2,2152
11929,24585,126,87,10962,Q3,2153
1746,14236,238,120,28560,Q4,2154
2086,15940,368,110,40480,Q5,2155
312,16645,24,123,2952,Q1,2156
13579,19572,135,54,7290,Q2,2157
23942,24578,85,151,12835,Q3,2158
6473,9066,75,369,27675,Q4,2159
8064,15379,318,280,89040,Q5,2160
7977,25074,59,74,4366,Q1,2161
2195,8189,74,128,9472,Q2,2162
1194,16093,140,95,13300,Q3,2163
15364,21717,179,118,21122,Q4,2164
2093,22660,111,376,41736,Q5,2165
2045,4494,28,152,4256,Q1,2166
16348,23283,73,122,8906,Q2,2167
2945,15833,123,98,12054,Q3,2168
1083,21257,205,94,19270,Q4,2169
4502,15455,340,189,64260,Q5,2170
4540,6173,46,19,874,Q1,2171
7535,12819,44,138,6072,Q2,2172
20459,25231,262,66,17292,Q3,2173
2214,6229,130,188,24440,Q4,2174
905,13934,154,314,48356,Q5,2175
7189,12822,80,44,3520,Q1,2176
2940,4614,93,76,7068,Q2,2177
20151,21794,69,205,14145,Q3,2178
8087,9551,133,155,20615,Q4,2179
373,13220,122,310,37820,Q5,2180
9202,25112,56,57,3192,Q1,2181
11555,18706,74,119,8806,Q2,2182
667,19701,235,62,14570,Q3,2183
15500,25485,98,204,19992,Q4,2184
8777,15014,458,101,46258,Q5,2185
7831,11162,23,180,4140,Q1,2186
1939,2844,65,125,8125,Q2,2187
11619,24032,140,115,16100,Q3,2188
2634,5610,116,199,23084,Q4,2189
3694,22660,184,376,69184,Q5,2190
541,9767,79,64,5056,Q1,2191
14213,18353,74,92,6808,Q2,2192
1846,3706,150,101,15150,Q3,2193
19753,22446,117,170,19890,Q4,2194
2272,7501,183,284,51972,Q5,2195
4082,21918,47,110,5170,Q1,2196
601,4900,71,113,8023,Q2,2197
551,4859,177,81,14337,Q3,2198
18822,24634,251,99,24849,Q4,2199
14236,23366,120,287,34440,Q5,2200
15605,20463,95,58,5510,Q1,2201
398,20527,53,121,6413,Q2,2202
13564,21154,127,91,11557,Q3,2203
10306,23471,130,189,24570,Q4,2204
3152,18293,262,260,68120,Q5,2205
15220,20016,55,83,4565,Q1,2206
6062,20180,112,71,7952,Q2,2207
15417,23377,173,100,17300,Q3,2208
9597,10010,382,59,22538,Q4,2209
2683,16475,104,339,35256,Q5,2210
1183,12542,61,21,1281,Q1,2211
18051,23864,119,75,8925,Q2,2212
910,17612,126,112,14112,Q3,2213
3717,4528,100,240,24000,Q4,2214
12620,20737,294,130,38220,Q5,2215
3943,11675,96,51,4896,Q1,2216
18909,22780,106,92,9752,Q2,2217
15124,15240,118,113,13334,Q3,2218
6035,10784,126,159,20034,Q4,2219
12207,14856,1221,91,111111,Q5,2220
8539,15263,34,141,4794,Q1,2221
16962,20942,77,128,9856,Q2,2222
9429,18575,38,415,15770,Q3,2223
9557,18108,100,191,19100,Q4,2224
3806,10748,304,135,41040,Q5,2225
16464,22639,70,65,4550,Q1,2226
12851,21566,78,111,8658,Q2,2227
19388,21289,135,122,16470,Q3,2228
3761,15146,77,265,20405,Q4,2229
584,10957,155,324,50220,Q5,2230
10537,12956,56,91,5096,Q1,2231
4066,13735,57,146,8322,Q2,2232
6771,22725,189,67,12663,Q3,2233
5965,11918,105,200,21000,Q4,2234
5290,24400,213,252,53676,Q5,2235
5790,7409,108,36,3888,Q1,2236
19614,20474,97,85,8245,Q2,2237
19486,23845,159,100,15900,Q3,2238
1299,12405,83,299,24817,Q4,2239
10949,13069,151,274,41374,Q5,2240
6302,22886,53,47,2491,Q1,2241
47,8804,55,172,9460,Q2,2242
10284,13706,62,218,13516,Q3,2243
1922,9259,284,117,33228,Q4,2244
5494,6853,300,118,35400,Q5,2245
8751,21035,78,62,4836,Q1,2246
3406,20883,108,58,6264,Q2,2247
12494,13927,199,58,11542,Q3,2248
1535,14916,80,253,20240,Q4,2249
5440,9816,192,250,48000,Q5,2250
18350,24113,101,19,1919,Q1,2251
10807,20830,243,40,9720,Q2,2252
5020,22387,267,46,12282,Q3,2253
1075,25276,117,204,23868,Q4,2254
6281,15508,302,200,60400,Q5,2255
11713,12123,58,72,4176,Q1,2256
9222,21438,143,51,7293,Q2,2257
4768,19834,85,176,14960,Q3,2258
3735,13839,317,66,20922,Q4,2259
6707,18475,211,200,42200,Q5,2260
5891,22838,31,70,2170,Q1,2261
8193,11302,227,31,7037,Q2,2262
5786,18153,112,143,16016,Q3,2263
6046,16611,66,337,22242,Q4,2264
1244,22798,191,489,93399,Q5,2265
15646,25486,76,62,4712,Q1,2266
4202,25433,117,88,10296,Q2,2267
15065,19451,125,114,14250,Q3,2268
14329,18656,85,235,19975,Q4,2269
528,9062,176,364,64064,Q5,2270
5508,14427,28,52,1456,Q1,2271
9834,16409,67,114,7638,Q2,2272
696,18083,92,166,15272,Q3,2273
3551,8545,188,106,19928,Q4,2274
1839,1842,286,281,80366,Q5,2275
402,13380,123,46,5658,Q1,2276
17217,23669,77,92,7084,Q2,2277
4412,8359,115,118,13570,Q3,2278
615,12560,135,158,21330,Q4,2279
4165,12423,374,133,49742,Q5,2280
13,16410,48,73,3504,Q1,2281
14432,24025,127,72,9144,Q2,2282
5924,7983,199,55,10945,Q3,2283
10854,22746,236,87,20532,Q4,2284
287,1182,364,106,38584,Q5,2285
4856,16038,20,119,2380,Q1,2286
19877,20476,70,118,8260,Q2,2287
3203,23342,144,90,12960,Q3,2288
18934,19183,296,83,24568,Q4,2289
1976,5121,241,169,40729,Q5,2290
4580,7417,48,47,2256,Q1,2291
5075,25029,57,169,9633,Q2,2292
9825,24900,249,73,18177,Q3,2293
10838,11388,331,61,20191,Q4,2294
371,734,427,157,67039,Q5,2295
4934,18320,50,45,2250,Q1,2296
2283,22165,127,63,8001,Q2,2297
21261,23489,137,89,12193,Q3,2298
5428,7549,242,133,32186,Q4,2299
1297,11827,178,813,144714,Q5,2300
11231,17716,12,96,1152,Q1,2301
3135,15911,133,67,8911,Q2,2302
13013,15725,80,151,12080,Q3,2303
10847,18480,135,237,31995,Q4,2304
335,10287,266,129,34314,Q5,2305
6073,12406,29,169,4901,Q1,2306
2287,8274,107,83,8881,Q2,2307
16957,17755,156,85,13260,Q3,2308
4796,12350,99,261,25839,Q4,2309
12619,18958,267,179,47793,Q5,2310
1318,12841,55,90,4950,Q1,2311
7461,14681,32,261,8352,Q2,2312
19474,23481,212,75,15900,Q3,2313
12253,16048,70,460,32200,Q4,2314
13754,25016,813,168,136584,Q5,2315
5335,12135,111,35,3885,Q1,2316
2627,17596,108,67,7236,Q2,2317
20195,23906,91,132,12012,Q3,2318
2521,18698,308,62,19096,Q4,2319
5709,7816,266,137,36442,Q5,2320
10474,16066,83,44,3652,Q1,2321
9204,14101,67,129,8643,Q2,2322
15502,25414,144,110,15840,Q3,2323
18110,24041,75,247,18525,Q4,2324
16632,16840,268,135,36180,Q5,2325
12724,17195,70,80,5600,Q1,2326
9942,19030,60,114,6840,Q2,2327
4163,15962,106,112,11872,Q3,2328
1067,12890,114,280,31920,Q4,2329
2988,20724,527,124,65348,Q5,2330
9881,11839,30,34,1020,Q1,2331
2411,21948,70,142,9940,Q2,2332
9327,13800,129,88,11352,Q3,2333
9370,15832,154,165,25410,Q4,2334
6249,16239,252,136,34272,Q5,2335
7736,22065,39,61,2379,Q1,2336
1471,20883,156,58,9048,Q2,2337
19153,23614,102,132,13464,Q3,2338
17062,24711,76,263,19988,Q4,2339
10846,12495,490,276,135240,Q5,2340
12689,21022,53,68,3604,Q1,2341
7186,11757,171,51,8721,Q2,2342
5337,23071,99,124,12276,Q3,2343
11531,25303,88,220,19360,Q4,2344
418,24087,318,191,60738,Q5,2345
10903,19850,41,130,5330,Q1,2346
24140,24470,130,75,9750,Q2,2347
14535,24483,200,56,11200,Q3,2348
5971,16080,165,121,19965,Q4,2349
13374,13707,237,154,36498,Q5,2350
1723,13372,79,71,5609,Q1,2351
20681,22454,183,34,6222,Q2,2352
15153,15592,112,110,12320,Q3,2353
16632,21314,268,122,32696,Q4,2354
7564,21935,153,237,36261,Q5,2355
9878,25361,81,60,4860,Q1,2356
6520,24117,92,91,8372,Q2,2357
4689,22930,178,86,15308,Q3,2358
8189,23526,128,219,28032,Q4,2359
9014,11975,144,672,96768,Q5,2360
1905,14149,44,110,4840,Q1,2361
3818,18324,115,84,9660,Q2,2362
69,9590,157,73,11461,Q3,2363
5890,13970,152,141,21432,Q4,2364
11563,23615,1093,73,79789,Q5,2365
4159,6675,18,38,684,Q1,2366
13506,14550,90,118,10620,Q2,2367
6612,14748,156,83,12948,Q3,2368
465,16584,151,134,20234,Q4,2369
2304,14000,242,143,34606,Q5,2370
11738,17736,59,65,3835,Q1,2371
10445,22643,32,295,9440,Q2,2372
4785,23649,246,61,15006,Q3,2373
12424,13774,70,341,23870,Q4,2374
8076,19588,94,464,43616,Q5,2375
4961,24911,48,55,2640,Q1,2376
1441,3645,60,121,7260,Q2,2377
338,945,196,58,11368,Q3,2378
3946,24203,104,207,21528,Q4,2379
15508,17699,200,286,57200,Q5,2380
5872,20604,48,102,4896,Q1,2381
10408,21942,75,115,8625,Q2,2382
14488,18874,86,169,14534,Q3,2383
2113,21990,311,66,20526,Q4,2384
9306,10219,168,296,49728,Q5,2385
9785,11774,137,27,3699,Q1,2386
9413,10274,99,79,7821,Q2,2387
16820,21030,102,162,16524,Q3,2388
1473,13209,205,142,29110,Q4,2389
3802,20049,493,105,51765,Q5,2390
15736,20097,86,20,1720,Q1,2391
5888,17947,69,136,9384,Q2,2392
2579,21680,137,105,14385,Q3,2393
9558,25205,270,80,21600,Q4,2394
2496,24612,205,227,46535,Q5,2395
7587,18630,18,97,1746,Q1,2396
15661,20878,212,38,8056,Q2,2397
9939,11571,136,100,13600,Q3,2398
8665,18063,142,135,19170,Q4,2399
10115,13897,95,578,54910,Q5,2400
12551,24306,116,34,3944,Q1,2401
8621,11042,47,207,9729,Q2,2402
5749,23244,110,140,15400,Q3,2403
19815,24003,95,270,25650,Q4,2404
4835,16443,133,294,39102,Q5,2405
4462,12301,110,41,4510,Q1,2406
17425,23321,111,71,7881,Q2,2407
88,2698,44,276,12144,Q3,2408
9234,21192,178,112,19936,Q4,2409
12404,20565,320,115,36800,Q5,2410
8124,8242,88,34,2992,Q1,2411
10750,11598,55,151,8305,Q2,2412
1806,10345,174,63,10962,Q3,2413
10363,15650,214,94,20116,Q4,2414
9457,13370,141,254,35814,Q5,2415
13636,25002,44,58,2552,Q1,2416
7576,13413,91,72,6552,Q2,2417
5174,9218,82,142,11644,Q3,2418
1956,5905,147,194,28518,Q4,2419
4715,6032,201,182,36582,Q5,2420
9502,12477,21,195,4095,Q1,2421
9154,11773,69,123,8487,Q2,2422
9081,15638,187,60,11220,Q3,2423
20231,24278,39,728,28392,Q4,2424
1000,5645,229,183,41907,Q5,2425
22489,24760,134,40,5360,Q1,2426
1303,7378,253,25,6325,Q2,2427
10207,15253,141,113,15933,Q3,2428
6017,15017,232,82,19024,Q4,2429
12197,18379,233,239,55687,Q5,2430
24310,24738,42,108,4536,Q1,2431
7737,17461,96,83,7968,Q2,2432
15042,17963,203,54,10962,Q3,2433
10983,14445,162,121,19602,Q4,2434
2838,19703,413,131,54103,Q5,2435
7435,19882,25,138,3450,Q1,2436
1305,2346,63,131,8253,Q2,2437
15439,20581,126,139,17514,Q3,2438
17089,23443,164,125,20500,Q4,2439
4524,17931,115,870,100050,Q5,2440
13874,24528,133,34,4522,Q1,2441
256,25502,172,46,7912,Q2,2442
20488,22398,363,46,16698,Q3,2443
8934,21697,128,149,19072,Q4,2444
2964,25209,365,266,97090,Q5,2445
342,24485,31,165,5115,Q1,2446
6397,25006,71,95,6745,Q2,2447
5896,25217,114,111,12654,Q3,2448
11520,19940,53,519,27507,Q4,2449
1413,4740,185,322,59570,Q5,2450
14136,18669,86,64,5504,Q1,2451
4656,20166,179,53,9487,Q2,2452
9284,11543,159,114,18126,Q3,2453
16071,22696,117,159,18603,Q4,2454
2307,8054,245,200,49000,Q5,2455
8658,8958,82,37,3034,Q1,2456
16643,25107,155,55,8525,Q2,2457
11347,13409,248,65,16120,Q3,2458
5768,10152,160,172,27520,Q4,2459
14338,24560,81,433,35073,Q5,2460
2030,18127,38,63,2394,Q1,2461
16204,16597,72,133,9576,Q2,2462
2127,22201,119,94,11186,Q3,2463
6837,23781,324,75,24300,Q4,2464
6806,11055,289,364,105196,Q5,2465
12613,18751,62,84,5208,Q1,2466
6903,11944,111,60,6660,Q2,2467
6647,10559,150,77,11550,Q3,2468
13831,24361,231,120,27720,Q4,2469
1145,19364,508,345,175260,Q5,2470
14295,17050,85,28,2380,Q1,2471
7857,8929,85,85,7225,Q2,2472
2047,7175,69,186,12834,Q3,2473
2361,2975,254,125,31750,Q4,2474
4898,24003,381,270,102870,Q5,2475
15341,23341,56,60,3360,Q1,2476
19919,23578,64,111,7104,Q2,2477
19311,22954,247,72,17784,Q3,2478
18445,21250,160,130,20800,Q4,2479
1051,17999,319,443,141317,Q5,2480
1800,22238,90,37,3330,Q1,2481
6464,14321,30,274,8220,Q2,2482
11088,15470,131,113,14803,Q3,2483
15955,22001,158,125,19750,Q4,2484
20833,24428,118,310,36580,Q5,2485
294,14005,42,87,3654,Q1,2486
5975,8075,76,99,7524,Q2,2487
2454,23833,156,110,17160,Q3,2488
11860,12314,95,269,25555,Q4,2489
1007,24948,321,177,56817,Q5,2490
9574,19296,46,108,4968,Q1,2491
586,20626,74,111,8214,Q2,2492
11224,11620,96,145,13920,Q3,2493
10868,15164,221,123,27183,Q4,2494
4707,4722,517,245,126665,Q5,2495
12168,12838,31,59,1829,Q1,2496
12930,20557,64,121,7744,Q2,2497
4123,6496,81,148,11988,Q3,2498
8205,24463,70,305,21350,Q4,2499
14173,17671,253,227,57431,Q5,2500
5318,13228,47,121,5687,Q1,2501
9810,22743,254,33,8382,Q2,2502
14321,15121,274,61,16714,Q3,2503
5191,12331,132,142,18744,Q4,2504
7103,18510,150,301,45150,Q5,2505
6724,23309,109,50,5450,Q1,2506
13187,24129,37,184,6808,Q2,2507
9149,12429,65,200,13000,Q3,2508
19407,19487,62,321,19902,Q4,2509
5303,5722,126,475,59850,Q5,2510
7566,13076,35,49,1715,Q1,2511
6219,21819,60,132,7920,Q2,2512
15902,24411,73,161,11753,Q3,2513
7114,10586,138,153,21114,Q4,2514
3552,9179,351,289,101439,Q5,2515
9095,12005,128,46,5888,Q1,2516
18190,23068,128,83,10624,Q2,2517
5205,5804,179,97,17363,Q3,2518
2909,8172,165,144,23760,Q4,2519
9040,22074,300,116,34800,Q5,2520
12597,24929,128,40,5120,Q1,2521
417,17137,43,156,6708,Q2,2522
22096,25113,117,146,17082,Q3,2523
5188,15553,127,183,23241,Q4,2524
229,12287,122,563,68686,Q5,2525
23539,24494,70,65,4550,Q1,2526
698,2404,111,73,8103,Q2,2527
9993,24510,95,168,15960,Q3,2528
12019,21936,185,105,19425,Q4,2529
17936,22060,388,220,85360,Q5,2530
4920,8452,52,70,3640,Q1,2531
13349,16377,66,111,7326,Q2,2532
6292,20862,175,69,12075,Q3,2533
196,15706,494,47,23218,Q4,2534
6222,23221,188,316,59408,Q5,2535
6939,18345,143,40,5720,Q1,2536
19243,24325,102,70,7140,Q2,2537
6771,17651,189,67,12663,Q3,2538
8290,9335,181,156,28236,Q4,2539
9778,22697,154,273,42042,Q5,2540
1587,4970,74,35,2590,Q1,2541
7177,22890,116,78,9048,Q2,2542
21892,24514,45,326,14670,Q3,2543
19349,24029,191,105,20055,Q4,2544
21456,23767,321,233,74793,Q5,2545
3097,23780,125,45,5625,Q1,2546
6162,8478,61,102,6222,Q2,2547
2641,15917,64,237,15168,Q3,2548
1532,10262,86,335,28810,Q4,2549
10833,25244,492,95,46740,Q5,2550
20562,22837,41,60,2460,Q1,2551
3229,25231,105,66,6930,Q2,2552
23437,24238,80,176,14080,Q3,2553
12048,14961,409,56,22904,Q4,2554
6678,23202,126,279,35154,Q5,2555
9862,17378,17,30,510,Q1,2556
6683,8936,63,101,6363,Q2,2557
7969,19828,176,73,12848,Q3,2558
12459,22972,215,96,20640,Q4,2559
12432,19575,227,190,43130,Q5,2560
7697,20148,40,147,5880,Q1,2561
10239,19073,89,83,7387,Q2,2562
7760,13407,183,94,17202,Q3,2563
10819,11007,114,266,30324,Q4,2564
16685,24338,345,180,62100,Q5,2565
273,8351,24,43,1032,Q1,2566
7156,8717,107,78,8346,Q2,2567
2693,12203,49,286,14014,Q3,2568
572,20688,180,140,25200,Q4,2569
9324,24479,205,232,47560,Q5,2570
20555,23537,40,84,3360,Q1,2571
16713,17395,104,92,9568,Q2,2572
4015,13391,141,125,17625,Q3,2573
11607,16751,172,152,26144,Q4,2574
6588,10211,152,268,40736,Q5,2575
10264,11108,74,77,5698,Q1,2576
9642,10076,127,54,6858,Q2,2577
4375,4828,56,221,12376,Q3,2578
6064,14127,129,202,26058,Q4,2579
717,19004,1127,207,233289,Q5,2580
2078,10396,43,83,3569,Q1,2581
12374,22293,62,142,8804,Q2,2582
9508,11733,258,48,12384,Q3,2583
1841,11315,404,74,29896,Q4,2584
5991,10899,162,539,87318,Q5,2585
14234,14945,46,82,3772,Q1,2586
2299,4921,129,53,6837,Q2,2587
3542,12672,157,75,11775,Q3,2588
1436,23750,361,78,28158,Q4,2589
6380,6451,232,335,77720,Q5,2590
13816,21364,31,113,3503,Q1,2591
9351,22131,284,26,7384,Q2,2592
570,25071,36,477,17172,Q3,2593
14924,24181,157,125,19625,Q4,2594
9927,15907,138,342,47196,Q5,2595
20322,21559,54,73,3942,Q1,2596
4423,15712,239,38,9082,Q2,2597
18232,18739,116,95,11020,Q3,2598
5604,9074,102,292,29784,Q4,2599
14366,24750,211,311,65621,Q5,2600
12333,20467,95,16,1520,Q1,2601
4034,5227,55,110,6050,Q2,2602
12403,14134,79,177,13983,Q3,2603
21148,25147,94,290,27260,Q4,2604
3356,10909,723,130,93990,Q5,2605
20421,21480,128,41,5248,Q1,2606
3777,12891,136,60,8160,Q2,2607
2747,5375,26,438,11388,Q3,2608
16532,20691,98,225,22050,Q4,2609
9653,15425,168,210,35280,Q5,2610
13647,22401,41,101,4141,Q1,2611
6093,25140,71,134,9514,Q2,2612
13991,19369,265,58,15370,Q3,2613
1419,22414,166,149,24734,Q4,2614
6596,15189,236,194,45784,Q5,2615
3359,9238,33,116,3828,Q1,2616
1790,13801,87,97,8439,Q2,2617
4919,7711,161,98,15778,Q3,2618
13849,19462,63,527,33201,Q4,2619
2339,3542,225,157,35325,Q5,2620
22465,23620,25,107,2675,Q1,2621
1372,15952,141,60,8460,Q2,2622
4185,15637,145,116,16820,Q3,2623
8851,14495,143,209,29887,Q4,2624
15380,21096,387,97,37539,Q5,2625
2365,21568,62,85,5270,Q1,2626
5111,15429,83,119,9877,Q2,2627
5070,11162,80,180,14400,Q3,2628
5414,21025,347,86,29842,Q4,2629
18857,19474,158,212,33496,Q5,2630
7316,20698,39,79,3081,Q1,2631
6448,7484,119,67,7973,Q2,2632
16397,23211,146,84,12264,Q3,2633
2820,16697,321,100,32100,Q4,2634
5665,14698,119,319,37961,Q5,2635
11298,15692,62,97,6014,Q1,2636
9046,22233,85,104,8840,Q2,2637
445,22580,521,31,16151,Q3,2638
2815,11775,326,85,27710,Q4,2639
4825,17751,469,108,50652,Q5,2640
13477,24478,96,24,2304,Q1,2641
5214,7187,56,112,6272,Q2,2642
11468,21421,148,89,13172,Q3,2643
7119,21063,225,92,20700,Q4,2644
193,3974,228,245,55860,Q5,2645
17065,25515,66,56,3696,Q1,2646
4747,17831,418,17,7106,Q2,2647
10840,22146,362,39,14118,Q3,2648
18139,20333,184,136,25024,Q4,2649
5619,12038,317,163,51671,Q5,2650
9745,14897,58,100,5800,Q1,2651
24310,25216,42,187,7854,Q2,2652
13466,18238,183,76,13908,Q3,2653
9288,9392,195,129,25155,Q4,2654
5699,5851,292,170,49640,Q5,2655
7437,14689,17,94,1598,Q1,2656
5565,19060,116,90,10440,Q2,2657
7168,16835,228,73,16644,Q3,2658
14481,21826,238,94,22372,Q4,2659
14683,24563,273,561,153153,Q5,2660
7997,20174,27,121,3267,Q1,2661
3614,17073,158,56,8848,Q2,2662
600,17959,177,77,13629,Q3,2663
2652,7744,58,406,23548,Q4,2664
5384,8991,37,1114,41218,Q5,2665
4590,22614,48,53,2544,Q1,2666
7230,16543,129,61,7869,Q2,2667
23178,23409,131,87,11397,Q3,2668
3379,16239,237,136,32232,Q4,2669
4158,6585,220,307,67540,Q5,2670
11177,25428,36,120,4320,Q1,2671
8425,10144,78,82,6396,Q2,2672
10062,15429,135,119,16065,Q3,2673
2140,10810,170,169,28730,Q4,2674
9884,22653,94,401,37694,Q5,2675
15204,20378,62,80,4960,Q1,2676
7503,11428,78,95,7410,Q2,2677
4246,7433,454,34,15436,Q3,2678
18487,25206,124,263,32612,Q4,2679
14093,19539,230,155,35650,Q5,2680
13348,19457,161,34,5474,Q1,2681
1073,4066,140,57,7980,Q2,2682
1451,20968,245,53,12985,Q3,2683
2399,17911,145,180,26100,Q4,2684
7774,17538,565,84,47460,Q5,2685
4330,16988,56,48,2688,Q1,2686
8607,20517,79,90,7110,Q2,2687
1573,15064,145,118,17110,Q3,2688
1112,24421,258,113,29154,Q4,2689
1615,12518,319,288,91872,Q5,2690
6286,7566,40,35,1400,Q1,2691
16823,22997,42,173,7266,Q2,2692
834,19203,186,81,15066,Q3,2693
18930,23000,284,105,29820,Q4,2694
9207,12563,118,301,35518,Q5,2695
14382,16240,15,82,1230,Q1,2696
6429,16285,102,106,10812,Q2,2697
17351,18570,207,55,11385,Q3,2698
5611,8572,136,191,25976,Q4,2699
1664,12594,407,103,41921,Q5,2700
9359,13282,55,76,4180,Q1,2701
15540,21685,80,129,10320,Q2,2702
5875,18470,34,432,14688,Q3,2703
14656,15917,124,237,29388,Q4,2704
5575,21077,154,324,49896,Q5,2705
14251,23081,114,30,3420,Q1,2706
3722,17145,68,115,7820,Q2,2707
11792,13350,228,51,11628,Q3,2708
8109,16029,133,180,23940,Q4,2709
6043,19338,247,187,46189,Q5,2710
7781,8062,38,96,3648,Q1,2711
20280,24498,104,89,9256,Q2,2712
15649,21735,148,74,10952,Q3,2713
3962,8903,128,200,25600,Q4,2714
236,24338,348,180,62640,Q5,2715
11796,25261,114,31,3534,Q1,2716
6147,21944,242,34,8228,Q2,2717
19826,22647,122,115,14030,Q3,2718
3344,9271,61,389,23729,Q4,2719
12076,18741,314,191,59974,Q5,2720
7741,11111,57,63,3591,Q1,2721
13534,21590,255,36,9180,Q2,2722
2314,7172,73,194,14162,Q3,2723
11168,22932,163,145,23635,Q4,2724
4741,5220,172,218,37496,Q5,2725
5042,9166,23,109,2507,Q1,2726
1117,24692,83,103,8549,Q2,2727
17513,23015,98,114,11172,Q3,2728
8512,18793,242,132,31944,Q4,2729
277,8482,280,169,47320,Q5,2730
6092,10101,120,35,4200,Q1,2731
3794,12099,79,90,7110,Q2,2732
2562,6711,148,102,15096,Q3,2733
3396,20999,136,203,27608,Q4,2734
14257,21998,247,270,66690,Q5,2735
6196,21375,29,74,2146,Q1,2736
11327,24025,131,72,9432,Q2,2737
8062,9986,96,119,11424,Q3,2738
7487,9403,153,139,21267,Q4,2739
2977,14361,210,233,48930,Q5,2740
7516,9756,41,60,2460,Q1,2741
11880,14771,91,102,9282,Q2,2742
7334,11634,160,69,11040,Q3,2743
3477,11182,192,110,21120,Q4,2744
15747,22341,140,277,38780,Q5,2745
4155,25515,90,56,5040,Q1,2746
4531,24985,96,76,7296,Q2,2747
9520,15951,198,77,15246,Q3,2748
14756,19756,220,88,19360,Q4,2749
6,2211,100,497,49700,Q5,2750
12986,23512,74,40,2960,Q1,2751
19280,20352,267,27,7209,Q2,2752
8090,13183,99,113,11187,Q3,2753
5616,19695,215,89,19135,Q4,2754
2631,10699,250,154,38500,Q5,2755
1925,19422,49,59,2891,Q1,2756
17681,25385,197,51,10047,Q2,2757
12030,17169,84,145,12180,Q3,2758
3616,17354,308,82,25256,Q4,2759
11913,21615,230,148,34040,Q5,2760
1975,12417,80,47,3760,Q1,2761
16870,18238,100,76,7600,Q2,2762
19291,21347,153,97,14841,Q3,2763
15545,23622,142,161,22862,Q4,2764
2304,16617,242,163,39446,Q5,2765
5384,25372,37,90,3330,Q1,2766
5502,17221,176,48,8448,Q2,2767
11163,15860,260,43,11180,Q3,2768
5740,10369,170,132,22440,Q4,2769
16146,18309,264,202,53328,Q5,2770
8729,10583,59,90,5310,Q1,2771
291,24150,42,165,6930,Q2,2772
14703,25352,177,71,12567,Q3,2773
9022,24458,166,124,20584,Q4,2774
4619,13791,92,471,43332,Q5,2775
1939,3514,65,69,4485,Q1,2776
2316,4487,90,72,6480,Q2,2777
1026,17517,191,88,16808,Q3,2778
1330,2779,176,145,25520,Q4,2779
2921,17743,464,73,33872,Q5,2780
19441,20919,99,26,2574,Q1,2781
4741,17852,172,60,10320,Q2,2782
17599,17882,101,146,14746,Q3,2783
3618,13622,138,161,22218,Q4,2784
54,1472,229,226,51754,Q5,2785
4650,16065,30,24,720,Q1,2786
2240,5496,32,338,10816,Q2,2787
5510,18850,294,57,16758,Q3,2788
14980,24499,355,76,26980,Q4,2789
8853,23032,586,257,150602,Q5,2790
6176,7592,111,4,444,Q1,2791
15887,17833,121,63,7623,Q2,2792
6277,14350,52,210,10920,Q3,2793
4510,13086,366,87,31842,Q4,2794
4589,25353,373,129,48117,Q5,2795
4370,7521,131,30,3930,Q1,2796
9419,24098,104,61,6344,Q2,2797
4667,13593,169,85,14365,Q3,2798
1279,21470,135,176,23760,Q4,2799
2777,15906,143,569,81367,Q5,2800
88,22040,44,96,4224,Q1,2801
467,23217,72,101,7272,Q2,2802
23108,25362,273,62,16926,Q3,2803
526,3035,123,195,23985,Q4,2804
4829,15441,457,152,69464,Q5,2805
7096,8762,69,46,3174,Q1,2806
117,20809,339,27,9153,Q2,2807
15413,19592,206,83,17098,Q3,2808
910,1293,126,196,24696,Q4,2809
7240,9549,269,197,52993,Q5,2810
2063,7804,31,76,2356,Q1,2811
23265,25236,112,79,8848,Q2,2812
12177,13907,104,147,15288,Q3,2813
2233,5376,111,176,19536,Q4,2814
1647,2684,284,208,59072,Q5,2815
7411,15050,55,39,2145,Q1,2816
1268,13349,92,66,6072,Q2,2817
3762,16829,183,69,12627,Q3,2818
23371,24281,121,169,20449,Q4,2819
19154,19628,139,360,50040,Q5,2820
9618,16928,35,96,3360,Q1,2821
6095,11774,300,27,8100,Q2,2822
8196,9975,130,97,12610,Q3,2823
7825,14115,44,420,18480,Q4,2824
18444,22651,78,471,36738,Q5,2825
2691,7733,78,70,5460,Q1,2826
19281,23619,135,76,10260,Q2,2827
2974,18283,158,109,17222,Q3,2828
11825,18840,177,145,25665,Q4,2829
14784,17706,390,320,124800,Q5,2830
6846,19734,32,68,2176,Q1,2831
12931,25188,106,69,7314,Q2,2832
19091,21847,95,134,12730,Q3,2833
3950,11328,239,107,25573,Q4,2834
1783,13755,214,300,64200,Q5,2835
5595,19697,116,48,5568,Q1,2836
3169,13197,131,54,7074,Q2,2837
10316,11499,54,226,12204,Q3,2838
13623,21374,112,185,20720,Q4,2839
16837,19379,147,281,41307,Q5,2840
12687,16794,29,92,2668,Q1,2841
1735,4852,77,97,7469,Q2,2842
18818,22142,178,82,14596,Q3,2843
11571,22276,100,212,21200,Q4,2844
12072,24109,154,316,48664,Q5,2845
11478,25319,28,19,532,Q1,2846
9101,16024,23,370,8510,Q2,2847
15832,22480,165,96,15840,Q3,2848
966,19972,239,107,25573,Q4,2849
10196,13879,351,107,37557,Q5,2850
6683,24324,63,55,3465,Q1,2851
18829,23139,86,103,8858,Q2,2852
10306,15226,130,112,14560,Q3,2853
7599,18194,148,186,27528,Q4,2854
182,836,155,374,57970,Q5,2855
5930,25488,65,20,1300,Q1,2856
2231,13839,115,66,7590,Q2,2857
4116,19961,197,90,17730,Q3,2858
2585,14775,209,151,31559,Q4,2859
5071,6642,92,521,47932,Q5,2860
3025,20263,81,35,2835,Q1,2861
4191,6675,171,38,6498,Q2,2862
3133,21569,287,54,15498,Q3,2863
9977,19155,111,242,26862,Q4,2864
6536,15073,132,578,76296,Q5,2865
10569,25168,62,77,4774,Q1,2866
12029,12212,235,35,8225,Q2,2867
3078,15792,94,148,13912,Q3,2868
4151,11013,57,461,26277,Q4,2869
489,17698,253,182,46046,Q5,2870
4969,11818,17,147,2499,Q1,2871
12777,13507,135,45,6075,Q2,2872
11950,14625,156,95,14820,Q3,2873
16045,17007,204,149,30396,Q4,2874
1246,19565,225,237,53325,Q5,2875
16240,18644,82,71,5822,Q1,2876
19751,23890,159,49,7791,Q2,2877
12516,12904,46,340,15640,Q3,2878
8719,22379,145,140,20300,Q4,2879
3462,11674,1073,183,196359,Q5,2880
19722,22374,67,87,5829,Q1,2881
15097,21083,138,54,7452,Q2,2882
10868,21620,221,56,12376,Q3,2883
9531,22673,252,89,22428,Q4,2884
18511,22287,121,345,41745,Q5,2885
881,11938,312,19,5928,Q1,2886
18487,24851,124,68,8432,Q2,2887
657,3815,92,168,15456,Q3,2888
4467,15042,162,203,32886,Q4,2889
1301,21520,413,125,51625,Q5,2890
2437,11275,132,33,4356,Q1,2891
4768,14354,85,92,7820,Q2,2892
8417,9716,186,72,13392,Q3,2893
9674,11510,286,101,28886,Q4,2894
6788,16355,414,140,57960,Q5,2895
10323,11737,48,115,5520,Q1,2896
11561,14193,109,85,9265,Q2,2897
3313,10443,223,50,11150,Q3,2898
21217,23034,174,128,22272,Q4,2899
3745,25120,249,454,113046,Q5,2900
14760,17712,30,88,2640,Q1,2901
12515,19906,39,201,7839,Q2,2902
15,24280,294,55,16170,Q3,2903
3264,9142,235,131,30785,Q4,2904
814,6128,302,245,73990,Q5,2905
11731,13611,47,87,4089,Q1,2906
8602,16826,194,48,9312,Q2,2907
12487,19149,53,286,15158,Q3,2908
11274,13391,159,125,19875,Q4,2909
18485,23092,965,96,92640,Q5,2910
12380,23752,103,34,3502,Q1,2911
5380,14553,80,110,8800,Q2,2912
1456,18744,190,86,16340,Q3,2913
15416,20767,254,114,28956,Q4,2914
7240,17072,269,128,34432,Q5,2915
11620,15849,145,28,4060,Q1,2916
17983,23805,118,53,6254,Q2,2917
15103,22286,247,69,17043,Q3,2918
19444,22040,238,96,22848,Q4,2919
7647,15461,746,341,254386,Q5,2920
22061,24974,104,24,2496,Q1,2921
2370,24562,54,128,6912,Q2,2922
3649,16199,78,189,14742,Q3,2923
5529,25287,161,119,19159,Q4,2924
7165,23504,186,204,37944,Q5,2925
6042,11663,100,40,4000,Q1,2926
6402,16029,42,180,7560,Q2,2927
1734,3492,46,347,15962,Q3,2928
4684,7965,279,94,26226,Q4,2929
23114,24471,240,218,52320,Q5,2930
21523,21534,52,59,3068,Q1,2931
10338,14330,174,58,10092,Q2,2932
11093,25517,155,90,13950,Q3,2933
19680,24046,81,274,22194,Q4,2934
6207,7978,430,143,61490,Q5,2935
5539,7428,53,36,1908,Q1,2936
7034,25408,80,135,10800,Q2,2937
1534,20683,148,83,12284,Q3,2938
20530,22876,80,230,18400,Q4,2939
14963,24097,794,205,162770,Q5,2940
859,18026,50,44,2200,Q1,2941
11709,23950,76,98,7448,Q2,2942
1719,5463,348,35,12180,Q3,2943
3119,20669,225,102,22950,Q4,2944
11561,24355,109,408,44472,Q5,2945
20251,23250,51,42,2142,Q1,2946
2221,13193,179,47,8413,Q2,2947
9622,22324,184,80,14720,Q3,2948
1088,11110,108,210,22680,Q4,2949
8656,22443,285,150,42750,Q5,2950
20341,22415,88,65,5720,Q1,2951
6210,23627,137,55,7535,Q2,2952
5549,14344,56,231,12936,Q3,2953
647,9012,144,183,26352,Q4,2954
5765,6382,495,83,41085,Q5,2955
17345,17560,270,17,4590,Q1,2956
16835,20861,73,105,7665,Q2,2957
13402,25284,91,142,12922,Q3,2958
12580,19222,171,125,21375,Q4,2959
4300,18363,257,282,72474,Q5,2960
14008,15493,45,75,3375,Q1,2961
14333,17824,178,43,7654,Q2,2962
14158,14302,298,59,17582,Q3,2963
19732,25419,194,116,22504,Q4,2964
6363,23509,751,110,82610,Q5,2965
21353,21754,63,84,5292,Q1,2966
13940,24092,53,141,7473,Q2,2967
3070,19009,317,41,12997,Q3,2968
317,7174,386,72,27792,Q4,2969
6167,9372,201,239,48039,Q5,2970
17042,23068,70,83,5810,Q1,2971
6201,23064,226,31,7006,Q2,2972
19539,24904,155,98,15190,Q3,2973
23238,23903,58,415,24070,Q4,2974
2906,6584,187,295,55165,Q5,2975
14886,23601,50,90,4500,Q1,2976
322,7917,60,124,7440,Q2,2977
16239,22144,136,102,13872,Q3,2978
16560,23841,82,227,18614,Q4,2979
5456,9643,113,440,49720,Q5,2980
10717,18074,124,43,5332,Q1,2981
22270,24523,253,36,9108,Q2,2982
4699,21931,177,85,15045,Q3,2983
3019,14178,200,114,22800,Q4,2984
3088,23796,255,135,34425,Q5,2985
13247,16514,57,58,3306,Q1,2986
1546,20544,99,88,8712,Q2,2987
15617,20984,149,96,14304,Q3,2988
7201,11622,342,54,18468,Q4,2989
5105,19330,172,333,57276,Q5,2990
6154,16263,56,24,1344,Q1,2991
9755,20630,120,87,10440,Q2,2992
18794,22443,78,150,11700,Q3,2993
886,8393,162,120,19440,Q4,2994
1197,7357,245,360,88200,Q5,2995
14110,19952,90,63,5670,Q1,2996
15062,15481,85,114,9690,Q2,2997
9290,25133,79,219,17301,Q3,2998
3244,16831,272,76,20672,Q4,2999
5788,17896,111,604,67044,Q5,3000
346,24786,10,105,1050,Q1,3001
14716,20075,82,114,9348,Q2,3002
12791,17902,208,53,11024,Q3,3003
2184,6216,184,159,29256,Q4,3004
4811,20323,439,166,72874,Q5,3005
15586,22415,67,65,4355,Q1,3006
5872,22117,48,135,6480,Q2,3007
1236,12906,174,94,16356,Q3,3008
13568,19026,102,241,24582,Q4,3009
5119,15424,939,222,208458,Q5,3010
19649,23172,60,42,2520,Q1,3011
11451,12368,208,41,8528,Q2,3012
3282,23767,52,233,12116,Q3,3013
3540,18809,131,253,33143,Q4,3014
17987,18772,247,385,95095,Q5,3015
8965,19775,81,73,5913,Q1,3016
2199,15538,123,61,7503,Q2,3017
1366,2487,123,132,16236,Q3,3018
3145,21900,308,93,28644,Q4,3019
2937,19315,246,212,52152,Q5,3020
5112,6439,46,74,3404,Q1,3021
14059,19113,118,55,6490,Q2,3022
13240,20400,140,111,15540,Q3,3023
6355,13670,114,188,21432,Q4,3024
7774,15889,565,222,125430,Q5,3025
9738,17382,48,45,2160,Q1,3026
9692,15718,94,102,9588,Q2,3027
4754,17152,491,23,11293,Q3,3028
13900,25208,130,154,20020,Q4,3029
22706,22877,287,194,55678,Q5,3030
1385,18639,21,74,1554,Q1,3031
21188,21832,82,111,9102,Q2,3032
4155,4555,90,141,12690,Q3,3033
6446,24708,104,186,19344,Q4,3034
12029,16083,235,249,58515,Q5,3035
20048,21770,38,51,1938,Q1,3036
6941,12131,40,248,9920,Q2,3037
4360,18372,192,68,13056,Q3,3038
41,6841,113,177,20001,Q4,3039
12797,20773,300,190,57000,Q5,3040
2096,13162,74,43,3182,Q1,3041
13699,15870,66,121,7986,Q2,3042
7904,12105,102,108,11016,Q3,3043
4240,6061,316,95,30020,Q4,3044
15992,21524,252,179,45108,Q5,3045
9604,11678,51,54,2754,Q1,3046
12278,12333,97,95,9215,Q2,3047
3672,9048,117,153,17901,Q3,3048
213,10626,249,132,32868,Q4,3049
8126,14362,159,233,37047,Q5,3050
23018,24310,43,42,1806,Q1,3051
10865,14951,69,153,10557,Q2,3052
13480,24799,118,116,13688,Q3,3053
4374,10558,1212,27,32724,Q4,3054
687,4174,332,912,302784,Q5,3055
15860,16580,43,127,5461,Q1,3056
297,16952,104,80,8320,Q2,3057
6369,19922,107,120,12840,Q3,3058
12636,20740,148,126,18648,Q4,3059
15103,19295,247,145,35815,Q5,3060
5891,18304,31,138,4278,Q1,3061
19191,20164,172,56,9632,Q2,3062
18001,21124,175,101,17675,Q3,3063
2013,23442,285,110,31350,Q4,3064
2964,8519,365,238,86870,Q5,3065
3777,7400,136,9,1224,Q1,3066
2437,18732,132,77,10164,Q2,3067
15422,19067,139,112,15568,Q3,3068
2117,5348,94,345,32430,Q4,3069
9122,12260,205,192,39360,Q5,3070
22067,22959,53,90,4770,Q1,3071
10072,21517,83,107,8881,Q2,3072
2628,17448,105,129,13545,Q3,3073
9010,10098,208,110,22880,Q4,3074
114,22723,186,847,157542,Q5,3075
10377,16855,44,60,2640,Q1,3076
7485,11694,138,64,8832,Q2,3077
11324,22064,151,80,12080,Q3,3078
9687,13677,75,434,32550,Q4,3079
9487,24227,477,124,59148,Q5,3080
3496,13668,38,142,5396,Q1,3081
15511,23596,131,67,8777,Q2,3082
2619,6140,163,102,16626,Q3,3083
1701,9218,188,142,26696,Q4,3084
17958,18364,141,690,97290,Q5,3085
8639,17269,88,64,5632,Q1,3086
21960,24247,111,67,7437,Q2,3087
12380,22740,103,144,14832,Q3,3088
6132,20433,374,49,18326,Q4,3089
942,19467,174,201,34974,Q5,3090
15397,15770,78,43,3354,Q1,3091
7330,7964,142,51,7242,Q2,3092
20602,25121,129,121,15609,Q3,3093
1832,21887,169,151,25519,Q4,3094
12559,22990,161,214,34454,Q5,3095
16538,17308,39,65,2535,Q1,3096
2600,15137,31,218,6758,Q2,3097
3315,17679,136,127,17272,Q3,3098
8011,16475,72,339,24408,Q4,3099
1303,23173,253,279,70587,Q5,3100
15469,20862,43,69,2967,Q1,3101
11489,17313,79,120,9480,Q2,3102
23039,24362,84,194,16296,Q3,3103
442,13324,267,105,28035,Q4,3104
21017,23221,236,316,74576,Q5,3105
6897,9749,121,24,2904,Q1,3106
10669,21291,122,76,9272,Q2,3107
984,8154,130,120,15600,Q3,3108
13179,20014,247,120,29640,Q4,3109
1525,24466,169,383,64727,Q5,3110
3005,23383,163,35,5705,Q1,3111
3366,20693,89,109,9701,Q2,3112
5551,19804,61,238,14518,Q3,3113
8271,13972,100,232,23200,Q4,3114
9024,23889,856,345,295320,Q5,3115
7919,22322,58,43,2494,Q1,3116
1176,9778,43,154,6622,Q2,3117
11965,16892,123,110,13530,Q3,3118
1468,13037,91,267,24297,Q4,3119
1968,8117,439,160,70240,Q5,3120
82,11882,51,17,867,Q1,3121
18259,20570,89,116,10324,Q2,3122
17926,19924,166,91,15106,Q3,3123
11962,25160,204,140,28560,Q4,3124
2799,18485,130,965,125450,Q5,3125
20897,23855,56,90,5040,Q1,3126
9396,10012,90,111,9990,Q2,3127
12265,19773,156,113,17628,Q3,3128
2307,9914,245,106,25970,Q4,3129
9472,18808,197,218,42946,Q5,3130
3251,19678,44,70,3080,Q1,3131
9519,10359,83,73,6059,Q2,3132
17535,22980,129,86,11094,Q3,3133
14125,21811,123,164,20172,Q4,3134
3556,13766,167,265,44255,Q5,3135
4871,15918,86,53,4558,Q1,3136
4461,16787,200,52,10400,Q2,3137
12660,16502,105,152,15960,Q3,3138
92,16442,152,131,19912,Q4,3139
18243,20773,196,190,37240,Q5,3140
16340,23647,84,53,4452,Q1,3141
24421,24844,113,89,10057,Q2,3142
13603,14478,97,126,12222,Q3,3143
16049,22283,129,250,32250,Q4,3144
9040,11416,300,177,53100,Q5,3145
12162,22562,37,100,3700,Q1,3146
8266,13426,62,114,7068,Q2,3147
6566,7612,187,66,12342,Q3,3148
9320,15528,274,99,27126,Q4,3149
15169,20143,383,187,71621,Q5,3150
3608,13350,87,51,4437,Q1,3151
5778,19672,103,66,6798,Q2,3152
1801,5600,166,85,14110,Q3,3153
2613,6285,57,400,22800,Q4,3154
19905,25439,198,181,35838,Q5,3155
4330,13413,56,72,4032,Q1,3156
1617,8555,122,65,7930,Q2,3157
8433,16915,112,107,11984,Q3,3158
1058,10175,189,112,21168,Q4,3159
18651,25016,266,168,44688,Q5,3160
13518,15516,67,55,3685,Q1,3161
19017,23658,52,119,6188,Q2,3162
1356,13650,72,165,11880,Q3,3163
4748,18828,226,105,23730,Q4,3164
15944,20454,443,117,51831,Q5,3165
6845,20538,87,31,2697,Q1,3166
16037,24992,61,129,7869,Q2,3167
1488,12612,262,47,12314,Q3,3168
7839,12518,71,288,20448,Q4,3169
89,2276,194,506,98164,Q5,3170
6813,8472,28,135,3780,Q1,3171
730,10069,165,61,10065,Q2,3172
9103,19332,45,244,10980,Q3,3173
1025,10206,244,112,27328,Q4,3174
2535,9375,123,294,36162,Q5,3175
3106,17033,103,46,4738,Q1,3176
4877,24523,203,36,7308,Q2,3177
8544,20531,240,46,11040,Q3,3178
2196,16132,88,315,27720,Q4,3179
4039,6477,129,301,38829,Q5,3180
120,24227,24,124,2976,Q1,3181
1439,24026,107,74,7918,Q2,3182
1593,8305,199,67,13333,Q3,3183
11995,23476,430,50,21500,Q4,3184
6360,16002,687,181,124347,Q5,3185
9395,12955,122,46,5612,Q1,3186
6654,8281,70,105,7350,Q2,3187
2595,18845,125,111,13875,Q3,3188
11981,16681,154,140,21560,Q4,3189
257,22566,366,103,37698,Q5,3190
3452,8523,24,49,1176,Q1,3191
1811,2432,114,80,9120,Q2,3192
9929,14412,68,202,13736,Q3,3193
17438,20560,157,155,24335,Q4,3194
4892,11611,287,139,39893,Q5,3195
16699,24856,58,91,5278,Q1,3196
928,21024,70,88,6160,Q2,3197
15126,19840,67,186,12462,Q3,3198
2254,18232,214,116,24824,Q4,3199
9136,19504,444,158,70152,Q5,3200
21990,25028,66,80,5280,Q1,3201
3534,10377,143,44,6292,Q2,3202
19228,22436,140,95,13300,Q3,3203
16636,24375,131,214,28034,Q4,3204
2656,11174,313,306,95778,Q5,3205
10187,17387,124,27,3348,Q1,3206
10130,14089,122,70,8540,Q2,3207
6588,18883,152,72,10944,Q3,3208
11739,22046,168,131,22008,Q4,3209
3391,17151,387,128,49536,Q5,3210
16880,21810,75,80,6000,Q1,3211
7092,17384,112,62,6944,Q2,3212
3159,23960,170,86,14620,Q3,3213
14438,17521,259,123,31857,Q4,3214
5247,10524,512,130,66560,Q5,3215
2572,23966,103,55,5665,Q1,3216
20597,22393,105,68,7140,Q2,3217
2298,13076,281,49,13769,Q3,3218
15938,23796,138,135,18630,Q4,3219
18842,24120,155,312,48360,Q5,3220
7777,25010,63,50,3150,Q1,3221
3192,17301,90,107,9630,Q2,3222
6935,15132,294,47,13818,Q3,3223
4664,6920,47,615,28905,Q4,3224
145,8385,200,279,55800,Q5,3225
22407,22547,29,24,696,Q1,3226
5396,17233,124,52,6448,Q2,3227
12089,13746,176,68,11968,Q3,3228
14745,21353,406,63,25578,Q4,3229
7234,23958,483,105,50715,Q5,3230
7374,12693,42,140,5880,Q1,3231
2946,21823,113,63,7119,Q2,3232
11608,12653,135,133,17955,Q3,3233
17122,23746,184,134,24656,Q4,3234
1568,5767,214,307,65698,Q5,3235
1626,7384,142,25,3550,Q1,3236
6710,23404,132,59,7788,Q2,3237
3550,15425,63,210,13230,Q3,3238
1731,3390,99,216,21384,Q4,3239
4300,7605,257,215,55255,Q5,3240
17392,22247,65,86,5590,Q1,3241
10012,17688,111,91,10101,Q2,3242
7515,9257,42,346,14532,Q3,3243
3636,8763,135,237,31995,Q4,3244
13854,24991,153,494,75582,Q5,3245
7571,20270,74,14,1036,Q1,3246
6759,16015,77,81,6237,Q2,3247
15794,23833,131,110,14410,Q3,3248
4646,23861,204,146,29784,Q4,3249
2093,8987,111,617,68487,Q5,3250
14904,25366,9,62,558,Q1,3251
9489,17576,96,93,8928,Q2,3252
2211,11301,497,34,16898,Q3,3253
10095,15173,106,221,23426,Q4,3254
16012,21489,164,905,148420,Q5,3255
8889,20025,101,44,4444,Q1,3256
7892,9935,114,76,8664,Q2,3257
1447,11051,129,117,15093,Q3,3258
14321,20901,274,67,18358,Q4,3259
19030,22458,114,519,59166,Q5,3260
9438,13025,84,49,4116,Q1,3261
17801,18372,138,68,9384,Q2,3262
10766,16276,118,113,13334,Q3,3263
966,22853,239,138,32982,Q4,3264
20949,21755,166,365,60590,Q5,3265
1967,7582,333,7,2331,Q1,3266
2897,22401,89,101,8989,Q2,3267
3079,6946,241,47,11327,Q3,3268
5949,21664,294,113,33222,Q4,3269
189,14612,248,202,50096,Q5,3270
6989,15946,24,44,1056,Q1,3271
3666,11653,108,96,10368,Q2,3272
2296,15056,192,89,17088,Q3,3273
152,4512,153,172,26316,Q4,3274
3159,9301,170,753,128010,Q5,3275
7593,21687,2,222,444,Q1,3276
12107,16847,149,66,9834,Q2,3277
8258,14604,105,107,11235,Q3,3278
1067,4888,114,175,19950,Q4,3279
9535,14737,314,376,118064,Q5,3280
14088,21560,81,43,3483,Q1,3281
7332,8406,69,103,7107,Q2,3282
21790,24009,86,209,17974,Q3,3283
853,3428,202,113,22826,Q4,3284
9629,25303,159,220,34980,Q5,3285
6344,7118,52,69,3588,Q1,3286
1821,19791,230,34,7820,Q2,3287
17770,19358,130,136,17680,Q3,3288
13970,22813,141,153,21573,Q4,3289
3141,12956,593,91,53963,Q5,3290
3191,9154,64,69,4416,Q1,3291
12332,18571,174,60,10440,Q2,3292
394,17297,146,88,12848,Q3,3293
3234,9061,192,108,20736,Q4,3294
10620,20462,377,246,92742,Q5,3295
21071,25164,52,107,5564,Q1,3296
14488,21973,86,107,9202,Q2,3297
11729,15429,105,119,12495,Q3,3298
4596,8490,170,177,30090,Q4,3299
14777,24294,578,105,60690,Q5,3300
537,17773,18,148,2664,Q1,3301
4122,21091,123,64,7872,Q2,3302
3883,5972,66,170,11220,Q3,3303
1031,2283,191,127,24257,Q4,3304
4369,10347,666,83,55278,Q5,3305
4037,11286,231,20,4620,Q1,3306
11967,16519,157,65,10205,Q2,3307
2753,21433,99,170,16830,Q3,3308
3264,25359,235,88,20680,Q4,3309
3450,5118,229,382,87478,Q5,3310
9747,17006,30,162,4860,Q1,3311
14654,18507,108,94,10152,Q2,3312
2085,16011,64,175,11200,Q3,3313
13972,23356,232,97,22504,Q4,3314
3768,9549,254,197,50038,Q5,3315
3220,16624,29,147,4263,Q1,3316
5903,17586,57,156,8892,Q2,3317
16111,25058,103,109,11227,Q3,3318
1805,4806,142,188,26696,Q4,3319
6390,13342,430,161,69230,Q5,3320
7400,17947,9,136,1224,Q1,3321
3853,20554,86,75,6450,Q2,3322
2740,6216,96,159,15264,Q3,3323
1194,14015,140,201,28140,Q4,3324
6618,12139,777,142,110334,Q5,3325
9429,10083,38,80,3040,Q1,3326
1685,1999,320,31,9920,Q2,3327
7485,9087,138,80,11040,Q3,3328
10591,14036,146,177,25842,Q4,3329
20669,21129,102,336,34272,Q5,3330
8605,10128,53,53,2809,Q1,3331
10281,17428,75,105,7875,Q2,3332
12554,13042,134,84,11256,Q3,3333
10710,14077,84,316,26544,Q4,3334
1973,12587,270,140,37800,Q5,3335
7427,21362,15,100,1500,Q1,3336
302,2716,76,138,10488,Q2,3337
17682,24900,188,73,13724,Q3,3338
18596,20497,131,208,27248,Q4,3339
9750,17110,176,286,50336,Q5,3340
23900,25493,115,49,5635,Q1,3341
27,23217,88,101,8888,Q2,3342
20872,21729,43,384,16512,Q3,3343
1172,18325,155,147,22785,Q4,3344
22686,25020,257,198,50886,Q5,3345
5701,22563,58,53,3074,Q1,3346
18557,25130,87,117,10179,Q2,3347
10371,20520,155,114,17670,Q3,3348
4144,18400,192,107,20544,Q4,3349
1855,14906,79,440,34760,Q5,3350
2543,24960,19,97,1843,Q1,3351
20289,25022,91,96,8736,Q2,3352
15603,16229,180,66,11880,Q3,3353
3269,4598,342,75,25650,Q4,3354
9682,24902,854,70,59780,Q5,3355
6432,20980,29,104,3016,Q1,3356
11917,19506,66,103,6798,Q2,3357
1821,24742,230,78,17940,Q3,3358
10512,11406,189,166,31374,Q4,3359
21145,22283,153,250,38250,Q5,3360
9249,19738,35,75,2625,Q1,3361
7486,22375,254,34,8636,Q2,3362
9022,12090,166,69,11454,Q3,3363
913,8562,224,92,20608,Q4,3364
2840,19193,232,172,39904,Q5,3365
6533,7366,54,28,1512,Q1,3366
13027,19077,56,139,7784,Q2,3367
9692,24027,94,172,16168,Q3,3368
6414,25478,216,85,18360,Q4,3369
9778,14115,154,420,64680,Q5,3370
3896,10756,85,64,5440,Q1,3371
14513,18884,91,109,9919,Q2,3372
9870,16021,106,112,11872,Q3,3373
8744,18736,158,140,22120,Q4,3374
18377,19723,340,140,47600,Q5,3375
2607,19897,55,105,5775,Q1,3376
11698,15995,77,94,7238,Q2,3377
8169,12416,105,165,17325,Q3,3378
9582,9885,47,571,26837,Q4,3379
6771,19300,189,193,36477,Q5,3380
8574,16414,17,146,2482,Q1,3381
2189,18183,96,110,10560,Q2,3382
16304,17775,177,94,16638,Q3,3383
3822,19677,348,90,31320,Q4,3384
16298,18052,220,154,33880,Q5,3385
13816,24538,31,176,5456,Q1,3386
365,21724,246,37,9102,Q2,3387
1720,23245,171,101,17271,Q3,3388
3784,9470,242,88,21296,Q4,3389
6691,9533,197,299,58903,Q5,3390
4987,13318,95,51,4845,Q1,3391
15697,17381,96,113,10848,Q2,3392
5004,13819,100,163,16300,Q3,3393
740,16595,174,123,21402,Q4,3394
8510,14909,205,325,66625,Q5,3395
6773,24130,30,125,3750,Q1,3396
519,3254,181,50,9050,Q2,3397
5778,18933,103,149,15347,Q3,3398
4680,24715,167,130,21710,Q4,3399
8959,9430,364,115,41860,Q5,3400
6184,23919,60,75,4500,Q1,3401
14347,19036,109,65,7085,Q2,3402
9478,13452,295,38,11210,Q3,3403
792,22651,67,471,31557,Q4,3404
6036,14493,171,287,49077,Q5,3405
14685,17026,25,89,2225,Q1,3406
14416,18688,133,54,7182,Q2,3407
7944,12965,198,81,16038,Q3,3408
3449,5349,349,75,26175,Q4,3409
852,15190,452,77,34804,Q5,3410
9720,19619,10,232,2320,Q1,3411
231,2243,98,85,8330,Q2,3412
7989,21533,125,123,15375,Q3,3413
9166,10839,109,262,28558,Q4,3414
5114,12621,600,170,102000,Q5,3415
7231,17421,74,29,2146,Q1,3416
16848,20109,139,72,10008,Q2,3417
4875,11059,179,71,12709,Q3,3418
11019,15856,137,226,30962,Q4,3419
4727,15840,301,118,35518,Q5,3420
19327,22066,74,51,3774,Q1,3421
9619,17353,37,282,10434,Q2,3422
20336,20481,97,127,12319,Q3,3423
9146,20260,314,102,32028,Q4,3424
489,4432,253,374,94622,Q5,3425
1767,16989,70,84,5880,Q1,3426
10513,23851,76,97,7372,Q2,3427
11431,12929,170,97,16490,Q3,3428
11256,15622,196,153,29988,Q4,3429
10401,11107,192,348,66816,Q5,3430
16956,20582,100,55,5500,Q1,3431
19042,23525,134,69,9246,Q2,3432
558,6087,102,170,17340,Q3,3433
17075,19692,84,368,30912,Q4,3434
3844,18852,539,69,37191,Q5,3435
4319,13967,15,209,3135,Q1,3436
3630,6721,58,137,7946,Q2,3437
13497,20963,130,113,14690,Q3,3438
3037,14518,266,71,18886,Q4,3439
11029,23454,579,80,46320,Q5,3440
13160,22387,93,46,4278,Q1,3441
15576,18464,186,56,10416,Q2,3442
10312,16688,116,118,13688,Q3,3443
1340,7024,105,174,18270,Q4,3444
18522,24730,306,286,87516,Q5,3445
17276,22788,57,99,5643,Q1,3446
9876,20718,105,83,8715,Q2,3447
14218,14531,85,172,14620,Q3,3448
14069,23071,152,124,18848,Q4,3449
6114,16380,268,272,72896,Q5,3450
5296,14721,61,83,5063,Q1,3451
3818,23867,115,87,10005,Q2,3452
17265,17942,26,452,11752,Q3,3453
14141,18686,177,112,19824,Q4,3454
157,12982,191,241,46031,Q5,3455
185,7551,78,28,2184,Q1,3456
11819,23470,81,109,8829,Q2,3457
3457,21740,288,57,16416,Q3,3458
963,21042,51,402,20502,Q4,3459
6796,11168,385,163,62755,Q5,3460
14461,20362,45,45,2025,Q1,3461
14074,21561,117,69,8073,Q2,3462
2685,24670,66,212,13992,Q3,3463
5104,21494,424,71,30104,Q4,3464
6315,23000,412,105,43260,Q5,3465
23620,23642,107,50,5350,Q1,3466
10829,11434,112,89,9968,Q2,3467
2527,15004,154,81,12474,Q3,3468
6403,21842,244,112,27328,Q4,3469
8476,14793,79,870,68730,Q5,3470
18692,19572,85,54,4590,Q1,3471
1741,24101,175,50,8750,Q2,3472
18171,25347,116,102,11832,Q3,3473
5298,20934,159,152,24168,Q4,3474
8673,11949,134,277,37118,Q5,3475
8275,10013,84,44,3696,Q1,3476
20132,22331,84,102,8568,Q2,3477
14614,24890,153,72,11016,Q3,3478
15135,20751,234,131,30654,Q4,3479
2452,16277,265,248,65720,Q5,3480
12882,23210,31,97,3007,Q1,3481
21126,25478,77,85,6545,Q2,3482
6059,21847,103,134,13802,Q3,3483
3309,20230,246,92,22632,Q4,3484
15395,24224,242,145,35090,Q5,3485
11232,15121,22,61,1342,Q1,3486
18910,22370,142,52,7384,Q2,3487
2538,11455,198,86,17028,Q3,3488
109,14554,214,101,21614,Q4,3489
10962,11270,233,234,54522,Q5,3490
3527,22175,53,89,4717,Q1,3491
14725,25099,131,83,10873,Q2,3492
6429,21041,102,157,16014,Q3,3493
1876,16627,448,65,29120,Q4,3494
19940,23946,519,158,82002,Q5,3495
5073,6111,55,71,3905,Q1,3496
4056,6038,38,159,6042,Q2,3497
1178,4559,81,152,12312,Q3,3498
16017,24908,216,115,24840,Q4,3499
5294,23422,182,301,54782,Q5,3500
19862,20719,55,86,4730,Q1,3501
11738,20414,59,124,7316,Q2,3502
2070,24362,63,194,12222,Q3,3503
9760,12357,219,101,22119,Q4,3504
864,3587,501,142,71142,Q5,3505
6729,20426,27,131,3537,Q1,3506
11136,21639,129,75,9675,Q2,3507
6850,17655,141,89,12549,Q3,3508
4475,16260,405,52,21060,Q4,3509
15145,19445,353,281,99193,Q5,3510
2693,23745,49,68,3332,Q1,3511
3602,15399,50,145,7250,Q2,3512
23031,23099,129,90,11610,Q3,3513
2599,11406,180,166,29880,Q4,3514
9208,11926,157,333,52281,Q5,3515
17226,18681,32,127,4064,Q1,3516
4592,9632,71,147,10437,Q2,3517
13464,18182,113,110,12430,Q3,3518
18176,18583,115,176,20240,Q4,3519
5363,7339,189,193,36477,Q5,3520
52,15541,44,115,5060,Q1,3521
16320,20929,74,140,10360,Q2,3522
9114,17264,207,81,16767,Q3,3523
16044,22321,139,192,26688,Q4,3524
2979,18184,301,146,43946,Q5,3525
6647,22382,150,32,4800,Q1,3526
12229,18464,110,56,6160,Q2,3527
7673,22673,141,89,12549,Q3,3528
10028,23485,151,127,19177,Q4,3529
1024,19456,284,194,55096,Q5,3530
6813,23563,28,93,2604,Q1,3531
15571,24510,48,168,8064,Q2,3532
4363,13513,343,46,15778,Q3,3533
15144,17060,304,103,31312,Q4,3534
15929,21658,391,87,34017,Q5,3535
22450,22691,35,143,5005,Q1,3536
16216,19076,128,74,9472,Q2,3537
7053,10426,157,86,13502,Q3,3538
197,20960,398,81,32238,Q4,3539
13851,14803,240,161,38640,Q5,3540
16958,24767,24,60,1440,Q1,3541
483,22577,157,55,8635,Q2,3542
13176,23218,197,85,16745,Q3,3543
9309,15882,376,73,27448,Q4,3544
11577,20473,310,186,57660,Q5,3545
17173,18949,56,68,3808,Q1,3546
4488,16069,232,39,9048,Q2,3547
958,22545,187,59,11033,Q3,3548
7699,11117,151,189,28539,Q4,3549
5261,5397,448,129,57792,Q5,3550
18748,22120,40,122,4880,Q1,3551
779,19510,187,55,10285,Q2,3552
6659,19810,150,120,18000,Q3,3553
7486,14759,254,115,29210,Q4,3554
647,10288,144,370,53280,Q5,3555
21008,21861,43,76,3268,Q1,3556
14618,23607,75,113,8475,Q2,3557
2877,7242,360,45,16200,Q3,3558
20629,24575,81,390,31590,Q4,3559
287,18646,364,685,249340,Q5,3560
7736,20563,39,63,2457,Q1,3561
4664,16563,47,151,7097,Q2,3562
2895,21797,92,123,11316,Q3,3563
9497,18569,173,124,21452,Q4,3564
6406,24850,542,158,85636,Q5,3565
6203,23812,30,162,4860,Q1,3566
353,13763,68,98,6664,Q2,3567
11917,22858,66,180,11880,Q3,3568
11496,24184,386,74,28564,Q4,3569
18172,23791,361,121,43681,Q5,3570
7496,20343,49,57,2793,Q1,3571
5358,7260,89,77,6853,Q2,3572
9663,10855,207,56,11592,Q3,3573
8169,11427,105,179,18795,Q4,3574
5175,11289,502,122,61244,Q5,3575
1409,5233,133,38,5054,Q1,3576
4598,19097,75,117,8775,Q2,3577
4008,18039,117,105,12285,Q3,3578
9758,11459,124,221,27404,Q4,3579
20129,22231,289,129,37281,Q5,3580
14934,20742,57,80,4560,Q1,3581
24584,24908,85,115,9775,Q2,3582
4916,19630,191,74,14134,Q3,3583
9814,14409,137,134,18358,Q4,3584
15022,16650,299,113,33787,Q5,3585
25001,25489,78,20,1560,Q1,3586
436,4114,102,68,6936,Q2,3587
1442,16006,73,165,12045,Q3,3588
16776,17885,472,66,31152,Q4,3589
14411,18784,1075,145,155875,Q5,3590
2601,19239,22,110,2420,Q1,3591
12436,25272,210,29,6090,Q2,3592
3387,11258,78,225,17550,Q3,3593
8645,18850,359,57,20463,Q4,3594
11680,22652,513,390,200070,Q5,3595
6446,16506,104,27,2808,Q1,3596
16526,16861,81,130,10530,Q2,3597
9612,19167,65,244,15860,Q3,3598
15140,25365,181,120,21720,Q4,3599
9238,14320,116,289,33524,Q5,3600
7586,22978,9,121,1089,Q1,3601
15778,23298,131,66,8646,Q2,3602
6700,7222,125,92,11500,Q3,3603
4584,16937,177,186,32922,Q4,3604
18496,24956,351,119,41769,Q5,3605
10814,24330,32,76,2432,Q1,3606
19670,22523,81,89,7209,Q2,3607
1717,8624,137,111,15207,Q3,3608
15088,16267,81,327,26487,Q4,3609
12035,25116,237,153,36261,Q5,3610
16744,20166,79,53,4187,Q1,3611
2050,5541,100,66,6600,Q2,3612
1794,3389,215,55,11825,Q3,3613
14501,15433,289,97,28033,Q4,3614
4182,14397,215,259,55685,Q5,3615
6465,16204,82,72,5904,Q1,3616
2889,21348,106,78,8268,Q2,3617
8385,17435,279,45,12555,Q3,3618
2568,20787,292,92,26864,Q4,3619
416,8656,310,285,88350,Q5,3620
18479,22305,76,26,1976,Q1,3621
5421,22003,166,54,8964,Q2,3622
5283,17976,685,25,17125,Q3,3623
19354,19918,216,92,19872,Q4,3624
4224,22823,283,217,61411,Q5,3625
12045,15846,25,113,2825,Q1,3626
13315,23046,102,101,10302,Q2,3627
1039,17100,132,106,13992,Q3,3628
2733,18386,139,217,30163,Q4,3629
9223,24006,238,183,43554,Q5,3630
13763,17976,98,25,2450,Q1,3631
14086,16878,105,102,10710,Q2,3632
14120,19708,100,153,15300,Q3,3633
17681,24326,197,135,26595,Q4,3634
13436,24121,282,898,253236,Q5,3635
5042,24073,23,60,1380,Q1,3636
7545,11781,53,162,8586,Q2,3637
12042,16306,120,101,12120,Q3,3638
11298,11429,62,357,22134,Q4,3639
13388,20254,496,90,44640,Q5,3640
2584,14142,71,39,2769,Q1,3641
16054,20730,57,190,10830,Q2,3642
10182,19306,50,303,15150,Q3,3643
20559,24277,62,401,24862,Q4,3644
1371,13704,246,154,37884,Q5,3645
8797,20498,49,79,3871,Q1,3646
4940,18742,59,110,6490,Q2,3647
24038,24449,184,72,13248,Q3,3648
1757,12128,196,142,27832,Q4,3649
18492,19528,214,164,35096,Q5,3650
5548,13192,81,32,2592,Q1,3651
1487,17515,80,124,9920,Q2,3652
4859,12783,81,221,17901,Q3,3653
1728,7136,114,218,24852,Q4,3654
7954,19418,291,301,87591,Q5,3655
2237,20683,30,83,2490,Q1,3656
18220,22350,97,72,6984,Q2,3657
5137,23163,314,49,15386,Q3,3658
9780,12404,87,320,27840,Q4,3659
15135,24166,234,187,43758,Q5,3660
1424,16454,38,65,2470,Q1,3661
5134,10558,262,27,7074,Q2,3662
21336,25232,78,147,11466,Q3,3663
8416,24633,107,172,18404,Q4,3664
8791,18937,239,156,37284,Q5,3665
19877,23171,70,64,4480,Q1,3666
23070,24152,120,70,8400,Q2,3667
5965,20597,105,105,11025,Q3,3668
6346,14711,163,157,25591,Q4,3669
6663,18267,645,132,85140,Q5,3670
6959,24999,23,65,1495,Q1,3671
6012,24478,327,24,7848,Q2,3672
15863,19782,125,114,14250,Q3,3673
8995,21326,576,54,31104,Q4,3674
10335,20821,875,144,126000,Q5,3675
1164,6302,90,53,4770,Q1,3676
1800,9980,90,75,6750,Q2,3677
4002,18592,144,109,15696,Q3,3678
15617,20823,149,127,18923,Q4,3679
15288,15726,127,361,45847,Q5,3680
6969,17433,63,69,4347,Q1,3681
4853,25500,99,110,10890,Q2,3682
23598,24871,117,147,17199,Q3,3683
9468,24187,121,251,30371,Q4,3684
9741,11025,109,1688,183992,Q5,3685
1672,10294,35,118,4130,Q1,3686
4694,25118,55,157,8635,Q2,3687
2091,18697,140,100,14000,Q3,3688
2089,17710,217,118,25606,Q4,3689
17946,18152,183,543,99369,Q5,3690
15629,19374,68,60,4080,Q1,3691
7576,10157,91,102,9282,Q2,3692
9080,12929,127,97,12319,Q3,3693
9457,21943,141,133,18753,Q4,3694
5188,15146,127,265,33655,Q5,3695
3985,10358,50,92,4600,Q1,3696
4502,10614,340,26,8840,Q2,3697
9165,16323,118,136,16048,Q3,3698
14869,15678,134,191,25594,Q4,3699
3539,18488,143,340,48620,Q5,3700
1548,4289,111,8,888,Q1,3701
3986,14871,435,21,9135,Q2,3702
15133,17936,32,388,12416,Q3,3703
21032,25464,179,104,18616,Q4,3704
199,24418,171,245,41895,Q5,3705
1406,9765,60,26,1560,Q1,3706
6065,20938,124,50,6200,Q2,3707
9470,16781,88,124,10912,Q3,3708
3363,3474,83,225,18675,Q4,3709
756,8820,136,293,39848,Q5,3710
6883,9665,42,64,2688,Q1,3711
1594,13069,39,274,10686,Q2,3712
1041,10585,120,110,13200,Q3,3713
2217,7506,165,191,31515,Q4,3714
3522,12185,244,197,48068,Q5,3715
3376,15245,78,62,4836,Q1,3716
8823,12516,191,46,8786,Q2,3717
3962,8895,128,96,12288,Q3,3718
8713,23854,176,115,20240,Q4,3719
4272,18093,244,225,54900,Q5,3720
5809,20287,79,48,3792,Q1,3721
12945,22742,74,121,8954,Q2,3722
7990,14030,60,186,11160,Q3,3723
1348,7416,195,141,27495,Q4,3724
5098,18197,754,132,99528,Q5,3725
11626,12573,40,91,3640,Q1,3726
19233,20148,71,147,10437,Q2,3727
4968,22549,96,124,11904,Q3,3728
13280,25197,169,113,19097,Q4,3729
18323,20004,292,144,42048,Q5,3730
17206,20551,85,65,5525,Q1,3731
6909,11894,203,35,7105,Q2,3732
10876,18929,92,156,14352,Q3,3733
3990,9201,282,112,31584,Q4,3734
12744,18142,220,482,106040,Q5,3735
5188,22367,127,43,5461,Q1,3736
6002,23037,87,85,7395,Q2,3737
22100,23008,92,148,13616,Q3,3738
6860,22038,179,140,25060,Q4,3739
8709,13732,124,434,53816,Q5,3740
10475,22082,74,70,5180,Q1,3741
7661,22650,71,127,9017,Q2,3742
2463,2750,212,78,16536,Q3,3743
11035,25430,313,80,25040,Q4,3744
1097,9624,418,148,61864,Q5,3745
10144,17789,82,57,4674,Q1,3746
23547,25036,95,104,9880,Q2,3747
11921,21639,159,75,11925,Q3,3748
13751,23030,126,166,20916,Q4,3749
4541,14737,398,376,149648,Q5,3750
18573,24144,73,76,5548,Q1,3751
13610,22666,82,112,9184,Q2,3752
11289,23731,122,129,15738,Q3,3753
2157,7338,64,327,20928,Q4,3754
3340,16078,250,140,35000,Q5,3755
10769,22604,71,80,5680,Q1,3756
14761,17198,103,85,8755,Q2,3757
16496,24403,84,134,11256,Q3,3758
14736,24678,189,146,27594,Q4,3759
4728,11701,306,125,38250,Q5,3760
5978,20270,157,14,2198,Q1,3761
14088,21665,81,126,10206,Q2,3762
5071,15655,92,176,16192,Q3,3763
14033,19041,151,122,18422,Q4,3764
4022,23050,378,226,85428,Q5,3765
7625,21385,22,74,1628,Q1,3766
7504,20860,60,136,8160,Q2,3767
12149,12543,227,75,17025,Q3,3768
7641,15145,65,353,22945,Q4,3769
673,12066,205,267,54735,Q5,3770
778,22353,138,39,5382,Q1,3771
18217,18952,138,44,6072,Q2,3772
21789,25311,70,189,13230,Q3,3773
4158,18640,220,112,24640,Q4,3774
148,18175,310,193,59830,Q5,3775
36,23156,19,48,912,Q1,3776
14967,18639,88,74,6512,Q2,3777
3713,11969,142,94,13348,Q3,3778
900,22427,467,39,18213,Q4,3779
3141,11503,593,136,80648,Q5,3780
9618,11644,35,115,4025,Q1,3781
7416,7734,141,48,6768,Q2,3782
8010,23059,82,151,12382,Q3,3783
13312,15097,173,138,23874,Q4,3784
258,1505,332,218,72376,Q5,3785
11626,13870,40,71,2840,Q1,3786
5228,24518,116,71,8236,Q2,3787
8428,17859,317,51,16167,Q3,3788
1166,1728,174,114,19836,Q4,3789
3501,24124,251,253,63503,Q5,3790
11624,18767,43,124,5332,Q1,3791
10273,18050,88,121,10648,Q2,3792
19436,25443,224,54,12096,Q3,3793
3312,14698,82,319,26158,Q4,3794
10499,19461,201,686,137886,Q5,3795
4285,21391,23,55,1265,Q1,3796
16543,24238,61,176,10736,Q2,3797
10785,23921,419,35,14665,Q3,3798
5766,24650,83,351,29133,Q4,3799
1877,17640,614,57,34998,Q5,3800
6322,17902,100,53,5300,Q1,3801
7854,20181,294,24,7056,Q2,3802
3090,9995,168,78,13104,Q3,3803
2631,16230,250,105,26250,Q4,3804
4742,14911,157,325,51025,Q5,3805
4795,21370,37,123,4551,Q1,3806
8102,19515,91,94,8554,Q2,3807
10283,24183,49,365,17885,Q3,3808
19324,20593,165,133,21945,Q4,3809
17111,21157,186,214,39804,Q5,3810
7391,14100,20,87,1740,Q1,3811
8338,10481,121,65,7865,Q2,3812
6418,9142,115,131,15065,Q3,3813
3269,17384,342,62,21204,Q4,3814
1521,2999,235,226,53110,Q5,3815
16440,17491,99,48,4752,Q1,3816
6483,8609,213,46,9798,Q2,3817
12919,20091,183,76,13908,Q3,3818
1382,20634,227,120,27240,Q4,3819
11206,14286,193,808,155944,Q5,3820
9424,25249,91,49,4459,Q1,3821
12396,20055,100,108,10800,Q2,3822
10899,14760,539,30,16170,Q3,3823
804,9153,429,47,20163,Q4,3824
16177,18994,143,509,72787,Q5,3825
450,21564,39,139,5421,Q1,3826
8249,9802,141,72,10152,Q2,3827
17108,22866,137,115,15755,Q3,3828
9253,20045,304,83,25232,Q4,3829
689,21976,290,254,73660,Q5,3830
8543,22153,32,76,2432,Q1,3831
4972,24336,173,61,10553,Q2,3832
11283,16681,83,140,11620,Q3,3833
13711,16797,225,88,19800,Q4,3834
4701,19259,906,111,100566,Q5,3835
5981,7039,49,104,5096,Q1,3836
19819,22065,171,61,10431,Q2,3837
8304,14756,80,220,17600,Q3,3838
14271,20787,254,92,23368,Q4,3839
19480,22254,203,254,51562,Q5,3840
12746,24957,54,104,5616,Q1,3841
8103,10814,223,32,7136,Q2,3842
912,21800,174,76,13224,Q3,3843
7021,12946,70,328,22960,Q4,3844
2374,9885,73,571,41683,Q5,3845
3605,21410,40,40,1600,Q1,3846
9141,21560,183,43,7869,Q2,3847
13471,19995,116,105,12180,Q3,3848
20511,25091,168,121,20328,Q4,3849
1197,17136,245,160,39200,Q5,3850
11192,22683,44,36,1584,Q1,3851
9236,14190,139,74,10286,Q2,3852
20627,22534,95,155,14725,Q3,3853
6163,13826,213,108,23004,Q4,3854
13924,19537,380,91,34580,Q5,3855
8766,19768,57,87,4959,Q1,3856
1119,16412,204,41,8364,Q2,3857
12649,13277,43,292,12556,Q3,3858
8983,22095,183,106,19398,Q4,3859
1042,19668,423,182,76986,Q5,3860
21069,25445,46,106,4876,Q1,3861
17509,23961,41,148,6068,Q2,3862
6917,9684,78,225,17550,Q3,3863
7344,10187,246,124,30504,Q4,3864
10990,13493,227,304,69008,Q5,3865
24503,24989,115,46,5290,Q1,3866
6606,20572,64,99,6336,Q2,3867
9638,15925,71,193,13703,Q3,3868
4397,19366,52,414,21528,Q4,3869
18112,22880,402,179,71958,Q5,3870
11755,12905,77,56,4312,Q1,3871
20093,23071,69,124,8556,Q2,3872
22003,22336,54,227,12258,Q3,3873
10216,13649,123,247,30381,Q4,3874
4265,19138,205,169,34645,Q5,3875
4375,12040,56,32,1792,Q1,3876
12571,13467,82,121,9922,Q2,3877
16659,20684,212,57,12084,Q3,3878
31,20999,98,203,19894,Q4,3879
6458,17120,277,171,47367,Q5,3880
7406,19473,97,50,4850,Q1,3881
16666,20529,119,77,9163,Q2,3882
2134,23769,122,108,13176,Q3,3883
4693,4866,158,132,20856,Q4,3884
2012,24822,325,126,40950,Q5,3885
16756,20536,67,79,5293,Q1,3886
15109,22725,92,67,6164,Q2,3887
12240,13086,147,87,12789,Q3,3888
7142,11936,128,144,18432,Q4,3889
15858,24381,336,121,40656,Q5,3890
17447,22452,47,30,1410,Q1,3891
1270,22558,163,65,10595,Q2,3892
9716,14107,72,162,11664,Q3,3893
8446,17818,98,218,21364,Q4,3894
9056,16584,278,134,37252,Q5,3895
2340,18033,6,194,1164,Q1,3896
19014,25194,125,52,6500,Q2,3897
14755,17274,271,54,14634,Q3,3898
4451,9774,226,108,24408,Q4,3899
7759,22461,197,305,60085,Q5,3900
3555,24010,70,62,4340,Q1,3901
9483,12947,74,135,9990,Q2,3902
470,19057,181,91,16471,Q3,3903
7290,10200,179,146,26134,Q4,3904
13649,14644,247,277,68419,Q5,3905
19701,20296,62,15,930,Q1,3906
15551,17031,87,82,7134,Q2,3907
11878,23339,322,47,15134,Q3,3908
0,18722,268,113,30284,Q4,3909
14765,18818,218,178,38804,Q5,3910
15044,15720,23,125,2875,Q1,3911
16358,16439,102,101,10302,Q2,3912
14896,21035,236,62,14632,Q3,3913
12622,20771,217,123,26691,Q4,3914
12480,25400,132,260,34320,Q5,3915
1532,17346,86,28,2408,Q1,3916
4741,21843,172,51,8772,Q2,3917
13517,21467,70,217,15190,Q3,3918
3846,12964,276,68,18768,Q4,3919
2420,16186,459,93,42687,Q5,3920
12269,22770,29,98,2842,Q1,3921
12750,20200,148,54,7992,Q2,3922
4512,16825,172,94,16168,Q3,3923
8083,14351,100,319,31900,Q4,3924
1839,9536,286,261,74646,Q5,3925
10581,20979,91,27,2457,Q1,3926
9295,23325,121,60,7260,Q2,3927
7356,17566,415,43,17845,Q3,3928
11814,21631,123,153,18819,Q4,3929
6057,17585,260,310,80600,Q5,3930
4239,20127,128,24,3072,Q1,3931
1995,13067,181,50,9050,Q2,3932
25204,25338,263,61,16043,Q3,3933
10702,17710,158,118,18644,Q4,3934
5738,24447,323,149,48127,Q5,3935
774,19578,60,75,4500,Q1,3936
6756,20869,121,53,6413,Q2,3937
8860,15265,63,174,10962,Q3,3938
6560,12942,167,129,21543,Q4,3939
22476,25120,111,454,50394,Q5,3940
13431,22340,44,38,1672,Q1,3941
11530,16287,78,111,8658,Q2,3942
13312,19144,173,101,17473,Q3,3943
2661,21444,215,103,22145,Q4,3944
5488,10684,602,109,65618,Q5,3945
5634,21715,50,60,3000,Q1,3946
2497,7686,225,47,10575,Q2,3947
6135,13988,342,45,15390,Q3,3948
15688,24369,93,311,28923,Q4,3949
18406,19027,180,252,45360,Q5,3950
3639,24963,50,83,4150,Q1,3951
15679,20477,148,66,9768,Q2,3952
18986,19010,124,91,11284,Q3,3953
1530,21673,136,175,23800,Q4,3954
4713,11017,467,262,122354,Q5,3955
17730,23339,28,47,1316,Q1,3956
14919,16448,151,60,9060,Q2,3957
8932,22681,107,110,11770,Q3,3958
23617,25206,98,263,25774,Q4,3959
12073,12227,344,325,111800,Q5,3960
11774,16001,27,196,5292,Q1,3961
5416,16063,58,164,9512,Q2,3962
8478,25364,102,111,11322,Q3,3963
5691,24547,143,138,19734,Q4,3964
2390,4184,176,192,33792,Q5,3965
16760,16846,59,85,5015,Q1,3966
19146,20306,118,71,8378,Q2,3967
14095,16603,159,79,12561,Q3,3968
12794,24693,94,283,26602,Q4,3969
10416,18546,208,666,138528,Q5,3970
2336,6881,88,68,5984,Q1,3971
16994,18423,124,79,9796,Q2,3972
6872,14491,131,132,17292,Q3,3973
4718,23380,126,175,22050,Q4,3974
5126,15764,309,181,55929,Q5,3975
13802,21183,57,72,4104,Q1,3976
7146,21835,156,50,7800,Q2,3977
11959,14416,110,133,14630,Q3,3978
15793,25046,263,113,29719,Q4,3979
848,13547,304,168,51072,Q5,3980
6097,11873,55,81,4455,Q1,3981
2225,19384,44,158,6952,Q2,3982
7099,25109,82,169,13858,Q3,3983
13546,19992,211,101,21311,Q4,3984
6126,23612,182,279,50778,Q5,3985
5287,7224,77,38,2926,Q1,3986
6408,9304,82,102,8364,Q2,3987
12277,21136,174,84,14616,Q3,3988
8603,15042,101,203,20503,Q4,3989
16826,24567,48,789,37872,Q5,3990
2404,4418,73,54,3942,Q1,3991
15164,15372,123,71,8733,Q2,3992
6117,7330,117,142,16614,Q3,3993
1566,6189,113,268,30284,Q4,3994
19147,22023,1700,30,51000,Q5,3995
15078,24767,51,60,3060,Q1,3996
11994,19895,80,84,6720,Q2,3997
3564,4816,49,353,17297,Q3,3998
1020,7040,199,108,21492,Q4,3999
5605,9001,331,116,38396,Q5,4000
11756,17390,60,22,1320,Q1,4001
16158,16307,60,123,7380,Q2,4002
9216,21815,89,160,14240,Q3,4003
9708,20986,161,121,19481,Q4,4004
15055,25505,249,216,53784,Q5,4005
19763,21659,73,27,1971,Q1,4006
3658,14338,105,81,8505,Q2,4007
48,17958,80,141,11280,Q3,4008
15260,25284,178,142,25276,Q4,4009
11908,24827,119,285,33915,Q5,4010
2710,7455,70,28,1960,Q1,4011
16689,23701,90,97,8730,Q2,4012
8990,14669,144,84,12096,Q3,4013
2663,13936,289,89,25721,Q4,4014
23593,24623,93,1268,117924,Q5,4015
17227,18730,36,129,4644,Q1,4016
2288,15518,59,153,9027,Q2,4017
10070,22279,67,209,14003,Q3,4018
10575,21408,40,511,20440,Q4,4019
9921,15168,127,373,47371,Q5,4020
8193,14382,227,15,3405,Q1,4021
12300,17975,171,48,8208,Q2,4022
10206,12318,112,153,17136,Q3,4023
18274,18502,149,158,23542,Q4,4024
11844,21849,460,99,45540,Q5,4025
11538,20555,144,40,5760,Q1,4026
7265,21634,88,73,6424,Q2,4027
21165,23781,217,75,16275,Q3,4028
373,13982,122,244,29768,Q4,4029
8559,13522,125,278,34750,Q5,4030
11621,20217,45,41,1845,Q1,4031
3558,15676,38,172,6536,Q2,4032
11063,19494,136,123,16728,Q3,4033
22143,23584,87,227,19749,Q4,4034
3907,19784,279,163,45477,Q5,4035
935,11757,14,51,714,Q1,4036
2728,6752,156,66,10296,Q2,4037
6805,10829,124,112,13888,Q3,4038
11374,19603,227,100,22700,Q4,4039
5250,7882,201,626,125826,Q5,4040
12161,22387,47,46,2162,Q1,4041
15697,17626,96,107,10272,Q2,4042
6884,8090,111,99,10989,Q3,4043
6915,18999,166,123,20418,Q4,4044
11157,17121,401,190,76190,Q5,4045
10496,11026,57,74,4218,Q1,4046
10340,16765,66,111,7326,Q2,4047
8499,8562,165,92,15180,Q3,4048
5604,7973,102,189,19278,Q4,4049
3012,15654,252,356,89712,Q5,4050
8197,22389,47,63,2961,Q1,4051
10092,16299,47,229,10763,Q2,4052
228,15686,84,215,18060,Q3,4053
5863,9563,188,114,21432,Q4,4054
4839,8614,295,136,40120,Q5,4055
9483,9724,74,45,3330,Q1,4056
4049,12552,156,44,6864,Q2,4057
6870,13228,116,121,14036,Q3,4058
8919,9883,190,132,25080,Q4,4059
5620,8749,370,195,72150,Q5,4060
7739,16811,84,37,3108,Q1,4061
1353,13259,118,62,7316,Q2,4062
7283,22459,232,47,10904,Q3,4063
9754,25336,302,67,20234,Q4,4064
7916,24375,505,214,108070,Q5,4065
12708,19881,91,63,5733,Q1,4066
800,1908,131,51,6681,Q2,4067
2535,25140,123,134,16482,Q3,4068
2253,16585,259,86,22274,Q4,4069
495,3859,482,71,34222,Q5,4070
8082,20230,31,92,2852,Q1,4071
21330,24457,75,87,6525,Q2,4072
16820,25289,102,120,12240,Q3,4073
19761,23229,157,188,29516,Q4,4074
917,5626,267,221,59007,Q5,4075
16292,17428,39,105,4095,Q1,4076
3608,8347,87,106,9222,Q2,4077
12979,17537,127,100,12700,Q3,4078
11182,11442,110,217,23870,Q4,4079
865,23707,204,276,56304,Q5,4080
15188,23268,66,52,3432,Q1,4081
8652,16607,70,113,7910,Q2,4082
14662,20412,91,143,13013,Q3,4083
11470,19382,183,117,21411,Q4,4084
16616,18909,1022,106,108332,Q5,4085
13842,16686,64,43,2752,Q1,4086
19100,24977,128,53,6784,Q2,4087
3939,18846,65,244,15860,Q3,4088
14225,24505,69,272,18768,Q4,4089
3978,17701,168,244,40992,Q5,4090
2996,21060,111,41,4551,Q1,4091
1934,25468,143,62,8866,Q2,4092
586,1684,74,226,16724,Q3,4093
3179,10841,97,198,19206,Q4,4094
6414,22501,216,348,75168,Q5,4095
1479,16862,89,56,4984,Q1,4096
20549,24574,80,122,9760,Q2,4097
11456,18456,62,186,11532,Q3,4098
9490,11495,422,60,25320,Q4,4099
2916,24711,597,263,157011,Q5,4100
1223,12157,64,90,5760,Q1,4101
15489,19878,118,90,10620,Q2,4102
2954,5573,116,122,14152,Q3,4103
2299,7145,129,219,28251,Q4,4104
3334,16046,179,239,42781,Q5,4105
1929,11006,20,141,2820,Q1,4106
8472,17736,135,65,8775,Q2,4107
16661,19993,168,93,15624,Q3,4108
22129,23601,215,90,19350,Q4,4109
6172,14797,139,490,68110,Q5,4110
9942,24900,60,73,4380,Q1,4111
2041,4487,90,72,6480,Q2,4112
15390,19558,183,76,13908,Q3,4113
15143,22276,97,212,20564,Q4,4114
5555,15086,360,98,35280,Q5,4115
23216,25320,28,100,2800,Q1,4116
15932,17253,128,82,10496,Q2,4117
14012,22959,175,90,15750,Q3,4118
9392,18418,129,195,25155,Q4,4119
864,3601,501,413,206913,Q5,4120
8922,18082,78,52,4056,Q1,4121
18339,21415,72,109,7848,Q2,4122
10625,19095,119,152,18088,Q3,4123
9678,10563,299,94,28106,Q4,4124
4987,9024,95,856,81320,Q5,4125
1711,7831,31,23,713,Q1,4126
19234,22733,61,104,6344,Q2,4127
9364,9690,195,76,14820,Q3,4128
6422,19380,158,127,20066,Q4,4129
19345,24991,145,494,71630,Q5,4130
18336,19634,38,53,2014,Q1,4131
3208,6014,81,79,6399,Q2,4132
12072,19465,154,73,11242,Q3,4133
4583,21767,281,105,29505,Q4,4134
333,5762,301,152,45752,Q5,4135
13715,22065,54,61,3294,Q1,4136
21812,23194,82,95,7790,Q2,4137
20427,23998,35,438,15330,Q3,4138
2506,9645,269,90,24210,Q4,4139
3057,3092,299,340,101660,Q5,4140
16711,18811,57,94,5358,Q1,4141
13921,20218,156,47,7332,Q2,4142
5311,20703,114,111,12654,Q3,4143
6068,22792,269,103,27707,Q4,4144
5488,13616,602,145,87290,Q5,4145
1874,15369,43,67,2881,Q1,4146
7965,13456,94,72,6768,Q2,4147
12497,24826,246,66,16236,Q3,4148
12846,13149,147,178,26166,Q4,4149
1413,11170,185,421,77885,Q5,4150
10004,21207,73,31,2263,Q1,4151
1409,24589,133,53,7049,Q2,4152
6309,12794,159,94,14946,Q3,4153
15033,23206,195,149,29055,Q4,4154
1489,9250,262,188,49256,Q5,4155
14174,16919,49,95,4655,Q1,4156
15161,20707,74,114,8436,Q2,4157
12690,18371,77,192,14784,Q3,4158
3306,11727,281,68,19108,Q4,4159
1236,20546,174,699,121626,Q5,4160
4357,9936,95,40,3800,Q1,4161
3977,23165,140,65,9100,Q2,4162
6757,12069,135,128,17280,Q3,4163
3164,14951,177,153,27081,Q4,4164
10722,19705,121,474,57354,Q5,4165
22921,23515,53,79,4187,Q1,4166
9745,21615,58,148,8584,Q2,4167
9418,20118,219,66,14454,Q3,4168
18090,19790,346,65,22490,Q4,4169
3134,14824,374,317,118558,Q5,4170
192,17758,172,16,2752,Q1,4171
17789,25473,57,135,7695,Q2,4172
6200,12498,102,173,17646,Q3,4173
4685,20990,159,145,23055,Q4,4174
5114,6366,600,187,112200,Q5,4175
372,13006,49,47,2303,Q1,4176
17142,17240,63,120,7560,Q2,4177
4507,4740,54,322,17388,Q3,4178
13778,23239,99,205,20295,Q4,4179
5799,10401,468,192,89856,Q5,4180
12478,22721,80,59,4720,Q1,4181
9405,11147,125,85,10625,Q2,4182
4061,17991,38,408,15504,Q3,4183
5337,18170,99,265,26235,Q4,4184
15307,20893,428,91,38948,Q5,4185
11712,21630,61,49,2989,Q1,4186
11008,12049,107,101,10807,Q2,4187
8655,15336,71,174,12354,Q3,4188
637,8808,269,112,30128,Q4,4189
16319,23496,217,426,92442,Q5,4190
8839,8948,42,46,1932,Q1,4191
6745,8469,95,65,6175,Q2,4192
3203,6353,144,114,16416,Q3,4193
815,7726,435,70,30450,Q4,4194
5971,9366,165,352,58080,Q5,4195
4459,19249,106,31,3286,Q1,4196
2206,21899,88,70,6160,Q2,4197
1073,23534,140,116,16240,Q3,4198
16771,23614,182,132,24024,Q4,4199
6663,9584,645,108,69660,Q5,4200
6603,9803,30,72,2160,Q1,4201
6040,17756,61,99,6039,Q2,4202
17885,20697,66,223,14718,Q3,4203
947,2378,108,192,20736,Q4,4204
579,637,205,269,55145,Q5,4205
1930,16757,7,184,1288,Q1,4206
9812,12644,73,86,6278,Q2,4207
58,13323,103,139,14317,Q3,4208
3986,19933,435,44,19140,Q4,4209
12978,20240,281,250,70250,Q5,4210
11785,16150,43,92,3956,Q1,4211
18683,24145,140,76,10640,Q2,4212
10066,20202,147,85,12495,Q3,4213
9123,14038,201,157,31557,Q4,4214
6446,15895,104,499,51896,Q5,4215
7904,10316,102,54,5508,Q1,4216
5681,10577,238,45,10710,Q2,4217
2494,23999,72,165,11880,Q3,4218
1897,13077,128,161,20608,Q4,4219
1503,21206,499,120,59880,Q5,4220
5759,14043,37,83,3071,Q1,4221
4451,12822,226,44,9944,Q2,4222
1283,13289,37,331,12247,Q3,4223
937,6046,435,66,28710,Q4,4224
8156,9849,197,281,55357,Q5,4225
2404,10253,73,34,2482,Q1,4226
3242,9807,75,100,7500,Q2,4227
268,21046,97,151,14647,Q3,4228
13243,19034,366,56,20496,Q4,4229
7790,18354,426,136,57936,Q5,4230
6350,7005,88,44,3872,Q1,4231
6255,7577,81,94,7614,Q2,4232
15601,24052,87,142,12354,Q3,4233
3694,22507,184,113,20792,Q4,4234
10429,20131,310,203,62930,Q5,4235
1733,20267,96,44,4224,Q1,4236
3200,9454,126,83,10458,Q2,4237
4806,13760,188,86,16168,Q3,4238
7850,19474,142,212,30104,Q4,4239
10302,25246,395,106,41870,Q5,4240
21789,24057,70,45,3150,Q1,4241
6287,24467,85,113,9605,Q2,4242
3778,4720,140,107,14980,Q3,4243
5266,11544,81,225,18225,Q4,4244
1491,15680,1076,93,100068,Q5,4245
17284,17803,44,133,5852,Q1,4246
17306,22961,45,162,7290,Q2,4247
7224,19588,38,464,17632,Q3,4248
5302,11497,179,144,25776,Q4,4249
17918,17961,871,283,246493,Q5,4250
13215,19208,54,66,3564,Q1,4251
22639,23249,65,106,6890,Q2,4252
4216,17128,67,227,15209,Q3,4253
6311,20680,248,122,30256,Q4,4254
15447,18619,129,267,34443,Q5,4255
6597,24761,51,44,2244,Q1,4256
10674,14242,100,98,9800,Q2,4257
2580,5294,60,182,10920,Q3,4258
9013,15289,254,78,19812,Q4,4259
807,4569,329,404,132916,Q5,4260
6966,21740,18,57,1026,Q1,4261
2905,7480,781,13,10153,Q2,4262
20482,23177,123,129,15867,Q3,4263
9646,15693,463,67,31021,Q4,4264
10396,14410,83,519,43077,Q5,4265
3940,20153,102,41,4182,Q1,4266
5872,20977,48,166,7968,Q2,4267
6435,18643,226,55,12430,Q3,4268
17787,24009,97,209,20273,Q4,4269
12462,17350,164,247,40508,Q5,4270
7961,22949,66,65,4290,Q1,4271
8484,8807,103,91,9373,Q2,4272
22245,24199,99,122,12078,Q3,4273
11687,16655,135,172,23220,Q4,4274
1824,24395,178,240,42720,Q5,4275
308,16509,43,52,2236,Q1,4276
2534,8452,112,70,7840,Q2,4277
16411,19928,91,131,11921,Q3,4278
1898,14697,100,300,30000,Q4,4279
3509,7869,132,351,46332,Q5,4280
12126,21419,70,78,5460,Q1,4281
18376,23191,170,55,9350,Q2,4282
10312,19954,116,141,16356,Q3,4283
9697,25175,214,131,28034,Q4,4284
357,15360,363,131,47553,Q5,4285
19954,20416,141,34,4794,Q1,4286
17140,18332,102,78,7956,Q2,4287
4774,8521,163,70,11410,Q3,4288
11635,12620,75,294,22050,Q4,4289
9066,10690,369,161,59409,Q5,4290
5447,22939,102,45,4590,Q1,4291
12571,14098,82,81,6642,Q2,4292
12604,18856,139,96,13344,Q3,4293
6487,16148,198,126,24948,Q4,4294
7617,19657,250,153,38250,Q5,4295
7866,21959,23,60,1380,Q1,4296
356,6585,29,307,8903,Q2,4297
19395,21490,198,71,14058,Q3,4298
4687,25416,96,237,22752,Q4,4299
21520,23965,125,341,42625,Q5,4300
7480,11398,13,42,546,Q1,4301
3691,24921,128,64,8192,Q2,4302
5790,21102,108,112,12096,Q3,4303
5820,12336,251,114,28614,Q4,4304
18070,25094,101,332,33532,Q5,4305
6272,19790,61,65,3965,Q1,4306
15167,18549,86,83,7138,Q2,4307
6092,25533,120,121,14520,Q3,4308
3246,12974,135,155,20925,Q4,4309
10639,12836,463,97,44911,Q5,4310
5008,13187,73,37,2701,Q1,4311
7946,14383,137,58,7946,Q2,4312
1503,20199,499,34,16966,Q3,4313
1077,10450,217,124,26908,Q4,4314
7302,17721,420,128,53760,Q5,4315
7525,20112,9,165,1485,Q1,4316
15965,24217,95,70,6650,Q2,4317
19709,24106,186,81,15066,Q3,4318
14605,23528,157,136,21352,Q4,4319
4617,15971,308,440,135520,Q5,4320
11670,21052,64,74,4736,Q1,4321
5103,10169,111,87,9657,Q2,4322
6653,18395,118,136,16048,Q3,4323
2750,15292,78,260,20280,Q4,4324
5040,12421,347,308,106876,Q5,4325
3208,9109,81,64,5184,Q1,4326
16430,24204,71,92,6532,Q2,4327
19634,23576,53,280,14840,Q3,4328
375,7675,140,208,29120,Q4,4329
1804,3353,109,366,39894,Q5,4330
1554,19990,109,53,5777,Q1,4331
13270,25099,117,83,9711,Q2,4332
4210,8733,185,62,11470,Q3,4333
14892,21646,106,172,18232,Q4,4334
4745,11439,350,211,73850,Q5,4335
17730,18350,28,101,2828,Q1,4336
11080,16875,79,95,7505,Q2,4337
22701,25490,78,172,13416,Q3,4338
3792,15052,151,130,19630,Q4,4339
10987,16056,538,107,57566,Q5,4340
3064,5464,78,77,6006,Q1,4341
19504,21891,158,64,10112,Q2,4342
3697,11027,81,176,14256,Q3,4343
12021,15380,73,387,28251,Q4,4344
5460,7824,393,110,43230,Q5,4345
369,7138,87,69,6003,Q1,4346
15038,23132,159,65,10335,Q2,4347
185,2661,78,215,16770,Q3,4348
13332,19744,139,235,32665,Q4,4349
10810,10921,169,235,39715,Q5,4350
20746,22020,90,54,4860,Q1,4351
3432,23649,119,61,7259,Q2,4352
8930,15109,148,92,13616,Q3,4353
4467,6743,162,149,24138,Q4,4354
4829,19529,457,102,46614,Q5,4355
19016,20829,60,90,5400,Q1,4356
15004,16445,81,82,6642,Q2,4357
9444,15350,70,167,11690,Q3,4358
8005,16431,150,132,19800,Q4,4359
6936,18588,206,195,40170,Q5,4360
11092,24180,93,30,2790,Q1,4361
11657,17012,115,82,9430,Q2,4362
17679,23429,127,120,15240,Q3,4363
6460,23426,360,75,27000,Q4,4364
14870,18150,165,223,36795,Q5,4365
8910,12792,29,76,2204,Q1,4366
9941,20527,69,121,8349,Q2,4367
1408,7827,223,67,14941,Q3,4368
8245,11998,121,216,26136,Q4,4369
4958,16419,200,343,68600,Q5,4370
5569,9860,57,63,3591,Q1,4371
6781,11614,46,172,7912,Q2,4372
83,4809,98,141,13818,Q3,4373
10288,21039,370,76,28120,Q4,4374
12416,23697,165,460,75900,Q5,4375
19593,25410,71,52,3692,Q1,4376
12959,18591,84,93,7812,Q2,4377
6177,9986,143,119,17017,Q3,4378
238,5406,217,140,30380,Q4,4379
8622,15936,74,481,35594,Q5,4380
19826,21892,122,45,5490,Q1,4381
4077,13061,69,140,9660,Q2,4382
9690,18871,76,146,11096,Q3,4383
12898,24837,148,154,22792,Q4,4384
18467,22686,183,257,47031,Q5,4385
12398,21359,52,39,2028,Q1,4386
4038,17816,76,119,9044,Q2,4387
7987,21981,136,96,13056,Q3,4388
2941,21645,310,73,22630,Q4,4389
18369,18382,211,762,160782,Q5,4390
4680,8539,167,34,5678,Q1,4391
11956,15950,114,76,8664,Q2,4392
2831,15986,55,212,11660,Q3,4393
14497,16972,154,191,29414,Q4,4394
22336,25118,227,157,35639,Q5,4395
5351,9912,27,122,3294,Q1,4396
7753,17628,78,93,7254,Q2,4397
13104,22404,322,44,14168,Q3,4398
3581,19019,102,269,27438,Q4,4399
7031,15739,307,287,88109,Q5,4400
15271,21183,53,72,3816,Q1,4401
15684,22430,29,263,7627,Q2,4402
7944,9782,198,63,12474,Q3,4403
4490,14214,369,64,23616,Q4,4404
4374,24822,1212,126,152712,Q5,4405
2247,12889,85,61,5185,Q1,4406
3049,19665,119,71,8449,Q2,4407
12486,15814,253,48,12144,Q3,4408
18214,24150,137,165,22605,Q4,4409
19294,25072,222,188,41736,Q5,4410
8286,21481,70,38,2660,Q1,4411
6521,7824,92,110,10120,Q2,4412
3761,13171,77,205,15785,Q3,4413
6093,15782,71,258,18318,Q4,4414
179,2214,514,130,66820,Q5,4415
16476,17553,57,57,3249,Q1,4416
9274,13583,79,103,8137,Q2,4417
14553,15622,110,153,16830,Q3,4418
2566,22181,175,114,19950,Q4,4419
8885,13434,206,247,50882,Q5,4420
11776,23751,62,83,5146,Q1,4421
6376,16482,81,91,7371,Q2,4422
6391,9897,189,88,16632,Q3,4423
3946,14873,104,196,20384,Q4,4424
15933,18211,553,154,85162,Q5,4425
5666,7580,24,195,4680,Q1,4426
11402,11910,213,47,10011,Q2,4427
12775,13043,236,65,15340,Q3,4428
8934,9060,128,187,23936,Q4,4429
2306,15502,389,144,56016,Q5,4430
17067,25356,47,62,2914,Q1,4431
1161,8289,80,77,6160,Q2,4432
13361,17779,185,81,14985,Q3,4433
18088,23207,122,215,26230,Q4,4434
8966,17290,545,62,33790,Q5,4435
18677,20870,82,21,1722,Q1,4436
1749,17227,170,36,6120,Q2,4437
15651,22472,66,225,14850,Q3,4438
7830,11907,109,279,30411,Q4,4439
219,19384,328,158,51824,Q5,4440
3068,11636,73,68,4964,Q1,4441
15883,23719,179,36,6444,Q2,4442
4173,13249,231,49,11319,Q3,4443
18221,21695,217,95,20615,Q4,4444
18462,19601,401,126,50526,Q5,4445
16133,17402,59,32,1888,Q1,4446
6675,20777,38,168,6384,Q2,4447
3627,22144,114,102,11628,Q3,4448
6792,8919,109,190,20710,Q4,4449
17436,18364,58,690,40020,Q5,4450
9721,25101,56,77,4312,Q1,4451
16452,19727,71,136,9656,Q2,4452
9327,20575,129,124,15996,Q3,4453
12400,16017,92,216,19872,Q4,4454
5476,12205,544,66,35904,Q5,4455
191,13485,52,53,2756,Q1,4456
6348,19497,186,58,10788,Q2,4457
1850,10141,114,121,13794,Q3,4458
4877,16243,203,97,19691,Q4,4459
11438,13395,159,419,66621,Q5,4460
11245,14845,18,134,2412,Q1,4461
7992,17172,75,92,6900,Q2,4462
6991,8832,69,165,11385,Q3,4463
6584,25337,295,84,24780,Q4,4464
10270,12413,69,1808,124752,Q5,4465
8018,12670,63,73,4599,Q1,4466
23059,23629,151,68,10268,Q2,4467
12754,18711,89,180,16020,Q3,4468
6494,15988,245,108,26460,Q4,4469
2507,24515,249,242,60258,Q5,4470
3495,13224,17,102,1734,Q1,4471
8406,15303,103,72,7416,Q2,4472
9630,17535,90,129,11610,Q3,4473
17696,24591,374,87,32538,Q4,4474
5324,19242,457,128,58496,Q5,4475
1284,20352,209,27,5643,Q1,4476
11670,12597,64,128,8192,Q2,4477
10357,17442,240,69,16560,Q3,4478
877,20164,376,56,21056,Q4,4479
3986,11224,435,96,41760,Q5,4480
674,3205,104,32,3328,Q1,4481
15086,18895,98,102,9996,Q2,4482
3047,19557,110,154,16940,Q3,4483
12671,22490,94,336,31584,Q4,4484
1943,4552,233,181,42173,Q5,4485
3523,8911,69,82,5658,Q1,4486
16726,18067,87,103,8961,Q2,4487
7972,24987,100,135,13500,Q3,4488
4534,9539,74,258,19092,Q4,4489
12379,16433,167,213,35571,Q5,4490
1344,17336,120,49,5880,Q1,4491
11279,14122,83,109,9047,Q2,4492
4929,15794,100,131,13100,Q3,4493
16063,24799,164,116,19024,Q4,4494
3412,11562,362,168,60816,Q5,4495
9409,14811,110,42,4620,Q1,4496
16344,18224,48,153,7344,Q2,4497
5633,13599,109,137,14933,Q3,4498
14217,19326,87,248,21576,Q4,4499
14710,22296,229,317,72593,Q5,4500
21211,25202,60,64,3840,Q1,4501
6197,15164,67,123,8241,Q2,4502
5186,11121,105,158,16590,Q3,4503
12042,14633,120,274,32880,Q4,4504
7416,13619,141,359,50619,Q5,4505
330,14008,77,45,3465,Q1,4506
11111,22922,63,98,6174,Q2,4507
16672,18184,93,146,13578,Q3,4508
4051,9959,193,104,20072,Q4,4509
6312,16804,369,199,73431,Q5,4510
223,22400,122,30,3660,Q1,4511
10043,17394,81,98,7938,Q2,4512
12245,18025,123,97,11931,Q3,4513
13557,24389,129,147,18963,Q4,4514
9704,12921,512,266,136192,Q5,4515
4160,15773,33,149,4917,Q1,4516
3584,22520,110,65,7150,Q2,4517
3033,10755,143,80,11440,Q3,4518
2452,8075,265,99,26235,Q4,4519
10268,10444,149,373,55577,Q5,4520
7368,7689,32,116,3712,Q1,4521
15710,19808,88,81,7128,Q2,4522
22936,24243,134,100,13400,Q3,4523
8315,10390,124,163,20212,Q4,4524
8764,11204,446,168,74928,Q5,4525
3067,19234,86,61,5246,Q1,4526
6981,19245,93,68,6324,Q2,4527
523,12046,97,175,16975,Q3,4528
9508,13221,258,105,27090,Q4,4529
1129,1328,109,576,62784,Q5,4530
8334,8881,41,101,4141,Q1,4531
15856,16198,226,39,8814,Q2,4532
1355,8959,35,364,12740,Q3,4533
5210,25001,234,78,18252,Q4,4534
4700,5682,260,161,41860,Q5,4535
7034,22591,80,22,1760,Q1,4536
18707,19479,120,89,10680,Q2,4537
4619,7989,92,125,11500,Q3,4538
10291,10418,272,93,25296,Q4,4539
2468,7065,124,371,46004,Q5,4540
6084,9866,53,93,4929,Q1,4541
21415,23296,109,61,6649,Q2,4542
14131,15081,184,73,13432,Q3,4543
7075,8359,214,118,25252,Q4,4544
81,5388,447,450,201150,Q5,4545
681,20620,186,21,3906,Q1,4546
23728,24903,132,66,8712,Q2,4547
4228,13855,91,158,14378,Q3,4548
12361,15150,55,374,20570,Q4,4549
8991,13166,1114,56,62384,Q5,4550
13657,21664,40,113,4520,Q1,4551
684,6704,59,132,7788,Q2,4552
5699,23740,292,41,11972,Q3,4553
2695,6427,212,114,24168,Q4,4554
6809,23584,157,227,35639,Q5,4555
12696,18306,18,229,4122,Q1,4556
21356,22354,81,126,10206,Q2,4557
7644,23412,119,148,17612,Q3,4558
2767,13669,95,225,21375,Q4,4559
20982,24265,149,545,81205,Q5,4560
22535,24643,45,22,990,Q1,4561
14198,18630,110,97,10670,Q2,4562
6194,18138,236,62,14632,Q3,4563
1757,25152,196,108,21168,Q4,4564
11845,15994,258,207,53406,Q5,4565
10746,17746,25,139,3475,Q1,4566
22211,22331,100,102,10200,Q2,4567
3338,15722,363,41,14883,Q3,4568
8444,23470,282,109,30738,Q4,4569
3155,15393,171,207,35397,Q5,4570
9768,22640,18,88,1584,Q1,4571
4111,21867,248,32,7936,Q2,4572
6766,12349,103,130,13390,Q3,4573
227,7056,233,130,30290,Q4,4574
9488,22669,245,318,77910,Q5,4575
1080,16059,49,54,2646,Q1,4576
7958,22774,90,93,8370,Q2,4577
6957,10472,130,118,15340,Q3,4578
3986,15517,435,72,31320,Q4,4579
3528,14763,282,172,48504,Q5,4580
11660,13194,20,66,1320,Q1,4581
14958,20753,137,64,8768,Q2,4582
6705,23040,59,283,16697,Q3,4583
2452,6538,265,69,18285,Q4,4584
12497,13819,246,163,40098,Q5,4585
16814,23107,44,125,5500,Q1,4586
1134,4194,216,45,9720,Q2,4587
15892,16080,125,121,15125,Q3,4588
3248,23286,184,128,23552,Q4,4589
15008,19589,155,352,54560,Q5,4590
7524,20703,39,111,4329,Q1,4591
2035,8753,17,373,6341,Q2,4592
13310,18435,98,129,12642,Q3,4593
6874,18143,216,132,28512,Q4,4594
8435,18120,194,177,34338,Q5,4595
11137,23237,64,90,5760,Q1,4596
13156,24728,84,120,10080,Q2,4597
5694,7951,224,81,18144,Q3,4598
1124,24048,221,118,26078,Q4,4599
8779,23610,451,151,68101,Q5,4600
8291,18062,50,59,2950,Q1,4601
6079,12507,249,40,9960,Q2,4602
10161,23069,143,90,12870,Q3,4603
19131,20392,183,174,31842,Q4,4604
1174,4022,386,378,145908,Q5,4605
3348,7625,221,22,4862,Q1,4606
2803,14696,26,418,10868,Q2,4607
3912,23977,158,100,15800,Q3,4608
8273,10725,275,90,24750,Q4,4609
14058,24567,401,789,316389,Q5,4610
13154,19201,122,43,5246,Q1,4611
15121,19951,61,105,6405,Q2,4612
5999,21306,82,193,15826,Q3,4613
3288,17072,160,128,20480,Q4,4614
8126,22007,159,303,48177,Q5,4615
8033,17447,118,47,5546,Q1,4616
20759,25236,91,79,7189,Q2,4617
10278,19996,55,242,13310,Q3,4618
6181,6613,322,74,23828,Q4,4619
14337,19167,243,244,59292,Q5,4620
11540,20712,43,48,2064,Q1,4621
1486,23242,132,79,10428,Q2,4622
19707,23823,186,60,11160,Q3,4623
5099,15277,162,131,21222,Q4,4624
10625,12338,119,371,44149,Q5,4625
11648,21534,63,59,3717,Q1,4626
22839,24018,185,39,7215,Q2,4627
2824,20356,368,42,15456,Q3,4628
6833,12105,277,108,29916,Q4,4629
15852,16271,192,317,60864,Q5,4630
9495,20132,32,84,2688,Q1,4631
5244,16007,58,142,8236,Q2,4632
5011,7763,156,102,15912,Q3,4633
11437,18270,207,131,27117,Q4,4634
8186,13897,102,578,58956,Q5,4635
12672,15732,75,63,4725,Q1,4636
15855,24843,83,81,6723,Q2,4637
19162,21100,158,92,14536,Q3,4638
1650,20565,195,115,22425,Q4,4639
4653,21529,280,234,65520,Q5,4640
22739,24988,72,74,5328,Q1,4641
17207,25180,84,80,6720,Q2,4642
1754,3191,262,64,16768,Q3,4643
2123,5761,128,147,18816,Q4,4644
8070,10468,274,194,53156,Q5,4645
7635,15293,97,39,3783,Q1,4646
23735,24231,71,129,9159,Q2,4647
1118,3413,183,75,13725,Q3,4648
995,10654,355,73,25915,Q4,4649
2188,7540,213,296,63048,Q5,4650
13450,17202,106,37,3922,Q1,4651
13004,13578,96,95,9120,Q2,4652
7650,19497,191,58,11078,Q3,4653
5155,13338,206,132,27192,Q4,4654
9233,17886,110,668,73480,Q5,4655
3235,24782,157,32,5024,Q1,4656
12353,19742,67,105,7035,Q2,4657
479,10912,493,27,13311,Q3,4658
1779,22681,178,110,19580,Q4,4659
252,584,237,155,36735,Q5,4660
10079,24867,45,56,2520,Q1,4661
4979,20719,103,86,8858,Q2,4662
925,8068,83,194,16102,Q3,4663
1861,17882,194,146,28324,Q4,4664
2471,7507,249,329,81921,Q5,4665
9919,13238,56,51,2856,Q1,4666
5015,7133,55,186,10230,Q2,4667
14742,18845,120,111,13320,Q3,4668
13234,23504,99,204,20196,Q4,4669
11855,13979,374,387,144738,Q5,4670
20332,21323,46,47,2162,Q1,4671
5167,23595,97,65,6305,Q2,4672
1635,11183,190,81,15390,Q3,4673
3665,20440,129,156,20124,Q4,4674
4602,24437,152,220,33440,Q5,4675
14596,22071,105,56,5880,Q1,4676
17848,24303,56,133,7448,Q2,4677
7917,21235,124,100,12400,Q3,4678
5343,25501,341,94,32054,Q4,4679
2284,9949,1166,62,72292,Q5,4680
9811,19464,137,38,5206,Q1,4681
2324,9170,167,47,7849,Q2,4682
5093,17257,137,83,11371,Q3,4683
16945,18177,184,150,27600,Q4,4684
3801,3899,554,183,101382,Q5,4685
21274,23243,43,137,5891,Q1,4686
1920,16524,121,57,6897,Q2,4687
2329,22508,91,169,15379,Q3,4688
2010,18825,559,59,32981,Q4,4689
1278,19313,618,151,93318,Q5,4690
6611,14685,92,25,2300,Q1,4691
11721,13557,52,129,6708,Q2,4692
18454,23935,285,53,15105,Q3,4693
5115,11710,424,78,33072,Q4,4694
12775,13257,236,172,40592,Q5,4695
8574,13949,17,232,3944,Q1,4696
6028,19130,108,73,7884,Q2,4697
7942,9303,271,67,18157,Q3,4698
12685,23770,172,185,31820,Q4,4699
1841,24007,404,265,107060,Q5,4700
31,18566,98,48,4704,Q1,4701
3203,21569,144,54,7776,Q2,4702
1728,5397,114,129,14706,Q3,4703
16283,24617,180,128,23040,Q4,4704
4085,19367,267,146,38982,Q5,4705
6383,12910,42,75,3150,Q1,4706
4299,6869,165,52,8580,Q2,4707
348,19608,139,82,11398,Q3,4708
13283,19341,200,99,19800,Q4,4709
4722,6191,245,177,43365,Q5,4710
7110,12156,108,48,5184,Q1,4711
5613,6341,76,93,7068,Q2,4712
20902,24241,96,165,15840,Q3,4713
13147,13645,134,158,21172,Q4,4714
4461,22128,200,208,41600,Q5,4715
16900,22343,73,76,5548,Q1,4716
15460,22442,88,110,9680,Q2,4717
1439,23671,107,108,11556,Q3,4718
18565,24169,108,169,18252,Q4,4719
16422,19364,198,345,68310,Q5,4720
8979,9770,36,23,828,Q1,4721
2859,12769,54,185,9990,Q2,4722
2797,17497,224,65,14560,Q3,4723
5516,9193,374,55,20570,Q4,4724
7126,19799,507,224,113568,Q5,4725
11341,25168,62,77,4774,Q1,4726
6625,14667,119,64,7616,Q2,4727
3730,19458,91,124,11284,Q3,4728
3965,7776,135,154,20790,Q4,4729
11912,22249,233,307,71531,Q5,4730
929,22923,94,55,5170,Q1,4731
11670,24292,64,155,9920,Q2,4732
18636,21726,151,98,14798,Q3,4733
10352,24023,66,333,21978,Q4,4734
14379,23806,902,115,103730,Q5,4735
11731,17083,47,119,5593,Q1,4736
8297,24868,69,115,7935,Q2,4737
11430,25315,102,119,12138,Q3,4738
7089,10179,112,177,19824,Q4,4739
2349,9176,464,152,70528,Q5,4740
22247,24189,86,69,5934,Q1,4741
17550,22048,85,123,10455,Q2,4742
12373,14549,138,128,17664,Q3,4743
1677,10095,250,106,26500,Q4,4744
12718,14906,85,440,37400,Q5,4745
4867,7431,55,34,1870,Q1,4746
2374,14550,73,118,8614,Q2,4747
908,23900,122,115,14030,Q3,4748
13537,25473,231,135,31185,Q4,4749
569,25133,435,219,95265,Q5,4750
4123,16963,81,24,1944,Q1,4751
18472,20704,95,106,10070,Q2,4752
6331,11859,128,92,11776,Q3,4753
6741,21139,411,45,18495,Q4,4754
8576,14393,76,1292,98192,Q5,4755
6635,10861,79,66,5214,Q1,4756
8077,23187,94,90,8460,Q2,4757
4070,6478,87,154,13398,Q3,4758
5813,20568,209,126,26334,Q4,4759
4015,5530,141,310,43710,Q5,4760
4668,8295,43,136,5848,Q1,4761
19323,25059,99,103,10197,Q2,4762
16994,23122,124,109,13516,Q3,4763
18323,23722,292,102,29784,Q4,4764
6860,17799,179,208,37232,Q5,4765
2173,2342,125,33,4125,Q1,4766
1993,19995,90,105,9450,Q2,4767
10116,18945,71,182,12922,Q3,4768
13057,14868,487,57,27759,Q4,4769
5538,9696,288,165,47520,Q5,4770
9498,18564,75,58,4350,Q1,4771
4619,7180,92,70,6440,Q2,4772
2113,11585,311,55,17105,Q3,4773
6026,24314,210,155,32550,Q4,4774
5442,6782,326,629,205054,Q5,4775
1216,14600,48,100,4800,Q1,4776
12621,18022,170,64,10880,Q2,4777
9559,20921,102,134,13668,Q3,4778
2786,23312,236,110,25960,Q4,4779
13743,13807,218,371,80878,Q5,4780
4310,4352,16,70,1120,Q1,4781
5183,7890,89,75,6675,Q2,4782
7773,7918,225,63,14175,Q3,4783
13228,25317,121,164,19844,Q4,4784
5086,8782,711,126,89586,Q5,4785
10055,21267,76,78,5928,Q1,4786
11092,22074,93,116,10788,Q2,4787
14741,22810,126,105,13230,Q3,4788
12088,15176,283,98,27734,Q4,4789
1604,13294,407,225,91575,Q5,4790
13091,15028,51,58,2958,Q1,4791
4230,17873,125,77,9625,Q2,4792
3265,21766,227,70,15890,Q3,4793
8825,21894,351,65,22815,Q4,4794
350,627,288,122,35136,Q5,4795
8498,15880,58,100,5800,Q1,4796
5248,6014,91,79,7189,Q2,4797
14726,18349,192,83,15936,Q3,4798
2837,12680,82,306,25092,Q4,4799
5705,18884,377,109,41093,Q5,4800
2753,9115,99,37,3663,Q1,4801
10361,21962,196,40,7840,Q2,4802
13433,16650,160,113,18080,Q3,4803
5576,9734,240,79,18960,Q4,4804
6348,12350,186,261,48546,Q5,4805
3620,17821,111,39,4329,Q1,4806
18277,23865,96,112,10752,Q2,4807
1238,20837,61,224,13664,Q3,4808
6117,15265,117,174,20358,Q4,4809
480,18657,380,114,43320,Q5,4810
17367,20798,49,106,5194,Q1,4811
17793,23455,127,60,7620,Q2,4812
8034,22079,181,75,13575,Q3,4813
8183,9190,85,247,20995,Q4,4814
786,4111,256,248,63488,Q5,4815
1276,1390,109,50,5450,Q1,4816
19622,22523,88,89,7832,Q2,4817
5034,12105,120,108,12960,Q3,4818
625,24948,151,177,26727,Q4,4819
7043,22859,348,233,81084,Q5,4820
4951,10621,72,37,2664,Q1,4821
2681,6992,111,60,6660,Q2,4822
17728,23972,71,205,14555,Q3,4823
540,3987,231,79,18249,Q4,4824
4965,19653,445,184,81880,Q5,4825
12110,16630,45,73,3285,Q1,4826
3103,16407,169,49,8281,Q2,4827
3804,6921,128,87,11136,Q3,4828
8829,12647,157,189,29673,Q4,4829
10516,23606,231,375,86625,Q5,4830
515,17407,50,78,3900,Q1,4831
4214,11672,63,96,6048,Q2,4832
4929,20464,100,136,13600,Q3,4833
809,9723,271,109,29539,Q4,4834
3827,22824,305,198,60390,Q5,4835
10848,11413,51,71,3621,Q1,4836
1063,3641,233,44,10252,Q2,4837
5528,12628,232,57,13224,Q3,4838
8203,23589,244,95,23180,Q4,4839
2210,23967,305,267,81435,Q5,4840
16152,22478,84,30,2520,Q1,4841
19831,23390,88,80,7040,Q2,4842
6290,11432,62,253,15686,Q3,4843
9497,22222,173,136,23528,Q4,4844
11041,15382,139,253,35167,Q5,4845
12212,21987,35,90,3150,Q1,4846
8725,25079,100,91,9100,Q2,4847
1614,13699,236,66,15576,Q3,4848
7245,8794,284,101,28684,Q4,4849
11107,19109,348,1049,365052,Q5,4850
18054,23339,123,47,5781,Q1,4851
848,9771,304,35,10640,Q2,4852
14580,25227,80,142,11360,Q3,4853
7868,24377,187,129,24123,Q4,4854
2636,10035,523,130,67990,Q5,4855
14979,16254,63,82,5166,Q1,4856
21751,25241,85,119,10115,Q2,4857
16690,22050,86,135,11610,Q3,4858
21773,24436,136,166,22576,Q4,4859
2723,3842,217,203,44051,Q5,4860
9219,12204,83,50,4150,Q1,4861
10236,14214,168,64,10752,Q2,4862
6193,8953,72,225,16200,Q3,4863
14046,17313,238,120,28560,Q4,4864
7965,22294,94,361,33934,Q5,4865
6742,22132,73,25,1825,Q1,4866
12253,23514,70,133,9310,Q2,4867
18207,20219,103,116,11948,Q3,4868
3825,6873,90,320,28800,Q4,4869
7704,11087,1129,125,141125,Q5,4870
2659,24433,39,134,5226,Q1,4871
15737,19118,66,118,7788,Q2,4872
7721,15243,214,78,16692,Q3,4873
4182,11441,215,100,21500,Q4,4874
4111,15391,248,347,86056,Q5,4875
10251,11941,62,31,1922,Q1,4876
6323,10757,52,161,8372,Q2,4877
1210,12487,243,53,12879,Q3,4878
15067,24492,150,137,20550,Q4,4879
2006,11396,249,321,79929,Q5,4880
7422,18762,31,88,2728,Q1,4881
7926,19701,137,62,8494,Q2,4882
10080,21260,124,126,15624,Q3,4883
9723,22512,109,275,29975,Q4,4884
836,19452,374,207,77418,Q5,4885
17950,22595,80,27,2160,Q1,4886
2469,14346,40,208,8320,Q2,4887
1461,18245,116,109,12644,Q3,4888
1698,7208,93,234,21762,Q4,4889
6058,14780,291,305,88755,Q5,4890
8291,10481,50,65,3250,Q1,4891
6763,12085,215,48,10320,Q2,4892
8909,12851,227,78,17706,Q3,4893
14206,14242,187,98,18326,Q4,4894
13999,24549,154,385,59290,Q5,4895
7406,10023,97,58,5626,Q1,4896
6456,10057,172,58,9976,Q2,4897
9082,16249,88,150,13200,Q3,4898
6061,12427,95,239,22705,Q4,4899
965,10403,277,227,62879,Q5,4900
1024,6436,284,17,4828,Q1,4901
23372,24119,30,225,6750,Q2,4902
3727,5069,259,48,12432,Q3,4903
21204,24914,212,106,22472,Q4,4904
7426,9312,118,372,43896,Q5,4905
12144,16235,52,65,3380,Q1,4906
8726,25230,258,37,9546,Q2,4907
4632,8693,211,72,15192,Q3,4908
13781,19286,236,138,32568,Q4,4909
7194,14321,198,274,54252,Q5,4910
7088,9652,62,48,2976,Q1,4911
3245,23291,51,142,7242,Q2,4912
4003,24817,207,69,14283,Q3,4913
4243,23139,237,103,24411,Q4,4914
11160,24071,99,435,43065,Q5,4915
14244,25205,71,80,5680,Q1,4916
15513,22244,96,105,10080,Q2,4917
13538,18816,135,119,16065,Q3,4918
5782,8564,497,60,29820,Q4,4919
6252,7506,335,191,63985,Q5,4920
12223,17976,25,25,625,Q1,4921
718,6174,127,49,6223,Q2,4922
7102,12554,90,134,12060,Q3,4923
6323,18151,52,558,29016,Q4,4924
11197,25441,196,251,49196,Q5,4925
564,22303,174,26,4524,Q1,4926
5755,19203,84,81,6804,Q2,4927
6834,11553,59,214,12626,Q3,4928
4571,19274,163,204,33252,Q4,4929
1092,8757,173,602,104146,Q5,4930
11510,21413,101,47,4747,Q1,4931
3506,5843,140,59,8260,Q2,4932
2071,4073,87,174,15138,Q3,4933
6246,25062,76,295,22420,Q4,4934
7346,14237,310,165,51150,Q5,4935
11023,13980,116,37,4292,Q1,4936
9017,12165,128,67,8576,Q2,4937
13638,17985,173,99,17127,Q3,4938
14498,25149,305,71,21655,Q4,4939
7821,9597,264,382,100848,Q5,4940
4773,20768,20,119,2380,Q1,4941
16136,23151,131,72,9432,Q2,4942
10065,22502,69,195,13455,Q3,4943
11674,23315,183,132,24156,Q4,4944
5817,10572,205,280,57400,Q5,4945
6277,13066,52,72,3744,Q1,4946
16769,21670,109,63,6867,Q2,4947
3085,5038,172,76,13072,Q3,4948
5625,24999,453,65,29445,Q4,4949
10729,13460,393,192,75456,Q5,4950
2856,18022,93,64,5952,Q1,4951
674,922,104,97,10088,Q2,4952
3975,22200,134,90,12060,Q3,4953
1407,9270,88,252,22176,Q4,4954
718,18163,127,348,44196,Q5,4955
10951,17724,62,32,1984,Q1,4956
20120,25044,68,120,8160,Q2,4957
7388,13085,281,49,13769,Q3,4958
7862,10336,120,175,21000,Q4,4959
10084,23509,408,110,44880,Q5,4960
2605,18852,21,69,1449,Q1,4961
1993,7372,90,68,6120,Q2,4962
21679,24818,147,122,17934,Q3,4963
118,9953,240,88,21120,Q4,4964
3647,10257,253,155,39215,Q5,4965
7427,22507,15,113,1695,Q1,4966
18249,24655,114,64,7296,Q2,4967
1561,9990,229,76,17404,Q3,4968
1036,23701,222,97,21534,Q4,4969
13886,17716,421,96,40416,Q5,4970
13705,21263,48,42,2016,Q1,4971
3766,14861,98,88,8624,Q2,4972
7987,19441,136,99,13464,Q3,4973
10774,15453,99,267,26433,Q4,4974
10895,13357,167,242,40414,Q5,4975
3526,3584,49,110,5390,Q1,4976
21124,21888,101,90,9090,Q2,4977
3054,19061,223,81,18063,Q3,4978
9346,20037,238,137,32606,Q4,4979
4659,8481,165,308,50820,Q5,4980
3578,12166,36,93,3348,Q1,4981
491,21677,62,139,8618,Q2,4982
5695,16648,136,111,15096,Q3,4983
592,23625,174,153,26622,Q4,4984
5858,6618,105,777,81585,Q5,4985
1133,19161,48,118,5664,Q1,4986
1636,21096,112,97,10864,Q2,4987
10852,20996,157,81,12717,Q3,4988
14969,15621,596,49,29204,Q4,4989
2338,22374,444,87,38628,Q5,4990
1627,16548,81,70,5670,Q1,4991
10130,21099,122,78,9516,Q2,4992
9015,11138,94,169,15886,Q3,4993
10704,17935,134,144,19296,Q4,4994
5516,17774,374,128,47872,Q5,4995
3467,4487,66,72,4752,Q1,4996
14133,15326,106,83,8798,Q2,4997
7751,9511,261,59,15399,Q3,4998
5088,24578,124,151,18724,Q4,4999
12777,14077,135,316,42660,Q5,5000
2569,16767,193,26,5018,Q1,5001
9438,14892,84,106,8904,Q2,5002
17514,25127,314,57,17898,Q3,5003
12481,18753,263,84,22092,Q4,5004
16925,19428,122,279,34038,Q5,5005
15028,17260,58,29,1682,Q1,5006
6080,9925,92,78,7176,Q2,5007
9248,14757,110,115,12650,Q3,5008
920,1857,119,196,23324,Q4,5009
6031,12764,111,433,48063,Q5,5010
8407,18648,71,49,3479,Q1,5011
10410,11801,53,153,8109,Q2,5012
3988,24281,68,169,11492,Q3,5013
9506,17353,106,282,29892,Q4,5014
13389,23168,336,111,37296,Q5,5015
15517,19544,72,77,5544,Q1,5016
9717,12508,36,276,9936,Q2,5017
11810,19124,68,197,13396,Q3,5018
8147,12751,60,365,21900,Q4,5019
7245,13752,284,146,41464,Q5,5020
13214,14596,50,105,5250,Q1,5021
7083,17892,63,107,6741,Q2,5022
131,4869,122,116,14152,Q3,5023
2647,24521,109,261,28449,Q4,5024
4964,22224,289,305,88145,Q5,5025
17876,20391,45,74,3330,Q1,5026
2537,4124,77,110,8470,Q2,5027
3778,8934,140,128,17920,Q3,5028
664,23809,275,109,29975,Q4,5029
138,667,267,235,62745,Q5,5030
7083,21590,63,36,2268,Q1,5031
13087,21537,94,95,8930,Q2,5032
12537,25391,61,197,12017,Q3,5033
5428,13771,242,121,29282,Q4,5034
4770,6717,305,187,57035,Q5,5035
4718,21047,126,34,4284,Q1,5036
649,15275,81,75,6075,Q2,5037
14064,23407,164,100,16400,Q3,5038
11375,16776,70,472,33040,Q4,5039
3712,18488,194,340,65960,Q5,5040
16352,23268,109,52,5668,Q1,5041
14970,15653,134,50,6700,Q2,5042
19444,21758,238,59,14042,Q3,5043
15442,22111,130,156,20280,Q4,5044
11091,12394,350,248,86800,Q5,5045
7374,7707,42,51,2142,Q1,5046
4446,12212,253,35,8855,Q2,5047
15746,21146,103,161,16583,Q3,5048
22871,25020,163,198,32274,Q4,5049
4848,8695,110,451,49610,Q5,5050
10445,13042,32,84,2688,Q1,5051
9033,17029,131,68,8908,Q2,5052
17128,20207,227,64,14528,Q3,5053
3299,24811,201,113,22713,Q4,5054
2415,22039,297,215,63855,Q5,5055
11295,25529,22,69,1518,Q1,5056
10346,23167,82,125,10250,Q2,5057
14627,18758,125,109,13625,Q3,5058
3821,16431,142,132,18744,Q4,5059
1334,5262,114,1481,168834,Q5,5060
8373,15940,51,110,5610,Q1,5061
7676,20998,110,77,8470,Q2,5062
2974,18329,158,78,12324,Q3,5063
6768,17814,168,146,24528,Q4,5064
15417,18492,173,214,37022,Q5,5065
16034,20051,22,105,2310,Q1,5066
10100,21081,61,131,7991,Q2,5067
6560,10276,167,71,11857,Q3,5068
15824,21717,210,118,24780,Q4,5069
8907,20425,105,365,38325,Q5,5070
8377,18022,91,64,5824,Q1,5071
2460,23281,118,78,9204,Q2,5072
1885,13476,127,131,16637,Q3,5073
1260,1361,154,186,28644,Q4,5074
12255,12865,708,104,73632,Q5,5075
17008,23719,112,36,4032,Q1,5076
13915,18775,81,82,6642,Q2,5077
2241,21250,119,130,15470,Q3,5078
1375,2673,139,144,20016,Q4,5079
19921,25505,827,216,178632,Q5,5080
16798,17509,50,41,2050,Q1,5081
2911,21251,98,62,6076,Q2,5082
6796,11939,385,47,18095,Q3,5083
11187,24411,200,161,32200,Q4,5084
776,7822,140,365,51100,Q5,5085
16586,22305,137,26,3562,Q1,5086
3362,12792,127,76,9652,Q2,5087
19898,23509,128,110,14080,Q3,5088
5842,21398,312,68,21216,Q4,5089
8383,12912,353,202,71306,Q5,5090
16290,16869,93,24,2232,Q1,5091
8781,24106,114,81,9234,Q2,5092
1186,14635,74,169,12506,Q3,5093
2068,7648,206,135,27810,Q4,5094
2360,3231,318,235,74730,Q5,5095
10571,14613,45,126,5670,Q1,5096
9882,24897,82,97,7954,Q2,5097
7794,25445,114,106,12084,Q3,5098
9852,24044,126,154,19404,Q4,5099
3328,8755,456,176,80256,Q5,5100
3084,22421,120,27,3240,Q1,5101
15706,16490,47,164,7708,Q2,5102
821,11489,169,79,13351,Q3,5103
90,4021,170,186,31620,Q4,5104
8692,24332,158,332,52456,Q5,5105
2734,21724,52,37,1924,Q1,5106
22710,22855,57,108,6156,Q2,5107
7987,14433,136,126,17136,Q3,5108
7268,19741,125,247,30875,Q4,5109
9699,19653,206,184,37904,Q5,5110
12272,12613,73,62,4526,Q1,5111
5334,9719,126,86,10836,Q2,5112
1920,10176,121,96,11616,Q3,5113
8344,16597,209,133,27797,Q4,5114
11584,16567,188,183,34404,Q5,5115
3758,22755,28,42,1176,Q1,5116
15587,15811,141,60,8460,Q2,5117
2616,13291,143,81,11583,Q3,5118
22631,24011,237,84,19908,Q4,5119
564,8836,174,250,43500,Q5,5120
20027,20698,45,79,3555,Q1,5121
1534,13085,148,49,7252,Q2,5122
15556,18505,113,106,11978,Q3,5123
277,1919,280,112,31360,Q4,5124
6207,12908,430,162,69660,Q5,5125
7242,19835,45,103,4635,Q1,5126
17373,23790,85,96,8160,Q2,5127
2859,4769,54,331,17874,Q3,5128
3,3969,127,163,20701,Q4,5129
152,24357,153,280,42840,Q5,5130
3939,19130,65,73,4745,Q1,5131
143,21954,216,38,8208,Q2,5132
712,3266,34,323,10982,Q3,5133
10369,12577,132,193,25476,Q4,5134
12245,13139,123,452,55596,Q5,5135
9573,13259,69,62,4278,Q1,5136
2055,6127,31,207,6417,Q2,5137
8526,18314,91,124,11284,Q3,5138
9935,15327,76,338,25688,Q4,5139
8862,9688,329,546,179634,Q5,5140
561,19881,50,63,3150,Q1,5141
2029,6819,148,52,7696,Q2,5142
6343,23497,167,74,12358,Q3,5143
2927,7842,211,108,22788,Q4,5144
18002,18989,405,147,59535,Q5,5145
2309,22303,74,26,1924,Q1,5146
14065,24889,108,67,7236,Q2,5147
2227,22755,270,42,11340,Q3,5148
912,17808,174,121,21054,Q4,5149
10586,18821,153,285,43605,Q5,5150
23450,25024,50,64,3200,Q1,5151
14600,18329,100,78,7800,Q2,5152
5295,19023,161,86,13846,Q3,5153
748,24104,253,96,24288,Q4,5154
12010,21166,197,243,47871,Q5,5155
2524,21996,40,56,2240,Q1,5156
4838,10170,84,98,8232,Q2,5157
2366,11549,537,30,16110,Q3,5158
10660,24124,80,253,20240,Q4,5159
6037,16799,142,436,61912,Q5,5160
8718,8807,30,91,2730,Q1,5161
3881,17855,120,79,9480,Q2,5162
934,25202,224,64,14336,Q3,5163
1372,15673,141,162,22842,Q4,5164
17341,19262,141,311,43851,Q5,5165
1908,22700,51,89,4539,Q1,5166
1506,18962,124,78,9672,Q2,5167
3837,20376,68,228,15504,Q3,5168
11179,17292,442,59,26078,Q4,5169
3796,4297,350,157,54950,Q5,5170
20722,24845,24,101,2424,Q1,5171
9386,13162,253,43,10879,Q2,5172
33,17948,85,177,15045,Q3,5173
15,10684,294,109,32046,Q4,5174
18290,22560,290,115,33350,Q5,5175
716,16571,38,83,3154,Q1,5176
14164,24867,190,56,10640,Q2,5177
5468,20673,134,105,14070,Q3,5178
8898,24598,60,316,18960,Q4,5179
9676,16021,654,112,73248,Q5,5180
11666,24146,47,59,2773,Q1,5181
4209,19222,82,125,10250,Q2,5182
15810,18294,49,295,14455,Q3,5183
20975,24891,135,182,24570,Q4,5184
683,3077,115,585,67275,Q5,5185
16582,25083,57,99,5643,Q1,5186
4596,23918,170,55,9350,Q2,5187
21138,21243,86,156,13416,Q3,5188
4489,6409,227,142,32234,Q4,5189
2280,11458,552,123,67896,Q5,5190
12704,17274,45,54,2430,Q1,5191
6683,13304,63,119,7497,Q2,5192
1589,8627,121,115,13915,Q3,5193
440,18958,173,179,30967,Q4,5194
19168,24687,150,237,35550,Q5,5195
9421,21641,32,168,5376,Q1,5196
3191,22253,64,129,8256,Q2,5197
17376,20772,97,155,15035,Q3,5198
12635,17680,157,200,31400,Q4,5199
1204,8125,550,99,54450,Q5,5200
514,2203,59,74,4366,Q1,5201
1130,14942,195,49,9555,Q2,5202
19512,24400,56,252,14112,Q3,5203
13851,16794,240,92,22080,Q4,5204
5344,23299,280,294,82320,Q5,5205
7476,16105,38,134,5092,Q1,5206
4952,13974,51,174,8874,Q2,5207
9483,11921,74,159,11766,Q3,5208
1857,17251,196,147,28812,Q4,5209
5374,8844,209,182,38038,Q5,5210
9194,24288,57,102,5814,Q1,5211
174,878,76,108,8208,Q2,5212
12654,13128,119,122,14518,Q3,5213
5657,19839,412,56,23072,Q4,5214
4369,13974,666,174,115884,Q5,5215
8738,21425,30,48,1440,Q1,5216
10420,24153,115,71,8165,Q2,5217
16540,19587,51,252,12852,Q3,5218
10648,18592,208,109,22672,Q4,5219
7929,25214,415,176,73040,Q5,5220
11210,17856,56,94,5264,Q1,5221
13207,16302,110,60,6600,Q2,5222
544,9727,117,96,11232,Q3,5223
18667,24118,247,74,18278,Q4,5224
2887,12053,435,90,39150,Q5,5225
8046,11683,39,148,5772,Q1,5226
20939,24501,106,100,10600,Q2,5227
22813,25480,153,100,15300,Q3,5228
7653,17988,89,294,26166,Q4,5229
1609,19175,155,217,33635,Q5,5230
10753,12696,136,18,2448,Q1,5231
9581,20758,124,51,6324,Q2,5232
3606,22646,120,102,12240,Q3,5233
5610,6332,199,139,27661,Q4,5234
8626,19580,356,157,55892,Q5,5235
6685,23009,59,67,3953,Q1,5236
20068,23461,159,65,10335,Q2,5237
11042,16320,207,74,15318,Q3,5238
11,11247,594,39,23166,Q4,5239
1451,4126,245,151,36995,Q5,5240
2108,7358,60,64,3840,Q1,5241
18274,20663,149,64,9536,Q2,5242
1234,24149,124,118,14632,Q3,5243
16161,19127,150,162,24300,Q4,5244
8745,12904,258,340,87720,Q5,5245
7482,21317,53,100,5300,Q1,5246
5936,11350,48,209,10032,Q2,5247
21748,24091,105,171,17955,Q3,5248
22429,25135,128,166,21248,Q4,5249
4030,14393,73,1292,94316,Q5,5250
16026,24551,65,23,1495,Q1,5251
13828,25063,99,103,10197,Q2,5252
14366,21200,211,53,11183,Q3,5253
473,14242,219,98,21462,Q4,5254
7027,24664,295,270,79650,Q5,5255
17781,25447,92,60,5520,Q1,5256
8547,25180,91,80,7280,Q2,5257
4104,12077,92,180,16560,Q3,5258
8012,11973,138,181,24978,Q4,5259
4712,14591,441,228,100548,Q5,5260
10163,12947,37,135,4995,Q1,5261
7640,23340,255,39,9945,Q2,5262
6747,21390,181,96,17376,Q3,5263
3936,13741,367,76,27892,Q4,5264
4701,5137,906,314,284484,Q5,5265
3758,17362,28,21,588,Q1,5266
13350,18586,51,133,6783,Q2,5267
2326,16128,168,99,16632,Q3,5268
14765,20850,218,84,18312,Q4,5269
3273,13227,526,129,67854,Q5,5270
4471,11670,47,64,3008,Q1,5271
7402,24439,69,148,10212,Q2,5272
4108,24017,192,66,12672,Q3,5273
5948,16559,271,102,27642,Q4,5274
2353,23099,511,90,45990,Q5,5275
5212,17333,64,93,5952,Q1,5276
21657,24483,131,56,7336,Q2,5277
16484,22190,162,68,11016,Q3,5278
1635,6546,190,104,19760,Q4,5279
4581,25459,332,115,38180,Q5,5280
5168,24777,33,117,3861,Q1,5281
7687,20832,128,82,10496,Q2,5282
5425,9990,149,76,11324,Q3,5283
5188,22906,127,150,19050,Q4,5284
2298,8479,281,277,77837,Q5,5285
7410,20910,53,71,3763,Q1,5286
16231,19733,109,99,10791,Q2,5287
5635,15819,85,173,14705,Q3,5288
5193,13107,163,120,19560,Q4,5289
8953,23562,225,650,146250,Q5,5290
8294,17255,75,63,4725,Q1,5291
3619,21756,108,81,8748,Q2,5292
908,12306,122,142,17324,Q3,5293
1254,8953,123,225,27675,Q4,5294
12641,24188,177,376,66552,Q5,5295
7834,20775,24,147,3528,Q1,5296
5339,16111,64,103,6592,Q2,5297
16560,19611,82,147,12054,Q3,5298
6744,22101,174,115,20010,Q4,5299
1516,21656,408,87,35496,Q5,5300
2109,10886,95,56,5320,Q1,5301
22930,25128,86,76,6536,Q2,5302
8313,9855,160,72,11520,Q3,5303
5259,15623,424,52,22048,Q4,5304
226,22467,452,86,38872,Q5,5305
3526,16031,49,94,4606,Q1,5306
4473,14901,43,204,8772,Q2,5307
3771,8404,126,90,11340,Q3,5308
19889,21815,114,160,18240,Q4,5309
923,14686,325,552,179400,Q5,5310
3214,4289,169,8,1352,Q1,5311
16375,21452,92,101,9292,Q2,5312
11217,16676,113,114,12882,Q3,5313
22867,24130,171,125,21375,Q4,5314
641,7238,452,77,34804,Q5,5315
619,3069,189,9,1701,Q1,5316
9285,22417,133,74,9842,Q2,5317
20997,22076,188,84,15792,Q3,5318
672,16727,284,79,22436,Q4,5319
7850,23173,142,279,39618,Q5,5320
7020,22363,48,84,4032,Q1,5321
8554,19394,19,333,6327,Q2,5322
19879,20363,99,166,16434,Q3,5323
5931,12634,103,229,23587,Q4,5324
11962,19394,204,333,67932,Q5,5325
9281,22692,59,43,2537,Q1,5326
22954,23227,72,93,6696,Q2,5327
4726,10129,406,31,12586,Q3,5328
8415,17610,282,113,31866,Q4,5329
1014,5086,319,711,226809,Q5,5330
7526,23144,43,42,1806,Q1,5331
2546,13722,70,107,7490,Q2,5332
9685,12890,41,280,11480,Q3,5333
6031,18188,111,257,28527,Q4,5334
4703,22485,492,161,79212,Q5,5335
2048,24567,6,789,4734,Q1,5336
1354,7517,196,49,9604,Q2,5337
5633,25284,109,142,15478,Q3,5338
13967,16903,209,91,19019,Q4,5339
17404,18128,227,164,37228,Q5,5340
5764,9103,113,45,5085,Q1,5341
11522,20839,72,93,6696,Q2,5342
3019,20379,200,85,17000,Q3,5343
19325,22426,263,81,21303,Q4,5344
2576,5581,121,280,33880,Q5,5345
15918,22659,53,112,5936,Q1,5346
10022,20289,113,91,10283,Q2,5347
5038,6699,76,184,13984,Q3,5348
87,16159,216,149,32184,Q4,5349
381,19197,154,279,42966,Q5,5350
11245,22276,18,212,3816,Q1,5351
9692,23390,94,80,7520,Q2,5352
364,24942,111,130,14430,Q3,5353
1258,22627,55,462,25410,Q4,5354
2064,13771,282,121,34122,Q5,5355
9706,13076,117,49,5733,Q1,5356
2558,4155,108,90,9720,Q2,5357
5894,19077,120,139,16680,Q3,5358
12943,24156,120,164,19680,Q4,5359
13359,16667,306,189,57834,Q5,5360
8396,24657,52,39,2028,Q1,5361
10168,14228,30,235,7050,Q2,5362
13504,21986,127,100,12700,Q3,5363
4276,21203,344,80,27520,Q4,5364
14322,17710,337,118,39766,Q5,5365
10721,20250,35,78,2730,Q1,5366
12891,15152,60,149,8940,Q2,5367
8219,8886,126,142,17892,Q3,5368
3668,12672,262,75,19650,Q4,5369
313,3926,472,195,92040,Q5,5370
19575,24383,190,23,4370,Q1,5371
17907,24134,270,35,9450,Q2,5372
13089,17248,121,141,17061,Q3,5373
5516,20179,374,59,22066,Q4,5374
7905,9199,75,493,36975,Q5,5375
5855,9138,32,54,1728,Q1,5376
4232,21143,135,79,10665,Q2,5377
5383,10012,141,111,15651,Q3,5378
16091,23896,152,168,25536,Q4,5379
5948,6313,271,201,54471,Q5,5380
8306,24783,64,22,1408,Q1,5381
2748,4509,33,303,9999,Q2,5382
1664,22005,407,44,17908,Q3,5383
2116,9826,247,81,20007,Q4,5384
6080,23660,92,481,44252,Q5,5385
8119,19500,44,23,1012,Q1,5386
2624,21419,87,78,6786,Q2,5387
3385,16325,153,88,13464,Q3,5388
1093,6647,128,150,19200,Q4,5389
2115,12485,326,286,93236,Q5,5390
14558,21316,65,35,2275,Q1,5391
5550,19624,66,100,6600,Q2,5392
16363,20234,207,66,13662,Q3,5393
11187,21046,200,151,30200,Q4,5394
5618,7359,164,220,36080,Q5,5395
11192,21141,44,96,4224,Q1,5396
1530,15652,136,78,10608,Q2,5397
1475,21189,172,75,12900,Q3,5398
1036,25136,222,133,29526,Q4,5399
6897,22679,121,293,35453,Q5,5400
1232,4405,24,189,4536,Q1,5401
10547,11987,44,228,10032,Q2,5402
639,17810,96,158,15168,Q3,5403
7154,24286,210,96,20160,Q4,5404
7268,13867,125,700,87500,Q5,5405
1571,25079,50,91,4550,Q1,5406
4143,19203,91,81,7371,Q2,5407
17184,17646,128,87,11136,Q3,5408
4917,18576,257,77,19789,Q4,5409
12355,23978,83,419,34777,Q5,5410
7856,17822,275,10,2750,Q1,5411
2369,10537,148,56,8288,Q2,5412
3232,15907,49,342,16758,Q3,5413
10620,19542,377,58,21866,Q4,5414
3161,6261,437,114,49818,Q5,5415
3259,25129,64,36,2304,Q1,5416
19062,21840,64,97,6208,Q2,5417
16898,19906,85,201,17085,Q3,5418
19085,23907,89,230,20470,Q4,5419
18647,23662,269,189,50841,Q5,5420
7844,22689,20,143,2860,Q1,5421
9953,11367,88,120,10560,Q2,5422
1642,8964,218,64,13952,Q3,5423
4709,9044,485,41,19885,Q4,5424
1014,11701,319,125,39875,Q5,5425
6170,20620,47,21,987,Q1,5426
1938,24439,50,148,7400,Q2,5427
15167,23733,86,165,14190,Q3,5428
5209,6931,392,76,29792,Q4,5429
495,18716,482,294,141708,Q5,5430
17408,19949,74,55,4070,Q1,5431
7601,17980,78,96,7488,Q2,5432
1435,2736,174,92,16008,Q3,5433
6792,24941,109,175,19075,Q4,5434
4208,24360,538,213,114594,Q5,5435
2425,8035,116,39,4524,Q1,5436
2404,12171,73,146,10658,Q2,5437
1042,11778,423,37,15651,Q3,5438
3106,11884,103,254,26162,Q4,5439
11827,15317,813,244,198372,Q5,5440
11511,17112,16,102,1632,Q1,5441
7798,21362,87,100,8700,Q2,5442
14355,25386,118,144,16992,Q3,5443
4341,17633,142,188,26696,Q4,5444
5036,21840,429,97,41613,Q5,5445
22529,23500,49,70,3430,Q1,5446
1566,12370,113,86,9718,Q2,5447
20593,23387,133,104,13832,Q3,5448
11640,14725,177,131,23187,Q4,5449
1372,8203,141,244,34404,Q5,5450
16054,23968,57,105,5985,Q1,5451
9096,23567,99,61,6039,Q2,5452
1773,16511,266,63,16758,Q3,5453
13298,13761,194,164,31816,Q4,5454
1680,14072,199,274,54526,Q5,5455
282,12201,120,37,4440,Q1,5456
9128,13581,146,55,8030,Q2,5457
122,23257,83,195,16185,Q3,5458
11114,16779,82,357,29274,Q4,5459
1653,9540,190,232,44080,Q5,5460
18892,20155,25,112,2800,Q1,5461
11338,20278,302,25,7550,Q2,5462
15599,18244,100,182,18200,Q3,5463
4314,11519,168,110,18480,Q4,5464
12430,15624,422,149,62878,Q5,5465
9749,18460,24,111,2664,Q1,5466
7444,20240,38,250,9500,Q2,5467
19388,20015,135,84,11340,Q3,5468
13501,20085,98,248,24304,Q4,5469
81,3581,447,102,45594,Q5,5470
9101,14201,23,113,2599,Q1,5471
3967,10765,96,95,9120,Q2,5472
19162,21080,158,113,17854,Q3,5473
3103,18569,169,124,20956,Q4,5474
21646,24525,172,203,34916,Q5,5475
8590,9855,34,72,2448,Q1,5476
24771,25139,70,125,8750,Q2,5477
15144,18428,304,58,17632,Q3,5478
4388,20909,176,189,33264,Q4,5479
8829,17128,157,227,35639,Q5,5480
16254,21360,82,40,3280,Q1,5481
20282,21100,118,92,10856,Q2,5482
14122,16300,109,102,11118,Q3,5483
1196,3153,246,120,29520,Q4,5484
2800,22608,519,67,34773,Q5,5485
17390,18754,22,82,1804,Q1,5486
2225,25416,44,237,10428,Q2,5487
6420,8946,118,120,14160,Q3,5488
23309,23335,50,498,24900,Q4,5489
898,25125,339,329,111531,Q5,5490
16216,24192,128,43,5504,Q1,5491
13682,18092,123,82,10086,Q2,5492
5568,16892,148,110,16280,Q3,5493
6183,18411,70,322,22540,Q4,5494
15000,21547,451,173,78023,Q5,5495
3992,12608,46,56,2576,Q1,5496
15078,19412,51,150,7650,Q2,5497
2852,24168,128,127,16256,Q3,5498
825,9566,111,289,32079,Q4,5499
3710,6109,193,434,83762,Q5,5500
11856,16549,56,63,3528,Q1,5501
20220,23229,48,188,9024,Q2,5502
8219,17343,126,100,12600,Q3,5503
1807,24486,70,304,21280,Q4,5504
1933,5113,485,75,36375,Q5,5505
3536,12760,24,16,384,Q1,5506
10063,21590,169,36,6084,Q2,5507
3697,10813,81,139,11259,Q3,5508
1785,21858,213,129,27477,Q4,5509
6125,16675,307,229,70303,Q5,5510
17634,25366,28,62,1736,Q1,5511
4674,17993,214,41,8774,Q2,5512
13234,16409,99,114,11286,Q3,5513
22749,23812,172,162,27864,Q4,5514
4574,9528,285,287,81795,Q5,5515
3602,20120,50,68,3400,Q1,5516
18908,21025,102,86,8772,Q2,5517
9792,24736,95,130,12350,Q3,5518
6717,18717,187,149,27863,Q4,5519
1756,6552,162,437,70794,Q5,5520
8198,16830,71,82,5822,Q1,5521
16353,25278,90,68,6120,Q2,5522
1897,1965,128,104,13312,Q3,5523
8697,9238,206,116,23896,Q4,5524
5443,22084,621,58,36018,Q5,5525
12639,17509,141,41,5781,Q1,5526
18688,21978,54,118,6372,Q2,5527
419,13671,100,145,14500,Q3,5528
19834,21535,176,125,22000,Q4,5529
5261,13121,448,76,34048,Q5,5530
5794,11014,60,41,2460,Q1,5531
12214,15121,139,61,8479,Q2,5532
7847,10873,167,72,12024,Q3,5533
2084,10324,178,135,24030,Q4,5534
4575,23955,259,217,56203,Q5,5535
8863,23741,74,66,4884,Q1,5536
1852,3257,116,88,10208,Q2,5537
11612,16953,127,106,13462,Q3,5538
5687,18806,181,146,26426,Q4,5539
1657,19115,558,122,68076,Q5,5540
12110,14606,45,113,5085,Q1,5541
2066,17533,174,48,8352,Q2,5542
6694,21224,78,196,15288,Q3,5543
12669,20504,317,101,32017,Q4,5544
10288,25005,370,283,104710,Q5,5545
2565,8688,62,77,4774,Q1,5546
15743,23923,36,225,8100,Q2,5547
2537,17014,77,183,14091,Q3,5548
21744,25507,102,207,21114,Q4,5549
14668,23040,132,283,37356,Q5,5550
20021,24289,37,58,2146,Q1,5551
3799,7185,173,58,10034,Q2,5552
3581,14000,102,143,14586,Q3,5553
5236,21758,472,59,27848,Q4,5554
141,4659,332,165,54780,Q5,5555
2192,11011,117,40,4680,Q1,5556
9971,21587,75,86,6450,Q2,5557
6994,25354,159,80,12720,Q3,5558
4288,10911,176,137,24112,Q4,5559
2919,3316,154,373,57442,Q5,5560
21198,22422,26,50,1300,Q1,5561
16379,20680,83,122,10126,Q2,5562
6353,18196,114,104,11856,Q3,5563
595,1376,144,168,24192,Q4,5564
3453,21070,182,352,64064,Q5,5565
20919,21632,26,169,4394,Q1,5566
7219,10242,59,120,7080,Q2,5567
4314,14699,168,83,13944,Q3,5568
611,4243,101,237,23937,Q4,5569
5062,21845,238,217,51646,Q5,5570
18720,20321,103,26,2678,Q1,5571
5011,5603,156,56,8736,Q2,5572
3968,10954,212,64,13568,Q3,5573
10259,20000,223,138,30774,Q4,5574
3601,5411,413,543,224259,Q5,5575
11678,18977,54,87,4698,Q1,5576
1523,2870,171,62,10602,Q2,5577
20906,24928,147,79,11613,Q3,5578
19333,24809,157,139,21823,Q4,5579
4526,5702,264,148,39072,Q5,5580
7547,11032,28,110,3080,Q1,5581
12973,16724,138,65,8970,Q2,5582
14723,25088,145,99,14355,Q3,5583
22320,25015,261,95,24795,Q4,5584
20746,24535,90,948,85320,Q5,5585
14931,21198,195,26,5070,Q1,5586
5256,15696,131,65,8515,Q2,5587
11817,22413,184,91,16744,Q3,5588
11238,14275,166,136,22576,Q4,5589
2366,12779,537,222,119214,Q5,5590
8119,20108,44,40,1760,Q1,5591
17386,20792,106,75,7950,Q2,5592
1556,7777,252,63,15876,Q3,5593
1288,6211,286,107,30602,Q4,5594
9371,19109,193,1049,202457,Q5,5595
18630,23740,97,41,3977,Q1,5596
12235,12521,116,58,6728,Q2,5597
5923,16188,338,47,15886,Q3,5598
21292,23375,73,317,23141,Q4,5599
17601,22135,292,266,77672,Q5,5600
8221,20903,77,50,3850,Q1,5601
6767,12478,120,80,9600,Q2,5602
6916,7822,40,365,14600,Q3,5603
3521,4021,113,186,21018,Q4,5604
4630,11250,196,324,63504,Q5,5605
4940,10822,59,84,4956,Q1,5606
3427,24986,176,60,10560,Q2,5607
2558,18569,108,124,13392,Q3,5608
9180,13140,132,202,26664,Q4,5609
19357,24991,573,494,283062,Q5,5610
9601,12614,36,25,900,Q1,5611
1408,17877,223,35,7805,Q2,5612
7629,14867,140,87,12180,Q3,5613
11176,12645,372,88,32736,Q4,5614
3233,18044,86,434,37324,Q5,5615
11774,19177,27,147,3969,Q1,5616
11968,20117,108,99,10692,Q2,5617
8407,24924,71,209,14839,Q3,5618
7548,17854,163,150,24450,Q4,5619
9075,16120,246,234,57564,Q5,5620
10062,21079,135,42,5670,Q1,5621
3609,20414,53,124,6572,Q2,5622
10145,23883,80,160,12800,Q3,5623
1756,4292,162,140,22680,Q4,5624
4691,22670,168,514,86352,Q5,5625
4142,22740,41,144,5904,Q1,5626
7736,21125,39,243,9477,Q2,5627
11310,17955,185,94,17390,Q3,5628
11813,14743,196,120,23520,Q4,5629
16573,25350,186,268,49848,Q5,5630
9291,10727,106,29,3074,Q1,5631
1350,10465,63,154,9702,Q2,5632
10997,17780,206,87,17922,Q3,5633
12652,15033,153,195,29835,Q4,5634
19461,20479,686,86,58996,Q5,5635
620,9989,81,74,5994,Q1,5636
2591,20482,62,123,7626,Q2,5637
20732,21764,137,122,16714,Q3,5638
7757,21087,272,110,29920,Q4,5639
2073,8070,212,274,58088,Q5,5640
20237,23543,57,88,5016,Q1,5641
12926,20682,85,79,6715,Q2,5642
10202,12798,176,90,15840,Q3,5643
12757,22679,70,293,20510,Q4,5644
15926,18815,527,140,73780,Q5,5645
11458,15827,123,46,5658,Q1,5646
18023,20500,99,89,8811,Q2,5647
8602,21039,194,76,14744,Q3,5648
13522,15192,278,107,29746,Q4,5649
2208,5958,306,165,50490,Q5,5650
3996,19893,56,48,2688,Q1,5651
7794,10657,114,77,8778,Q2,5652
13191,25441,56,251,14056,Q3,5653
15695,25487,244,77,18788,Q4,5654
19657,21463,153,273,41769,Q5,5655
9604,22415,51,65,3315,Q1,5656
10757,15404,161,39,6279,Q2,5657
12416,14662,165,91,15015,Q3,5658
5617,24289,445,58,25810,Q4,5659
3273,18801,526,229,120454,Q5,5660
2579,13519,137,43,5891,Q1,5661
11212,12440,53,153,8109,Q2,5662
5193,17829,163,74,12062,Q3,5663
3128,7785,163,152,24776,Q4,5664
11025,17230,1688,87,146856,Q5,5665
10345,18016,63,86,5418,Q1,5666
8931,17515,71,124,8804,Q2,5667
15747,21285,140,115,16100,Q3,5668
18294,22298,295,91,26845,Q4,5669
672,6588,284,152,43168,Q5,5670
1385,11397,21,104,2184,Q1,5671
6887,7552,29,347,10063,Q2,5672
6612,12000,156,87,13572,Q3,5673
4422,25140,138,134,18492,Q4,5674
18978,19867,307,437,134159,Q5,5675
8521,22787,70,61,4270,Q1,5676
21546,21932,88,115,10120,Q2,5677
10266,10844,97,149,14453,Q3,5678
5654,19300,171,193,33003,Q4,5679
4281,15073,77,578,44506,Q5,5680
6232,21572,83,50,4150,Q1,5681
1073,21430,140,66,9240,Q2,5682
5339,12394,64,248,15872,Q3,5683
13809,18239,180,120,21600,Q4,5684
5294,10087,182,360,65520,Q5,5685
11957,19405,54,78,4212,Q1,5686
2715,8661,114,89,10146,Q2,5687
9492,11139,76,158,12008,Q3,5688
10098,24202,110,170,18700,Q4,5689
5126,20858,309,135,41715,Q5,5690
12158,14949,59,75,4425,Q1,5691
2984,22837,121,60,7260,Q2,5692
2100,22204,110,105,11550,Q3,5693
8466,21720,62,387,23994,Q4,5694
11135,17219,253,230,58190,Q5,5695
11363,18635,231,17,3927,Q1,5696
2019,13323,76,139,10564,Q2,5697
8238,19916,174,82,14268,Q3,5698
14254,20989,231,103,23793,Q4,5699
15462,15491,213,592,126096,Q5,5700
646,7600,97,24,2328,Q1,5701
4862,24756,102,70,7140,Q2,5702
9753,23677,167,93,15531,Q3,5703
5630,9032,161,207,33327,Q4,5704
5364,14391,211,388,81868,Q5,5705
7480,25486,13,62,806,Q1,5706
4784,13910,164,50,8200,Q2,5707
5183,18769,89,187,16643,Q3,5708
16536,19624,299,100,29900,Q4,5709
3244,6777,272,340,92480,Q5,5710
1304,2061,97,48,4656,Q1,5711
15813,21570,74,86,6364,Q2,5712
6141,19180,164,97,15908,Q3,5713
4117,15836,156,157,24492,Q4,5714
1044,17278,293,120,35160,Q5,5715
155,18791,31,55,1705,Q1,5716
13147,14213,134,74,9916,Q2,5717
13985,20359,130,119,15470,Q3,5718
932,6955,519,55,28545,Q4,5719
2966,13782,507,598,303186,Q5,5720
4089,16553,55,82,4510,Q1,5721
2740,16662,96,68,6528,Q2,5722
4158,16785,220,82,18040,Q3,5723
7717,14377,395,50,19750,Q4,5724
6958,10027,752,104,78208,Q5,5725
17378,17459,30,37,1110,Q1,5726
14148,21170,291,29,8439,Q2,5727
8571,14130,137,81,11097,Q3,5728
3597,20323,175,166,29050,Q4,5729
18508,20820,253,155,39215,Q5,5730
7982,18190,23,128,2944,Q1,5731
9740,10708,94,90,8460,Q2,5732
2415,13133,297,45,13365,Q3,5733
21059,22835,141,166,23406,Q4,5734
16146,17760,264,183,48312,Q5,5735
13484,17443,41,42,1722,Q1,5736
9959,16817,104,69,7176,Q2,5737
678,6421,81,190,15390,Q3,5738
8126,19020,159,209,33231,Q4,5739
5285,11414,378,233,88074,Q5,5740
8272,24534,46,78,3588,Q1,5741
3892,16029,43,180,7740,Q2,5742
9604,17693,51,274,13974,Q3,5743
11930,14484,79,315,24885,Q4,5744
12453,16469,397,169,67093,Q5,5745
618,7362,37,147,5439,Q1,5746
9519,20155,83,112,9296,Q2,5747
19453,20933,247,73,18031,Q3,5748
18622,21088,237,78,18486,Q4,5749
8818,18188,197,257,50629,Q5,5750
1046,19296,29,108,3132,Q1,5751
7151,15811,136,60,8160,Q2,5752
102,21334,65,229,14885,Q3,5753
16594,23304,114,171,19494,Q4,5754
7759,11251,197,309,60873,Q5,5755
12962,17286,20,20,400,Q1,5756
4053,13452,172,38,6536,Q2,5757
4005,6825,214,57,12198,Q3,5758
7247,15143,272,97,26384,Q4,5759
4150,6620,484,665,321860,Q5,5760
17849,20101,89,59,5251,Q1,5761
51,2195,131,74,9694,Q2,5762
1473,3413,205,75,15375,Q3,5763
2535,21004,123,163,20049,Q4,5764
8047,19380,407,127,51689,Q5,5765
5229,5604,22,102,2244,Q1,5766
13950,17865,149,71,10579,Q2,5767
465,24717,151,75,11325,Q3,5768
10965,21399,63,403,25389,Q4,5769
5010,8741,531,66,35046,Q5,5770
7777,23458,63,40,2520,Q1,5771
20516,24421,66,113,7458,Q2,5772
12140,15659,126,103,12978,Q3,5773
7380,14264,50,411,20550,Q4,5774
5363,10077,189,232,43848,Q5,5775
13482,21999,51,36,1836,Q1,5776
5997,21846,210,43,9030,Q2,5777
6542,22080,227,76,17252,Q3,5778
16614,16764,249,99,24651,Q4,5779
15128,23538,104,322,33488,Q5,5780
2739,7457,41,30,1230,Q1,5781
10199,16572,116,92,10672,Q2,5782
3798,22894,82,141,11562,Q3,5783
3523,9748,69,294,20286,Q4,5784
3303,24536,60,622,37320,Q5,5785
16359,23458,69,40,2760,Q1,5786
2418,19548,219,48,10512,Q2,5787
7995,25382,96,115,11040,Q3,5788
14787,16061,54,360,19440,Q4,5789
1156,19546,381,126,48006,Q5,5790
15047,24926,12,102,1224,Q1,5791
17079,19198,94,80,7520,Q2,5792
11017,19208,262,66,17292,Q3,5793
4361,4560,186,129,23994,Q4,5794
3702,25255,288,217,62496,Q5,5795
3572,7697,45,40,1800,Q1,5796
13091,17089,51,164,8364,Q2,5797
13664,14725,85,131,11135,Q3,5798
1447,16664,129,173,22317,Q4,5799
1211,20425,229,365,83585,Q5,5800
7592,13045,4,24,96,Q1,5801
5998,14625,88,95,8360,Q2,5802
544,1958,117,108,12636,Q3,5803
766,6581,178,117,20826,Q4,5804
984,11194,130,333,43290,Q5,5805
15871,21276,62,79,4898,Q1,5806
9982,10316,197,54,10638,Q2,5807
17586,20844,156,107,16692,Q3,5808
3257,21914,88,220,19360,Q4,5809
141,19382,332,117,38844,Q5,5810
11098,14044,71,65,4615,Q1,5811
17660,23182,120,81,9720,Q2,5812
10420,13503,115,116,13340,Q3,5813
5717,20055,172,108,18576,Q4,5814
5612,16662,651,68,44268,Q5,5815
1999,10799,31,100,3100,Q1,5816
12846,24916,147,54,7938,Q2,5817
1293,24074,196,60,11760,Q3,5818
12318,17375,153,157,24021,Q4,5819
1578,13709,214,245,52430,Q5,5820
1921,9551,37,155,5735,Q1,5821
7470,8456,52,182,9464,Q2,5822
6751,17192,97,160,15520,Q3,5823
6248,8438,134,146,19564,Q4,5824
15255,24826,607,66,40062,Q5,5825
6738,21523,90,52,4680,Q1,5826
2721,11795,48,165,7920,Q2,5827
9939,15677,136,83,11288,Q3,5828
12155,12946,60,328,19680,Q4,5829
5348,21414,345,175,60375,Q5,5830
7898,11259,94,20,1880,Q1,5831
4792,20863,583,11,6413,Q2,5832
15794,18777,131,113,14803,Q3,5833
6281,19778,302,95,28690,Q4,5834
813,16685,156,345,53820,Q5,5835
16546,21292,73,73,5329,Q1,5836
10317,10422,180,53,9540,Q2,5837
4719,6627,137,125,17125,Q3,5838
3870,17441,206,91,18746,Q4,5839
3615,11561,403,109,43927,Q5,5840
2598,6096,181,23,4163,Q1,5841
5481,5987,103,62,6386,Q2,5842
5773,18423,145,79,11455,Q3,5843
6991,21582,69,287,19803,Q4,5844
15507,19226,128,698,89344,Q5,5845
23093,25113,36,146,5256,Q1,5846
13526,16589,70,118,8260,Q2,5847
8217,20598,174,104,18096,Q3,5848
14218,14552,85,283,24055,Q4,5849
3011,20806,489,115,56235,Q5,5850
4787,6537,99,39,3861,Q1,5851
12461,25476,111,69,7659,Q2,5852
10516,14789,231,68,15708,Q3,5853
11227,17832,174,130,22620,Q4,5854
13534,24298,255,179,45645,Q5,5855
21338,22762,83,51,4233,Q1,5856
14821,20186,64,133,8512,Q2,5857
12786,15472,83,176,14608,Q3,5858
4277,12765,141,161,22701,Q4,5859
3511,5958,497,165,82005,Q5,5860
7464,12550,51,99,5049,Q1,5861
2765,13187,219,37,8103,Q2,5862
12245,15965,123,95,11685,Q3,5863
13954,21597,244,114,27816,Q4,5864
3222,9328,329,419,137851,Q5,5865
19538,20467,137,16,2192,Q1,5866
19554,22355,61,106,6466,Q2,5867
5562,8605,294,53,15582,Q3,5868
16831,23173,76,279,21204,Q4,5869
4040,4965,240,445,106800,Q5,5870
17496,24093,83,57,4731,Q1,5871
2147,18854,82,77,6314,Q2,5872
21260,21881,126,104,13104,Q3,5873
7701,23070,212,120,25440,Q4,5874
3199,19366,108,414,44712,Q5,5875
10873,19107,72,24,1728,Q1,5876
2560,8442,133,52,6916,Q2,5877
5483,20518,329,47,15463,Q3,5878
110,15126,291,67,19497,Q4,5879
9346,24067,238,267,63546,Q5,5880
12820,17522,73,28,2044,Q1,5881
12122,22400,214,30,6420,Q2,5882
3956,14743,134,120,16080,Q3,5883
7511,13596,251,105,26355,Q4,5884
15758,19531,313,160,50080,Q5,5885
2109,23647,95,53,5035,Q1,5886
12584,16382,56,129,7224,Q2,5887
10990,11318,227,78,17706,Q3,5888
13252,19185,113,182,20566,Q4,5889
446,24792,394,159,62646,Q5,5890
9685,20722,41,24,984,Q1,5891
4588,9907,90,75,6750,Q2,5892
16092,20577,305,55,16775,Q3,5893
3680,10255,292,70,20440,Q4,5894
6576,7772,182,367,66794,Q5,5895
3536,23775,24,58,1392,Q1,5896
4318,14130,90,81,7290,Q2,5897
2084,17544,178,73,12994,Q3,5898
6296,23148,176,113,19888,Q4,5899
8391,17389,257,131,33667,Q5,5900
9924,23521,78,53,4134,Q1,5901
21876,22009,351,28,9828,Q2,5902
9603,15227,175,87,15225,Q3,5903
4303,16173,203,164,33292,Q4,5904
698,3545,111,363,40293,Q5,5905
12780,24142,32,115,3680,Q1,5906
10872,12692,93,79,7347,Q2,5907
1786,21521,265,44,11660,Q3,5908
4472,20417,151,176,26576,Q4,5909
5705,8133,377,101,38077,Q5,5910
14017,18183,41,110,4510,Q1,5911
6455,10916,127,52,6604,Q2,5912
6492,8758,125,131,16375,Q3,5913
20826,23257,98,195,19110,Q4,5914
4723,22060,469,220,103180,Q5,5915
11868,18113,102,59,6018,Q1,5916
12738,16253,122,88,10736,Q2,5917
20673,23440,105,126,13230,Q3,5918
16120,18584,234,99,23166,Q4,5919
269,21678,333,167,55611,Q5,5920
3107,20012,62,40,2480,Q1,5921
3422,14472,152,57,8664,Q2,5922
1836,13314,160,86,13760,Q3,5923
3454,20575,234,124,29016,Q4,5924
2946,9476,113,356,40228,Q5,5925
1442,2880,73,8,584,Q1,5926
10341,15014,80,101,8080,Q2,5927
11287,23537,175,84,14700,Q3,5928
8520,17793,215,127,27305,Q4,5929
10587,17513,406,98,39788,Q5,5930
15868,20436,100,43,4300,Q1,5931
14646,17147,73,134,9782,Q2,5932
8817,11670,283,64,18112,Q3,5933
4965,10855,445,56,24920,Q4,5934
2429,7227,320,164,52480,Q5,5935
2882,18048,22,126,2772,Q1,5936
5320,21076,78,125,9750,Q2,5937
9157,23635,182,66,12012,Q3,5938
10994,13351,489,44,21516,Q4,5939
2082,4484,244,382,93208,Q5,5940
6323,12576,52,66,3432,Q1,5941
12684,13056,48,175,8400,Q2,5942
1019,14927,133,124,16492,Q3,5943
6112,7799,230,129,29670,Q4,5944
2296,22469,192,256,49152,Q5,5945
1340,10271,105,51,5355,Q1,5946
4141,22280,141,73,10293,Q2,5947
13049,22770,161,98,15778,Q3,5948
9049,25039,58,347,20126,Q4,5949
10145,22627,80,462,36960,Q5,5950
5896,9574,114,46,5244,Q1,5951
4198,14548,142,75,10650,Q2,5952
12703,22257,155,88,13640,Q3,5953
10478,22775,362,85,30770,Q4,5954
4496,9663,358,207,74106,Q5,5955
14114,25422,44,105,4620,Q1,5956
5445,12883,69,106,7314,Q2,5957
21577,24960,152,97,14744,Q3,5958
18469,24642,416,72,29952,Q4,5959
23486,23700,151,287,43337,Q5,5960
384,5668,26,166,4316,Q1,5961
8239,20187,191,45,8595,Q2,5962
3183,10016,259,65,16835,Q3,5963
5697,9375,100,294,29400,Q4,5964
6243,22990,171,214,36594,Q5,5965
16627,23992,65,80,5200,Q1,5966
12645,16156,88,88,7744,Q2,5967
7780,21049,161,73,11753,Q3,5968
18489,23533,224,90,20160,Q4,5969
2161,3070,207,317,65619,Q5,5970
4857,22842,64,75,4800,Q1,5971
8431,20866,51,195,9945,Q2,5972
15017,20805,82,133,10906,Q3,5973
13539,19769,131,142,18602,Q4,5974
10041,18546,136,666,90576,Q5,5975
6326,10367,74,62,4588,Q1,5976
10195,13819,62,163,10106,Q2,5977
7692,19218,34,323,10982,Q3,5978
22833,24865,207,143,29601,Q4,5979
1992,18619,181,267,48327,Q5,5980
12111,19419,82,44,3608,Q1,5981
9929,15802,68,124,8432,Q2,5982
1890,14068,140,111,15540,Q3,5983
8245,15315,121,192,23232,Q4,5984
8508,25524,166,235,39010,Q5,5985
4650,16755,30,86,2580,Q1,5986
10410,19221,53,202,10706,Q2,5987
2931,8425,188,78,14664,Q3,5988
760,9488,102,245,24990,Q4,5989
9003,22985,191,194,37054,Q5,5990
1001,10989,55,71,3905,Q1,5991
14807,19672,101,66,6666,Q2,5992
11433,17339,199,78,15522,Q3,5993
5687,21856,181,115,20815,Q4,5994
487,24835,195,317,61815,Q5,5995
515,13242,50,107,5350,Q1,5996
17097,20201,68,139,9452,Q2,5997
5854,8063,112,146,16352,Q3,5998
1516,7731,408,62,25296,Q4,5999
2898,9410,378,108,40824,Q5,6000
11665,12021,42,73,3066,Q1,6001
16887,19057,104,91,9464,Q2,6002
2681,4180,111,118,13098,Q3,6003
4,5713,145,180,26100,Q4,6004
8787,16259,245,355,86975,Q5,6005
898,16023,339,12,4068,Q1,6006
2613,19715,57,158,9006,Q2,6007
3347,16674,67,228,15276,Q3,6008
4898,8021,381,48,18288,Q4,6009
23294,23419,159,241,38319,Q5,6010
5940,23106,57,68,3876,Q1,6011
3203,10861,144,66,9504,Q2,6012
7426,14373,118,109,12862,Q3,6013
5679,22391,158,133,21014,Q4,6014
10150,18821,140,285,39900,Q5,6015
12591,22424,19,76,1444,Q1,6016
6722,16182,78,97,7566,Q2,6017
5562,19807,294,45,13230,Q3,6018
1083,7875,205,109,22345,Q4,6019
3448,20382,367,107,39269,Q5,6020
6834,11462,59,57,3363,Q1,6021
19204,25366,102,62,6324,Q2,6022
8792,9782,257,63,16191,Q3,6023
11477,18197,180,132,23760,Q4,6024
19351,21521,1111,44,48884,Q5,6025
4500,9652,77,48,3696,Q1,6026
10001,12713,49,164,8036,Q2,6027
11358,12992,122,97,11834,Q3,6028
11805,21658,218,87,18966,Q4,6029
3338,23686,363,299,108537,Q5,6030
879,11524,122,19,2318,Q1,6031
5244,15694,58,151,8758,Q2,6032
1632,13275,58,311,18038,Q3,6033
1053,7085,177,114,20178,Q4,6034
10842,21887,371,151,56021,Q5,6035
16916,25185,84,42,3528,Q1,6036
11648,21728,63,154,9702,Q2,6037
7039,18206,104,128,13312,Q3,6038
12260,20835,192,111,21312,Q4,6039
12136,23110,431,117,50427,Q5,6040
733,15499,108,51,5508,Q1,6041
5087,22946,77,86,6622,Q2,6042
299,5285,41,378,15498,Q3,6043
6116,20361,327,100,32700,Q4,6044
2835,9417,368,767,282256,Q5,6045
5035,15638,74,60,4440,Q1,6046
3526,13598,49,151,7399,Q2,6047
2604,19752,126,87,10962,Q3,6048
6698,20982,142,149,21158,Q4,6049
10952,13353,165,265,43725,Q5,6050
21187,22398,86,46,3956,Q1,6051
17081,17747,76,136,10336,Q2,6052
15552,19876,123,104,12792,Q3,6053
3771,24274,126,161,20286,Q4,6054
16415,23040,179,283,50657,Q5,6055
11436,22747,204,20,4080,Q1,6056
5870,16843,151,48,7248,Q2,6057
4228,8788,91,160,14560,Q3,6058
666,7318,395,50,19750,Q4,6059
3566,5741,390,129,50310,Q5,6060
7354,17518,100,24,2400,Q1,6061
10882,18888,268,37,9916,Q2,6062
9693,10548,355,45,15975,Q3,6063
18599,24658,91,218,19838,Q4,6064
7334,22060,160,220,35200,Q5,6065
14519,16812,56,37,2072,Q1,6066
7845,23463,114,95,10830,Q2,6067
910,22924,126,97,12222,Q3,6068
2098,13801,341,97,33077,Q4,6069
8038,17261,707,78,55146,Q5,6070
1117,25054,83,34,2822,Q1,6071
12226,20677,77,110,8470,Q2,6072
4945,15703,171,81,13851,Q3,6073
6525,13606,93,255,23715,Q4,6074
7143,16479,739,67,49513,Q5,6075
11341,21002,62,79,4898,Q1,6076
6182,16807,65,96,6240,Q2,6077
8935,10159,125,106,13250,Q3,6078
1418,19711,549,56,30744,Q4,6079
6901,25205,988,80,79040,Q5,6080
7217,8576,44,76,3344,Q1,6081
10437,24767,107,60,6420,Q2,6082
13949,17629,232,77,17864,Q3,6083
1186,17809,74,267,19758,Q4,6084
24623,24665,1268,106,134408,Q5,6085
6923,17462,126,33,4158,Q1,6086
15972,16370,183,50,9150,Q2,6087
4199,10784,81,159,12879,Q3,6088
6249,12229,252,110,27720,Q4,6089
3352,14562,252,156,39312,Q5,6090
5823,17580,143,23,3289,Q1,6091
12167,12910,129,75,9675,Q2,6092
5878,12038,73,163,11899,Q3,6093
4674,5979,214,103,22042,Q4,6094
3377,7624,371,90,33390,Q5,6095
9763,22926,7,176,1232,Q1,6096
8270,14224,111,82,9102,Q2,6097
5170,7194,85,198,16830,Q3,6098
14836,18745,184,103,18952,Q4,6099
8790,21577,327,152,49704,Q5,6100
7514,22463,47,65,3055,Q1,6101
22775,23283,85,122,10370,Q2,6102
23083,24828,41,293,12013,Q3,6103
3607,4818,207,105,21735,Q4,6104
12051,14466,97,357,34629,Q5,6105
6209,11684,14,36,504,Q1,6106
484,8120,64,112,7168,Q2,6107
1365,4565,76,161,12236,Q3,6108
8913,12460,86,247,21242,Q4,6109
1570,23931,71,1375,97625,Q5,6110
2662,8892,64,76,4864,Q1,6111
11500,19616,132,79,10428,Q2,6112
2132,6236,71,189,13419,Q3,6113
13700,21717,171,118,20178,Q4,6114
5563,17669,250,185,46250,Q5,6115
22122,25291,68,49,3332,Q1,6116
3404,24145,81,76,6156,Q2,6117
12537,22044,61,249,15189,Q3,6118
5982,24078,177,115,20355,Q4,6119
3075,17981,281,120,33720,Q5,6120
19550,24589,72,53,3816,Q1,6121
3202,9837,76,99,7524,Q2,6122
17873,23495,77,180,13860,Q3,6123
11107,22269,348,75,26100,Q4,6124
16493,24563,144,561,80784,Q5,6125
5549,7211,56,69,3864,Q1,6126
13007,13397,109,63,6867,Q2,6127
4291,24698,178,70,12460,Q3,6128
9003,20854,191,110,21010,Q4,6129
7443,7613,419,119,49861,Q5,6130
136,13467,29,121,3509,Q1,6131
12959,21009,84,121,10164,Q2,6132
4024,22741,79,157,12403,Q3,6133
4665,24114,207,138,28566,Q4,6134
4844,5960,269,508,136652,Q5,6135
7815,22214,56,86,4816,Q1,6136
13326,20495,64,99,6336,Q2,6137
558,9620,102,137,13974,Q3,6138
5021,20516,355,66,23430,Q4,6139
4536,7115,426,132,56232,Q5,6140
16603,22719,79,64,5056,Q1,6141
17208,23492,106,102,10812,Q2,6142
9014,22788,144,99,14256,Q3,6143
15799,18143,147,132,19404,Q4,6144
9807,19965,100,340,34000,Q5,6145
12891,15094,60,71,4260,Q1,6146
6234,24797,83,101,8383,Q2,6147
16367,16876,108,108,11664,Q3,6148
10269,15434,169,130,21970,Q4,6149
6353,16578,114,357,40698,Q5,6150
24053,25297,44,83,3652,Q1,6151
10917,12718,74,85,6290,Q2,6152
11225,18557,128,87,11136,Q3,6153
3322,11860,284,95,26980,Q4,6154
4446,20997,253,188,47564,Q5,6155
11722,15507,19,128,2432,Q1,6156
7056,20166,130,53,6890,Q2,6157
10234,18606,170,91,15470,Q3,6158
6243,23140,171,131,22401,Q4,6159
455,3076,401,215,86215,Q5,6160
1209,7029,159,34,5406,Q1,6161
18957,25468,131,62,8122,Q2,6162
9895,18054,121,123,14883,Q3,6163
18819,23735,326,71,23146,Q4,6164
11127,20310,205,189,38745,Q5,6165
11777,17234,55,82,4510,Q1,6166
4241,17845,132,66,8712,Q2,6167
18110,25520,75,182,13650,Q3,6168
13855,25485,158,204,32232,Q4,6169
4069,23119,512,71,36352,Q5,6170
11833,20389,46,52,2392,Q1,6171
18097,24028,76,135,10260,Q2,6172
2814,22814,271,57,15447,Q3,6173
6520,24115,92,219,20148,Q4,6174
3498,14876,176,291,51216,Q5,6175
12961,15494,22,69,1518,Q1,6176
6183,18795,70,137,9590,Q2,6177
6698,20529,142,77,10934,Q3,6178
567,3210,207,103,21321,Q4,6179
1628,12454,368,136,50048,Q5,6180
21714,23242,69,79,5451,Q1,6181
591,18779,203,50,10150,Q2,6182
11729,19448,105,139,14595,Q3,6183
1766,9001,211,116,24476,Q4,6184
14453,20689,657,72,47304,Q5,6185
9502,18455,21,117,2457,Q1,6186
13398,15853,86,103,8858,Q2,6187
3468,9049,277,58,16066,Q3,6188
7018,18211,209,154,32186,Q4,6189
815,2137,435,77,33495,Q5,6190
390,3276,57,61,3477,Q1,6191
7839,13028,71,122,8662,Q2,6192
8634,13377,195,82,15990,Q3,6193
12820,17352,73,263,19199,Q4,6194
1077,6890,217,180,39060,Q5,6195
18766,23296,65,61,3965,Q1,6196
16723,24731,97,68,6596,Q2,6197
3723,13213,77,227,17479,Q3,6198
5477,21555,377,73,27521,Q4,6199
2182,9825,268,249,66732,Q5,6200
1947,19217,36,134,4824,Q1,6201
2617,15460,82,88,7216,Q2,6202
14807,15087,101,111,11211,Q3,6203
3075,5174,281,82,23042,Q4,6204
545,13269,106,1108,117448,Q5,6205
16451,19648,58,86,4988,Q1,6206
20783,22182,88,117,10296,Q2,6207
5905,15353,194,89,17266,Q3,6208
5310,20813,145,213,30885,Q4,6209
1293,6734,196,231,45276,Q5,6210
21073,23431,51,25,1275,Q1,6211
1533,7858,108,84,9072,Q2,6212
20779,25311,73,189,13797,Q3,6213
2947,15208,127,171,21717,Q4,6214
2905,7065,781,371,289751,Q5,6215
16072,22468,18,116,2088,Q1,6216
16015,20767,81,114,9234,Q2,6217
8693,9445,72,244,17568,Q3,6218
2570,14277,177,109,19293,Q4,6219
13017,17331,303,119,36057,Q5,6220
4493,20952,306,17,5202,Q1,6221
7232,9650,25,247,6175,Q2,6222
12498,20578,173,85,14705,Q3,6223
1036,12397,222,140,31080,Q4,6224
407,4346,537,152,81624,Q5,6225
6398,9425,44,62,2728,Q1,6226
10734,18272,40,172,6880,Q2,6227
1244,7483,191,69,13179,Q3,6228
9368,16609,362,72,26064,Q4,6229
6554,13442,390,369,143910,Q5,6230
1407,21233,88,49,4312,Q1,6231
11813,15623,196,52,10192,Q2,6232
14467,19269,70,168,11760,Q3,6233
4748,23763,226,142,32092,Q4,6234
1193,4494,239,152,36328,Q5,6235
8904,17270,55,48,2640,Q1,6236
18064,21153,40,163,6520,Q2,6237
5233,17990,38,398,15124,Q3,6238
4055,13796,276,89,24564,Q4,6239
14630,18783,255,215,54825,Q5,6240
2759,7409,81,36,2916,Q1,6241
408,7832,88,111,9768,Q2,6242
10876,11587,92,134,12328,Q3,6243
12580,20174,171,121,20691,Q4,6244
1042,5106,423,176,74448,Q5,6245
13975,16225,72,60,4320,Q1,6246
2244,7475,315,32,10080,Q2,6247
10780,18255,106,118,12508,Q3,6248
15983,18001,187,175,32725,Q4,6249
14781,25161,570,89,50730,Q5,6250
96,9741,13,109,1417,Q1,6251
9961,10368,87,95,8265,Q2,6252
7095,9706,112,117,13104,Q3,6253
8350,11393,76,282,21432,Q4,6254
11920,20419,330,102,33660,Q5,6255
7422,22602,31,42,1302,Q1,6256
15736,16961,86,90,7740,Q2,6257
16477,16510,47,268,12596,Q3,6258
9517,23573,133,209,27797,Q4,6259
11962,23058,204,343,69972,Q5,6260
4733,25494,152,30,4560,Q1,6261
3999,8508,63,166,10458,Q2,6262
10043,12752,81,194,15714,Q3,6263
986,14768,283,73,20659,Q4,6264
4446,4448,253,184,46552,Q5,6265
17062,21603,76,79,6004,Q1,6266
2220,11863,255,41,10455,Q2,6267
14527,20619,197,69,13593,Q3,6268
3263,17728,264,71,18744,Q4,6269
10972,15312,149,715,106535,Q5,6270
19832,23633,54,68,3672,Q1,6271
4191,7709,171,39,6669,Q2,6272
243,23906,83,132,10956,Q3,6273
447,9164,167,184,30728,Q4,6274
14072,25452,274,123,33702,Q5,6275
11319,20795,35,101,3535,Q1,6276
4296,21350,135,79,10665,Q2,6277
9519,14605,83,157,13031,Q3,6278
18223,22185,188,100,18800,Q4,6279
4938,6986,245,151,36995,Q5,6280
8026,21954,78,38,2964,Q1,6281
515,9252,50,184,9200,Q2,6282
14343,21665,95,126,11970,Q3,6283
1807,22092,70,319,22330,Q4,6284
1335,10526,115,349,40135,Q5,6285
9904,14850,60,57,3420,Q1,6286
3751,21998,28,270,7560,Q2,6287
3915,20142,127,103,13081,Q3,6288
16684,18594,118,165,19470,Q4,6289
3546,13973,508,116,58928,Q5,6290
22475,22704,70,85,5950,Q1,6291
6497,21587,100,86,8600,Q2,6292
11343,17141,88,146,12848,Q3,6293
14278,22357,519,48,24912,Q4,6294
3968,18916,212,430,91160,Q5,6295
1606,3613,103,39,4017,Q1,6296
4954,13209,57,142,8094,Q2,6297
9764,12558,75,190,14250,Q3,6298
1754,6640,262,76,19912,Q4,6299
1740,3979,204,221,45084,Q5,6300
8952,21127,35,106,3710,Q1,6301
13482,19124,51,197,10047,Q2,6302
14023,14830,149,98,14602,Q3,6303
2148,7141,129,189,24381,Q4,6304
1038,15117,205,479,98195,Q5,6305
11595,18123,88,56,4928,Q1,6306
1958,22599,108,58,6264,Q2,6307
2060,17529,88,170,14960,Q3,6308
3360,6223,318,85,27030,Q4,6309
3335,7126,260,507,131820,Q5,6310
20731,25300,85,38,3230,Q1,6311
1388,5207,43,195,8385,Q2,6312
15192,22551,107,120,12840,Q3,6313
1895,10377,494,44,21736,Q4,6314
62,6738,672,90,60480,Q5,6315
12327,17146,98,46,4508,Q1,6316
3057,19500,299,23,6877,Q2,6317
16858,17424,75,222,16650,Q3,6318
13659,19704,104,296,30784,Q4,6319
7988,18145,222,175,38850,Q5,6320
8333,23287,63,49,3087,Q1,6321
7618,17556,102,67,6834,Q2,6322
13492,22819,171,72,12312,Q3,6323
5839,8458,89,243,21627,Q4,6324
6131,8959,184,364,66976,Q5,6325
8146,15087,52,111,5772,Q1,6326
15750,24118,110,74,8140,Q2,6327
2404,7773,73,225,16425,Q3,6328
1476,20261,240,106,25440,Q4,6329
11050,12789,247,273,67431,Q5,6330
18061,24886,30,186,5580,Q1,6331
20452,21161,44,178,7832,Q2,6332
13220,13446,310,53,16430,Q3,6333
2257,2936,196,161,31556,Q4,6334
13692,13919,229,173,39617,Q5,6335
10496,11298,57,62,3534,Q1,6336
11822,20317,49,188,9212,Q2,6337
9432,15757,182,98,17836,Q3,6338
4601,17772,238,138,32844,Q4,6339
1084,3051,228,214,48792,Q5,6340
4028,14151,88,59,5192,Q1,6341
3604,14144,118,59,6962,Q2,6342
13098,20169,67,170,11390,Q3,6343
5929,16805,180,124,22320,Q4,6344
5419,19493,236,164,38704,Q5,6345
505,9454,19,83,1577,Q1,6346
10693,18314,76,124,9424,Q2,6347
2205,17553,319,57,18183,Q3,6348
3234,20513,192,162,31104,Q4,6349
18163,24224,348,145,50460,Q5,6350
1232,22744,24,186,4464,Q1,6351
6098,20911,104,98,10192,Q2,6352
14373,16893,109,102,11118,Q3,6353
9543,20520,170,114,19380,Q4,6354
385,18373,260,221,57460,Q5,6355
224,11972,222,20,4440,Q1,6356
7135,16888,85,101,8585,Q2,6357
6184,19346,60,188,11280,Q3,6358
14495,21444,209,103,21527,Q4,6359
2006,14926,249,278,69222,Q5,6360
1502,14380,91,41,3731,Q1,6361
5553,15751,172,42,7224,Q2,6362
7359,7778,220,61,13420,Q3,6363
12897,19354,107,216,23112,Q4,6364
675,14964,306,1123,343638,Q5,6365
165,19684,102,52,5304,Q1,6366
14882,19275,70,151,10570,Q2,6367
8783,12735,219,78,17082,Q3,6368
7291,17712,238,88,20944,Q4,6369
7263,8034,584,181,105704,Q5,6370
10679,23934,26,108,2808,Q1,6371
15705,23553,109,57,6213,Q2,6372
14174,22675,49,273,13377,Q3,6373
1297,9830,178,160,28480,Q4,6374
2331,10673,1100,67,73700,Q5,6375
3988,8922,68,78,5304,Q1,6376
4798,5676,98,80,7840,Q2,6377
13875,21763,78,210,16380,Q3,6378
5060,23743,141,154,21714,Q4,6379
455,16376,401,138,55338,Q5,6380
22590,22926,24,176,4224,Q1,6381
16503,19796,71,105,7455,Q2,6382
4720,5360,107,157,16799,Q3,6383
2449,6718,256,121,30976,Q4,6384
6886,24536,85,622,52870,Q5,6385
997,11904,105,43,4515,Q1,6386
698,16482,111,91,10101,Q2,6387
10285,22880,61,179,10919,Q3,6388
5651,11293,139,138,19182,Q4,6389
7691,14262,302,300,90600,Q5,6390
17442,19001,69,73,5037,Q1,6391
10086,12366,52,136,7072,Q2,6392
18187,21950,193,88,16984,Q3,6393
8818,24397,197,117,23049,Q4,6394
16683,21310,507,77,39039,Q5,6395
8261,10531,68,45,3060,Q1,6396
9933,11639,95,77,7315,Q2,6397
8752,19685,60,190,11400,Q3,6398
12758,22945,179,120,21480,Q4,6399
2310,11577,177,310,54870,Q5,6400
7061,17378,13,30,390,Q1,6401
5899,23621,153,60,9180,Q2,6402
3199,14742,108,120,12960,Q3,6403
4324,16665,356,85,30260,Q4,6404
8467,14502,65,1134,73710,Q5,6405
2347,9052,31,102,3162,Q1,6406
16706,23588,76,104,7904,Q2,6407
19240,19579,135,123,16605,Q3,6408
5441,18347,396,60,23760,Q4,6409
821,4259,169,284,47996,Q5,6410
18360,21481,77,38,2926,Q1,6411
2564,13722,98,107,10486,Q2,6412
16047,22175,125,89,11125,Q3,6413
1445,10292,71,464,32944,Q4,6414
9367,24352,198,335,66330,Q5,6415
32,20817,184,23,4232,Q1,6416
10548,18583,45,176,7920,Q2,6417
14951,16717,153,91,13923,Q3,6418
6897,9819,121,193,23353,Q4,6419
19109,24085,1049,206,216094,Q5,6420
504,3988,51,68,3468,Q1,6421
5645,9722,183,51,9333,Q2,6422
40,5451,80,150,12000,Q3,6423
9318,9849,118,281,33158,Q4,6424
18598,18916,199,430,85570,Q5,6425
1373,6279,48,86,4128,Q1,6426
890,6882,160,38,6080,Q2,6427
17746,23488,139,101,14039,Q3,6428
10836,23331,209,129,26961,Q4,6429
2525,19662,175,214,37450,Q5,6430
11320,16805,40,124,4960,Q1,6431
12730,14957,97,76,7372,Q2,6432
16650,24380,113,114,12882,Q3,6433
2753,9273,99,205,20295,Q4,6434
10729,14629,393,188,73884,Q5,6435
3677,20133,77,16,1232,Q1,6436
2083,20464,68,136,9248,Q2,6437
667,6184,235,60,14100,Q3,6438
10252,13533,88,245,21560,Q4,6439
3606,23648,120,328,39360,Q5,6440
5568,8178,148,38,5624,Q1,6441
6582,9863,141,62,8742,Q2,6442
6443,13583,117,103,12051,Q3,6443
801,11132,232,119,27608,Q4,6444
3291,22037,648,288,186624,Q5,6445
806,2079,121,48,5808,Q1,6446
10268,12159,149,46,6854,Q2,6447
2133,11378,79,176,13904,Q3,6448
4623,11135,84,253,21252,Q4,6449
1959,19070,398,573,228054,Q5,6450
17542,23662,25,189,4725,Q1,6451
19292,22015,169,54,9126,Q2,6452
10300,22727,54,238,12852,Q3,6453
8889,11242,101,330,33330,Q4,6454
19853,22883,365,124,45260,Q5,6455
11375,22595,70,27,1890,Q1,6456
5573,15017,122,82,10004,Q2,6457
2631,19857,250,71,17750,Q3,6458
1199,23449,300,95,28500,Q4,6459
13359,15637,306,116,35496,Q5,6460
5168,11365,33,118,3894,Q1,6461
19038,22551,58,120,6960,Q2,6462
16254,23971,82,150,12300,Q3,6463
8322,15663,113,222,25086,Q4,6464
9382,19416,456,187,85272,Q5,6465
8333,25265,63,66,4158,Q1,6466
3597,17561,175,54,9450,Q2,6467
2069,4733,86,152,13072,Q3,6468
5887,11802,186,142,26412,Q4,6469
12863,17578,343,136,46648,Q5,6470
15497,17624,35,73,2555,Q1,6471
11495,16074,60,164,9840,Q2,6472
12105,16607,108,113,12204,Q3,6473
13808,21058,250,132,33000,Q4,6474
9345,23233,312,276,86112,Q5,6475
17518,20635,24,66,1584,Q1,6476
2442,19114,143,49,7007,Q2,6477
2675,23418,124,112,13888,Q3,6478
5757,18312,304,77,23408,Q4,6479
2125,4898,306,381,116586,Q5,6480
17149,17387,82,27,2214,Q1,6481
13527,22466,84,119,9996,Q2,6482
3548,10633,316,52,16432,Q3,6483
2263,20412,191,143,27313,Q4,6484
8828,11921,233,159,37047,Q5,6485
21643,23344,24,71,1704,Q1,6486
1511,13258,117,78,9126,Q2,6487
2312,22708,76,145,11020,Q3,6488
9774,18890,108,184,19872,Q4,6489
4246,6113,454,74,33596,Q5,6490
7582,10185,7,73,511,Q1,6491
2976,5492,216,50,10800,Q2,6492
308,7163,43,351,15093,Q3,6493
11038,15393,148,207,30636,Q4,6494
11250,13887,324,535,173340,Q5,6495
20173,22163,76,44,3344,Q1,6496
876,6073,287,29,8323,Q2,6497
2127,18183,119,110,13090,Q3,6498
5153,17045,443,42,18606,Q4,6499
1713,17937,208,371,77168,Q5,6500
20409,22376,25,54,1350,Q1,6501
5109,6006,70,86,6020,Q2,6502
10515,24376,119,152,18088,Q3,6503
942,14574,174,146,25404,Q4,6504
18211,18454,154,285,43890,Q5,6505
12588,18848,50,107,5350,Q1,6506
4329,20481,64,127,8128,Q2,6507
5034,24965,120,97,11640,Q3,6508
18383,22819,381,72,27432,Q4,6509
4502,13084,340,111,37740,Q5,6510
16127,16843,113,48,5424,Q1,6511
10018,24714,113,83,9379,Q2,6512
2844,10315,125,88,11000,Q3,6513
822,8146,442,52,22984,Q4,6514
7908,22677,388,334,129592,Q5,6515
6633,21345,91,65,5915,Q1,6516
7660,10164,128,56,7168,Q2,6517
10815,23679,125,135,16875,Q3,6518
5150,24195,147,141,20727,Q4,6519
4849,18716,130,294,38220,Q5,6520
4059,11733,107,48,5136,Q1,6521
8978,25530,46,133,6118,Q2,6522
11761,14909,39,325,12675,Q3,6523
7949,12440,185,153,28305,Q4,6524
22665,22817,154,233,35882,Q5,6525
6499,9502,86,21,1806,Q1,6526
6381,12541,118,67,7906,Q2,6527
6063,7739,194,84,16296,Q3,6528
10699,23239,154,205,31570,Q4,6529
5089,23107,305,125,38125,Q5,6530
12684,15608,48,84,4032,Q1,6531
22763,23452,45,218,9810,Q2,6532
17532,23626,107,136,14552,Q3,6533
5758,15246,253,112,28336,Q4,6534
6506,16874,697,55,38335,Q5,6535
13881,14860,28,77,2156,Q1,6536
8979,19565,36,237,8532,Q2,6537
4571,16968,163,108,17604,Q3,6538
11110,12706,210,126,26460,Q4,6539
1371,8504,246,149,36654,Q5,6540
614,10621,91,37,3367,Q1,6541
6949,18563,180,35,6300,Q2,6542
17857,19968,51,286,14586,Q3,6543
12512,22475,358,70,25060,Q4,6544
5378,7181,241,275,66275,Q5,6545
12778,20328,31,125,3875,Q1,6546
12953,22517,161,56,9016,Q2,6547
1089,14864,80,211,16880,Q3,6548
8120,22509,112,200,22400,Q4,6549
4436,18502,425,158,67150,Q5,6550
2042,13396,64,78,4992,Q1,6551
10339,24167,70,92,6440,Q2,6552
1004,2272,68,183,12444,Q3,6553
6675,24536,38,622,23636,Q4,6554
17268,20148,293,147,43071,Q5,6555
10283,12794,49,94,4606,Q1,6556
15429,16170,119,59,7021,Q2,6557
2680,24380,132,114,15048,Q3,6558
4713,6148,467,51,23817,Q4,6559
16113,24602,182,225,40950,Q5,6560
12588,25097,50,65,3250,Q1,6561
20991,25370,107,76,8132,Q2,6562
13821,16080,111,121,13431,Q3,6563
15405,24378,152,163,24776,Q4,6564
4915,5574,213,177,37701,Q5,6565
9851,21771,87,63,5481,Q1,6566
9175,12064,69,111,7659,Q2,6567
1468,14535,91,200,18200,Q3,6568
21941,22106,149,142,21158,Q4,6569
641,16074,452,164,74128,Q5,6570
1956,22454,147,34,4998,Q1,6571
9285,21495,133,71,9443,Q2,6572
6346,23149,163,68,11084,Q3,6573
12420,17653,149,143,21307,Q4,6574
5892,20588,361,110,39710,Q5,6575
6459,16211,34,81,2754,Q1,6576
2660,18896,109,72,7848,Q2,6577
5541,21367,66,179,11814,Q3,6578
18337,20699,145,173,25085,Q4,6579
2215,13550,168,326,54768,Q5,6580
1075,7122,117,29,3393,Q1,6581
22173,24215,125,70,8750,Q2,6582
15063,17093,121,115,13915,Q3,6583
165,13669,102,225,22950,Q4,6584
6975,13182,242,151,36542,Q5,6585
15482,22138,93,54,5022,Q1,6586
1804,21921,109,80,8720,Q2,6587
4655,21152,135,95,12825,Q3,6588
5954,7499,60,358,21480,Q4,6589
2005,17121,306,190,58140,Q5,6590
4310,7857,16,85,1360,Q1,6591
2410,13729,122,64,7808,Q2,6592
16931,21277,86,167,14362,Q3,6593
11981,22167,154,145,22330,Q4,6594
18416,19867,115,437,50255,Q5,6595
9316,9820,89,42,3738,Q1,6596
903,3909,78,79,6162,Q2,6597
1371,9853,246,67,16482,Q3,6598
4995,21151,196,93,18228,Q4,6599
2164,9260,370,190,70300,Q5,6600
3975,6398,134,44,5896,Q1,6601
4422,16802,138,72,9936,Q2,6602
5803,15659,115,103,11845,Q3,6603
15371,21131,193,137,26441,Q4,6604
3568,20808,306,120,36720,Q5,6605
13927,17461,58,83,4814,Q1,6606
6333,11816,121,72,8712,Q2,6607
10104,16530,228,66,15048,Q3,6608
5764,16019,113,230,25990,Q4,6609
11617,19169,1152,77,88704,Q5,6610
15313,20920,43,51,2193,Q1,6611
21656,24717,87,75,6525,Q2,6612
8130,15123,56,320,17920,Q3,6613
1078,13102,465,65,30225,Q4,6614
14482,23721,832,63,52416,Q5,6615
20316,23657,64,20,1280,Q1,6616
16682,22218,220,43,9460,Q2,6617
7804,9974,76,150,11400,Q3,6618
14227,16239,176,136,23936,Q4,6619
18382,24182,762,110,83820,Q5,6620
2027,20610,21,88,1848,Q1,6621
5801,23342,91,90,8190,Q2,6622
15387,21839,83,155,12865,Q3,6623
10155,18962,336,78,26208,Q4,6624
6163,13466,213,183,38979,Q5,6625
10136,20115,63,47,2961,Q1,6626
5318,23386,47,228,10716,Q2,6627
6178,8947,89,139,12371,Q3,6628
5253,12328,391,70,27370,Q4,6629
567,12737,207,207,42849,Q5,6630
8215,17608,52,81,4212,Q1,6631
14099,20897,123,56,6888,Q2,6632
248,348,103,139,14317,Q3,6633
3073,14508,311,79,24569,Q4,6634
5880,17992,239,157,37523,Q5,6635
11653,21843,96,51,4896,Q1,6636
12743,22593,153,49,7497,Q2,6637
912,7491,174,71,12354,Q3,6638
2443,23522,321,95,30495,Q4,6639
10088,23933,231,1923,444213,Q5,6640
7825,9588,44,60,2640,Q1,6641
1043,17398,349,23,8027,Q2,6642
16978,18477,87,167,14529,Q3,6643
4277,11370,141,136,19176,Q4,6644
6669,13979,130,387,50310,Q5,6645
1779,11772,178,19,3382,Q1,6646
189,10642,248,34,8432,Q2,6647
1016,17141,77,146,11242,Q3,6648
5709,17970,266,73,19418,Q4,6649
4154,18656,279,235,65565,Q5,6650
16787,24457,52,87,4524,Q1,6651
15286,22883,55,124,6820,Q2,6652
4538,22693,282,64,18048,Q3,6653
5527,12557,169,137,23153,Q4,6654
19070,23441,573,98,56154,Q5,6655
5737,9996,68,74,5032,Q1,6656
7113,7370,302,28,8456,Q2,6657
5595,22797,116,114,13224,Q3,6658
2004,22998,368,75,27600,Q4,6659
19508,25242,208,178,37024,Q5,6660
7533,7796,38,71,2698,Q1,6661
14299,19775,109,73,7957,Q2,6662
8027,11556,192,91,17472,Q3,6663
1702,14373,182,109,19838,Q4,6664
8903,12238,200,241,48200,Q5,6665
12915,21862,76,45,3420,Q1,6666
3593,20554,122,75,9150,Q2,6667
22096,25009,117,102,11934,Q3,6668
4819,19976,254,113,28702,Q4,6669
8884,23763,270,142,38340,Q5,6670
17177,20305,103,53,5459,Q1,6671
17543,19211,112,81,9072,Q2,6672
3538,16713,111,104,11544,Q3,6673
4571,25116,163,153,24939,Q4,6674
10331,11435,229,209,47861,Q5,6675
14380,19933,41,44,1804,Q1,6676
7581,14054,53,122,6466,Q2,6677
8357,18207,108,103,11124,Q3,6678
3804,15796,128,168,21504,Q4,6679
937,22046,435,131,56985,Q5,6680
11936,20521,144,38,5472,Q1,6681
8061,10879,72,117,8424,Q2,6682
9733,13364,99,120,11880,Q3,6683
3132,10486,269,78,20982,Q4,6684
5096,8115,217,429,93093,Q5,6685
5602,14715,79,58,4582,Q1,6686
16210,18156,126,53,6678,Q2,6687
6146,20254,170,90,15300,Q3,6688
7276,16395,151,162,24462,Q4,6689
12032,23030,238,166,39508,Q5,6690
11565,18626,40,32,1280,Q1,6691
8973,22225,54,163,8802,Q2,6692
4897,16699,298,58,17284,Q3,6693
2937,19342,246,101,24846,Q4,6694
2570,11386,177,192,33984,Q5,6695
1411,1938,104,50,5200,Q1,6696
2133,19817,79,119,9401,Q2,6697
12389,25170,99,150,14850,Q3,6698
1582,13951,45,456,20520,Q4,6699
14531,14675,172,206,35432,Q5,6700
19720,20452,87,44,3828,Q1,6701
19824,20366,81,97,7857,Q2,6702
9568,22140,128,100,12800,Q3,6703
19977,20920,539,51,27489,Q4,6704
3952,24828,142,293,41606,Q5,6705
2662,24105,64,79,5056,Q1,6706
4984,19031,97,96,9312,Q2,6707
11725,21986,121,100,12100,Q3,6708
23935,24536,53,622,32966,Q4,6709
2359,4597,184,271,49864,Q5,6710
4614,21083,76,54,4104,Q1,6711
7191,22944,97,84,8148,Q2,6712
4019,15360,123,131,16113,Q3,6713
8358,10778,99,190,18810,Q4,6714
6410,19231,235,162,38070,Q5,6715
12801,20199,90,34,3060,Q1,6716
3277,15826,147,69,10143,Q2,6717
18392,20114,175,92,16100,Q3,6718
17772,18502,138,158,21804,Q4,6719
9753,22139,167,392,65464,Q5,6720
9638,12939,71,50,3550,Q1,6721
14464,23598,66,117,7722,Q2,6722
7726,13567,70,202,14140,Q3,6723
7206,25171,206,115,23690,Q4,6724
1551,13461,327,138,45126,Q5,6725
19510,19671,55,93,5115,Q1,6726
4307,5992,127,79,10033,Q2,6727
2346,14149,131,110,14410,Q3,6728
9198,19179,224,138,30912,Q4,6729
4332,18671,322,586,188692,Q5,6730
12975,17582,134,33,4422,Q1,6731
283,21281,127,57,7239,Q2,6732
10968,25259,104,135,14040,Q3,6733
5350,20992,172,173,29756,Q4,6734
16299,24827,229,285,65265,Q5,6735
7073,24228,31,159,4929,Q1,6736
632,5082,61,118,7198,Q2,6737
12460,16221,247,65,16055,Q3,6738
4876,22778,185,159,29415,Q4,6739
9643,19750,440,463,203720,Q5,6740
12962,19013,20,71,1420,Q1,6741
21692,25536,77,98,7546,Q2,6742
7235,16595,119,123,14637,Q3,6743
18267,19069,132,196,25872,Q4,6744
5941,12647,180,189,34020,Q5,6745
7525,12812,9,101,909,Q1,6746
13147,19746,134,56,7504,Q2,6747
2819,17856,129,94,12126,Q3,6748
5579,20744,540,56,30240,Q4,6749
12562,13143,196,175,34300,Q5,6750
9950,16933,48,51,2448,Q1,6751
7365,21098,104,95,9880,Q2,6752
1257,23210,149,97,14453,Q3,6753
8346,15764,122,181,22082,Q4,6754
3172,21472,198,265,52470,Q5,6755
1341,18854,41,77,3157,Q1,6756
9184,22911,93,71,6603,Q2,6757
5937,25457,109,167,18203,Q3,6758
4758,23787,309,99,30591,Q4,6759
14889,19503,275,144,39600,Q5,6760
5489,8952,140,35,4900,Q1,6761
1778,10181,84,76,6384,Q2,6762
6591,20083,167,72,12024,Q3,6763
12911,25095,130,147,19110,Q4,6764
3510,11141,1281,152,194712,Q5,6765
7316,13777,39,73,2847,Q1,6766
12762,21124,74,101,7474,Q2,6767
11467,25001,222,78,17316,Q3,6768
10269,23717,169,125,21125,Q4,6769
7425,13467,402,121,48642,Q5,6770
14618,17045,75,42,3150,Q1,6771
16141,17919,91,110,10010,Q2,6772
5298,15086,159,98,15582,Q3,6773
12651,12856,103,179,18437,Q4,6774
4417,9307,312,129,40248,Q5,6775
11298,17648,62,89,5518,Q1,6776
13028,24450,122,70,8540,Q2,6777
5599,24337,346,33,11418,Q3,6778
4190,22108,153,211,32283,Q4,6779
16332,17075,942,84,79128,Q5,6780
3237,24036,74,33,2442,Q1,6781
6610,23490,166,51,8466,Q2,6782
12373,17871,138,104,14352,Q3,6783
10175,11401,112,192,21504,Q4,6784
3285,11386,182,192,34944,Q5,6785
19076,21329,74,32,2368,Q1,6786
11987,16142,228,40,9120,Q2,6787
2569,19513,193,70,13510,Q3,6788
17823,18911,259,92,23828,Q4,6789
4665,12621,207,170,35190,Q5,6790
5655,19625,31,68,2108,Q1,6791
8885,24530,206,51,10506,Q2,6792
16247,16461,174,74,12876,Q3,6793
7508,15739,89,287,25543,Q4,6794
3868,4055,253,276,69828,Q5,6795
6677,20807,55,28,1540,Q1,6796
7644,17558,119,73,8687,Q2,6797
5193,21888,163,90,14670,Q3,6798
4720,15378,107,259,27713,Q4,6799
19376,22713,174,203,35322,Q5,6800
17945,21298,69,56,3864,Q1,6801
10834,23351,54,116,6264,Q2,6802
13132,18118,110,131,14410,Q3,6803
5081,14759,162,115,18630,Q4,6804
2088,19661,122,317,38674,Q5,6805
2025,25125,8,329,2632,Q1,6806
10486,19538,78,137,10686,Q2,6807
16467,19012,103,141,14523,Q3,6808
2412,3096,145,169,24505,Q4,6809
272,23484,370,150,55500,Q5,6810
11471,20025,61,44,2684,Q1,6811
13248,24240,52,161,8372,Q2,6812
20908,23728,104,132,13728,Q3,6813
16330,17053,214,133,28462,Q4,6814
6789,21157,165,214,35310,Q5,6815
1286,13602,63,43,2709,Q1,6816
11094,16738,144,59,8496,Q2,6817
16716,20844,109,107,11663,Q3,6818
6104,12719,97,334,32398,Q4,6819
9211,9268,363,651,236313,Q5,6820
8072,18249,49,114,5586,Q1,6821
9489,20315,96,87,8352,Q2,6822
8672,8983,66,183,12078,Q3,6823
239,9905,413,79,32627,Q4,6824
7749,10870,176,913,160688,Q5,6825
12377,16053,58,87,5046,Q1,6826
6650,25081,83,93,7719,Q2,6827
5100,13286,106,114,12084,Q3,6828
9549,19624,197,100,19700,Q4,6829
10822,10875,84,403,33852,Q5,6830
4950,21075,94,53,4982,Q1,6831
7867,15036,94,88,8272,Q2,6832
4000,24494,208,65,13520,Q3,6833
12916,17694,67,298,19966,Q4,6834
4380,24396,375,236,88500,Q5,6835
3895,10794,48,71,3408,Q1,6836
9389,11452,79,96,7584,Q2,6837
1650,13040,195,62,12090,Q3,6838
14254,15302,231,94,21714,Q4,6839
4062,9447,192,246,47232,Q5,6840
7462,21825,30,120,3600,Q1,6841
8469,12467,65,163,10595,Q2,6842
24707,24981,132,133,17556,Q3,6843
3454,24791,234,117,27378,Q4,6844
8481,9596,308,155,47740,Q5,6845
5692,13922,60,58,3480,Q1,6846
16466,17728,88,71,6248,Q2,6847
22208,22471,166,87,14442,Q3,6848
4349,13196,259,76,19684,Q4,6849
12691,17960,248,257,63736,Q5,6850
20855,24889,49,67,3283,Q1,6851
6344,9296,52,130,6760,Q2,6852
17645,20465,121,105,12705,Q3,6853
14287,17503,49,385,18865,Q4,6854
4709,19789,485,127,61595,Q5,6855
2427,7844,156,20,3120,Q1,6856
11506,21047,207,34,7038,Q2,6857
9930,18183,113,110,12430,Q3,6858
6936,25382,206,115,23690,Q4,6859
748,2825,253,205,51865,Q5,6860
6209,16253,14,88,1232,Q1,6861
2123,6925,128,75,9600,Q2,6862
665,20929,126,140,17640,Q3,6863
11385,18087,170,173,29410,Q4,6864
3528,16484,282,162,45684,Q5,6865
17973,18791,36,55,1980,Q1,6866
13487,16457,132,69,9108,Q2,6867
9081,14136,187,86,16082,Q3,6868
18620,18723,97,193,18721,Q4,6869
295,12710,668,103,68804,Q5,6870
8396,22917,52,54,2808,Q1,6871
5839,19534,89,98,8722,Q2,6872
7970,12533,176,72,12672,Q3,6873
7344,8928,246,104,25584,Q4,6874
16677,19461,199,686,136514,Q5,6875
227,22528,233,12,2796,Q1,6876
1049,8307,85,116,9860,Q2,6877
23732,25016,99,168,16632,Q3,6878
13149,22778,178,159,28302,Q4,6879
9729,23005,122,370,45140,Q5,6880
1999,10498,31,122,3782,Q1,6881
22207,23298,92,66,6072,Q2,6882
3534,24453,143,110,15730,Q3,6883
6739,11896,170,110,18700,Q4,6884
21232,22263,101,349,35249,Q5,6885
3565,12981,113,52,5876,Q1,6886
8725,11420,100,89,8900,Q2,6887
7524,9309,39,376,14664,Q3,6888
1126,21566,202,111,22422,Q4,6889
3293,24244,400,169,67600,Q5,6890
10713,12080,63,89,5607,Q1,6891
368,21635,77,101,7777,Q2,6892
11227,22190,174,68,11832,Q3,6893
17481,22660,61,376,22936,Q4,6894
852,24549,452,385,174020,Q5,6895
18561,20045,58,83,4814,Q1,6896
10134,14122,81,109,8829,Q2,6897
19069,21056,196,64,12544,Q3,6898
18300,24891,106,182,19292,Q4,6899
7203,20141,171,204,34884,Q5,6900
6449,15275,68,75,5100,Q1,6901
4973,14175,83,123,10209,Q2,6902
3431,14212,182,85,15470,Q3,6903
14797,21569,490,54,26460,Q4,6904
9368,23080,362,268,97016,Q5,6905
454,18779,33,50,1650,Q1,6906
2974,15999,158,59,9322,Q2,6907
7555,24386,79,210,16590,Q3,6908
15576,15767,186,151,28086,Q4,6909
18500,20219,442,116,51272,Q5,6910
4333,19916,54,82,4428,Q1,6911
266,2601,411,22,9042,Q2,6912
7051,14513,189,91,17199,Q3,6913
20023,21507,206,96,19776,Q4,6914
4466,13681,170,377,64090,Q5,6915
4256,21248,65,91,5915,Q1,6916
11624,18204,43,193,8299,Q2,6917
8908,15794,138,131,18078,Q3,6918
2005,24940,306,102,31212,Q4,6919
11679,14367,123,814,100122,Q5,6920
10253,22063,34,166,5644,Q1,6921
7316,8919,39,190,7410,Q2,6922
2683,24487,104,163,16952,Q3,6923
5254,22292,147,204,29988,Q4,6924
953,3349,431,103,44393,Q5,6925
8154,11839,120,34,4080,Q1,6926
7801,20953,43,145,6235,Q2,6927
1050,16365,109,130,14170,Q3,6928
7541,9508,112,258,28896,Q4,6929
10572,19190,280,156,43680,Q5,6930
11591,24989,30,46,1380,Q1,6931
9988,24917,87,71,6177,Q2,6932
1437,14995,98,180,17640,Q3,6933
5758,23902,253,94,23782,Q4,6934
1150,3133,228,287,65436,Q5,6935
9242,13214,89,50,4450,Q1,6936
4406,21333,50,136,6800,Q2,6937
16617,25100,163,102,16626,Q3,6938
9218,18035,142,133,18886,Q4,6939
10302,20517,395,90,35550,Q5,6940
11943,22082,61,70,4270,Q1,6941
6607,19154,66,139,9174,Q2,6942
3453,23183,182,60,10920,Q3,6943
23120,25415,122,183,22326,Q4,6944
22509,22839,200,185,37000,Q5,6945
30,18167,87,21,1827,Q1,6946
10330,20560,51,155,7905,Q2,6947
18473,23401,121,92,11132,Q3,6948
826,22112,285,85,24225,Q4,6949
1982,8779,368,451,165968,Q5,6950
6973,18541,38,53,2014,Q1,6951
19877,21583,70,117,8190,Q2,6952
4866,23478,132,105,13860,Q3,6953
8805,12337,106,177,18762,Q4,6954
14063,17351,383,207,79281,Q5,6955
15239,23752,144,34,4896,Q1,6956
5723,22395,343,30,10290,Q2,6957
6611,14166,92,173,15916,Q3,6958
16685,23706,345,93,32085,Q4,6959
6360,8836,687,250,171750,Q5,6960
9502,14699,21,83,1743,Q1,6961
5033,15107,89,74,6586,Q2,6962
9535,17762,314,47,14758,Q3,6963
2809,14606,221,113,24973,Q4,6964
12429,22820,200,237,47400,Q5,6965
10101,16593,35,97,3395,Q1,6966
7152,10672,69,121,8349,Q2,6967
11535,25526,131,96,12576,Q3,6968
7304,22575,230,100,23000,Q4,6969
11587,15306,134,316,42344,Q5,6970
9118,25237,54,82,4428,Q1,6971
19794,24953,84,112,9408,Q2,6972
2104,4971,250,50,12500,Q3,6973
16194,18145,163,175,28525,Q4,6974
1880,10165,124,270,33480,Q5,6975
2996,12371,111,54,5994,Q1,6976
16820,23615,102,73,7446,Q2,6977
16716,17438,109,157,17113,Q3,6978
4699,21858,177,129,22833,Q4,6979
18724,24819,371,350,129850,Q5,6980
3405,3929,76,51,3876,Q1,6981
1437,21152,98,95,9310,Q2,6982
2294,23063,190,77,14630,Q3,6983
6179,14666,223,125,27875,Q4,6984
16140,18838,187,396,74052,Q5,6985
8161,18713,86,56,4816,Q1,6986
13721,17138,42,154,6468,Q2,6987
7205,17578,117,136,15912,Q3,6988
3826,9471,310,81,25110,Q4,6989
11663,20599,40,1563,62520,Q5,6990
10464,15468,45,79,3555,Q1,6991
4474,10762,315,33,10395,Q2,6992
4982,12819,122,138,16836,Q3,6993
6142,19741,115,247,28405,Q4,6994
16160,23316,229,161,36869,Q5,6995
14195,21198,132,26,3432,Q1,6996
10340,18030,66,121,7986,Q2,6997
12675,18209,187,75,14025,Q3,6998
15469,19867,43,437,18791,Q4,6999
14139,18501,406,267,108402,Q5,7000
9483,11636,74,68,5032,Q1,7001
9110,24607,199,35,6965,Q2,7002
6088,14570,54,225,12150,Q3,7003
5128,12674,163,180,29340,Q4,7004
3508,19652,216,403,87048,Q5,7005
13187,18592,37,109,4033,Q1,7006
14167,14640,124,71,8804,Q2,7007
2222,19049,73,204,14892,Q3,7008
2664,10258,409,61,24949,Q4,7009
1452,1603,318,350,111300,Q5,7010
6255,10069,81,61,4941,Q1,7011
12792,24239,76,126,9576,Q2,7012
3178,21677,112,139,15568,Q3,7013
2338,16790,444,63,27972,Q4,7014
23504,25267,204,177,36108,Q5,7015
10665,22927,38,110,4180,Q1,7016
3283,20486,116,63,7308,Q2,7017
19941,23190,135,116,15660,Q3,7018
10133,17826,235,79,18565,Q4,7019
3787,18617,148,227,33596,Q5,7020
16480,17307,73,49,3577,Q1,7021
20585,23489,120,89,10680,Q2,7022
526,5060,123,141,17343,Q3,7023
1933,12741,485,53,25705,Q4,7024
7002,10327,342,106,36252,Q5,7025
16430,20027,71,45,3195,Q1,7026
14556,16112,130,77,10010,Q2,7027
2725,22111,83,156,12948,Q3,7028
6215,16242,305,97,29585,Q4,7029
14119,14202,279,257,71703,Q5,7030
11010,23297,72,72,5184,Q1,7031
7407,15119,107,90,9630,Q2,7032
18208,21793,105,161,16905,Q3,7033
6534,18927,76,432,32832,Q4,7034
9024,9821,856,208,178048,Q5,7035
2935,12225,200,30,6000,Q1,7036
3067,13271,86,73,6278,Q2,7037
7199,10647,135,126,17010,Q3,7038
10847,23915,135,155,20925,Q4,7039
6262,23075,245,251,61495,Q5,7040
7702,17969,61,96,5856,Q1,7041
8350,23773,76,103,7828,Q2,7042
1650,18479,195,76,14820,Q3,7043
13274,20280,181,104,18824,Q4,7044
40,3250,80,417,33360,Q5,7045
9607,17053,44,133,5852,Q1,7046
490,24501,75,100,7500,Q2,7047
5012,16668,75,160,12000,Q3,7048
11768,24471,116,218,25288,Q4,7049
19216,24512,239,629,150331,Q5,7050
165,10555,102,28,2856,Q1,7051
17327,22610,91,85,7735,Q2,7052
12826,19332,50,244,12200,Q3,7053
15760,21839,156,155,24180,Q4,7054
9331,15694,331,151,49981,Q5,7055
7693,19113,50,55,2750,Q1,7056
3559,7932,240,41,9840,Q2,7057
14310,18745,138,103,14214,Q3,7058
3715,12428,241,96,23136,Q4,7059
1943,5961,233,264,61512,Q5,7060
7396,20074,19,262,4978,Q1,7061
1390,16644,50,127,6350,Q2,7062
9987,18923,99,134,13266,Q3,7063
2566,15780,175,145,25375,Q4,7064
14266,19172,312,412,128544,Q5,7065
6324,13327,53,108,5724,Q1,7066
4146,12330,133,62,8246,Q2,7067
12609,17232,155,103,15965,Q3,7068
8708,25290,135,204,27540,Q4,7069
5303,16693,126,286,36036,Q5,7070
7161,12201,115,37,4255,Q1,7071
9797,10710,105,84,8820,Q2,7072
12030,25213,84,194,16296,Q3,7073
11030,12561,373,62,23126,Q4,7074
414,745,127,264,33528,Q5,7075
10212,12389,19,99,1881,Q1,7076
18860,22240,221,35,7735,Q2,7077
1171,9980,237,75,17775,Q3,7078
833,19768,290,87,25230,Q4,7079
6777,11363,340,231,78540,Q5,7080
2042,21747,64,80,5120,Q1,7081
12116,23092,68,96,6528,Q2,7082
15261,17798,82,136,11152,Q3,7083
6089,18807,149,200,29800,Q4,7084
11143,24206,333,171,56943,Q5,7085
2371,4795,64,37,2368,Q1,7086
3592,8629,43,162,6966,Q2,7087
6728,16058,121,114,13794,Q3,7088
2551,6210,182,137,24934,Q4,7089
2761,5523,251,231,57981,Q5,7090
9567,17502,107,28,2996,Q1,7091
15613,24756,150,70,10500,Q2,7092
14061,14443,186,61,11346,Q3,7093
11800,16264,155,160,24800,Q4,7094
3868,23244,253,140,35420,Q5,7095
16,9820,72,42,3024,Q1,7096
5394,21152,84,95,7980,Q2,7097
5790,24301,108,138,14904,Q3,7098
2084,25314,178,130,23140,Q4,7099
1971,17015,275,199,54725,Q5,7100
9640,20867,56,63,3528,Q1,7101
7792,25235,187,50,9350,Q2,7102
3730,13265,91,168,15288,Q3,7103
10404,12655,184,119,21896,Q4,7104
21504,22508,385,169,65065,Q5,7105
19925,22908,73,47,3431,Q1,7106
7407,23151,107,72,7704,Q2,7107
10232,17785,234,53,12402,Q3,7108
4975,11691,102,182,18564,Q4,7109
966,7090,239,188,44932,Q5,7110
13834,21185,62,57,3534,Q1,7111
6003,17983,91,118,10738,Q2,7112
11297,24697,86,135,11610,Q3,7113
8023,23082,208,154,32032,Q4,7114
8683,13071,435,124,53940,Q5,7115
23043,23439,84,25,2100,Q1,7116
9077,25230,277,37,10249,Q2,7117
19222,23453,125,105,13125,Q3,7118
14977,21763,119,210,24990,Q4,7119
12648,17881,373,726,270798,Q5,7120
9618,17842,35,66,2310,Q1,7121
11627,17935,61,144,8784,Q2,7122
8215,21311,52,316,16432,Q3,7123
6869,18618,52,560,29120,Q4,7124
4738,13946,355,249,88395,Q5,7125
2469,8729,40,59,2360,Q1,7126
13175,24907,83,80,6640,Q2,7127
10126,10468,62,194,12028,Q3,7128
6228,23284,185,144,26640,Q4,7129
5477,17907,377,270,101790,Q5,7130
1868,17194,59,21,1239,Q1,7131
17512,23338,82,102,8364,Q2,7132
6333,11072,121,120,14520,Q3,7133
4030,24537,73,290,21170,Q4,7134
12767,24546,491,199,97709,Q5,7135
16525,19615,72,80,5760,Q1,7136
16723,20082,97,93,9021,Q2,7137
6279,23056,86,170,14620,Q3,7138
12691,16872,248,95,23560,Q4,7139
3667,23606,356,375,133500,Q5,7140
3632,15176,57,98,5586,Q1,7141
4604,20111,163,65,10595,Q2,7142
20999,24690,203,81,16443,Q3,7143
8090,25524,99,235,23265,Q4,7144
14567,22741,411,157,64527,Q5,7145
7480,24416,13,91,1183,Q1,7146
2489,12489,102,65,6630,Q2,7147
296,7010,121,143,17303,Q3,7148
4387,13457,148,168,24864,Q4,7149
4313,9629,271,159,43089,Q5,7150
10641,18632,133,37,4921,Q1,7151
3009,16659,36,212,7632,Q2,7152
13575,22257,156,88,13728,Q3,7153
11006,18650,141,136,19176,Q4,7154
4374,10167,1212,78,94536,Q5,7155
2133,12138,79,59,4661,Q1,7156
3055,18197,78,132,10296,Q2,7157
8133,13118,101,121,12221,Q3,7158
7362,24821,147,130,19110,Q4,7159
12932,16535,81,466,37746,Q5,7160
19201,25093,43,98,4214,Q1,7161
11531,19775,88,73,6424,Q2,7162
1439,22881,107,158,16906,Q3,7163
3035,8692,195,158,30810,Q4,7164
2280,15973,552,187,103224,Q5,7165
5726,17286,127,20,2540,Q1,7166
14209,18961,79,124,9796,Q2,7167
5264,16728,135,94,12690,Q3,7168
8575,16264,133,160,21280,Q4,7169
18735,24820,112,354,39648,Q5,7170
1859,20151,75,69,5175,Q1,7171
11376,15954,61,116,7076,Q2,7172
4721,21041,94,157,14758,Q3,7173
2594,13406,162,155,25110,Q4,7174
2490,19004,460,207,95220,Q5,7175
15830,17447,108,47,5076,Q1,7176
5426,23083,179,41,7339,Q2,7177
7253,17857,236,51,12036,Q3,7178
5148,14274,24,877,21048,Q4,7179
1302,2786,205,236,48380,Q5,7180
13795,25339,35,74,2590,Q1,7181
13477,22428,96,63,6048,Q2,7182
1192,23864,215,75,16125,Q3,7183
10880,11781,134,162,21708,Q4,7184
219,22300,328,172,56416,Q5,7185
5845,15402,15,90,1350,Q1,7186
14883,22516,154,65,10010,Q2,7187
7276,22492,151,78,11778,Q3,7188
5784,9677,156,195,30420,Q4,7189
3074,14421,536,130,69680,Q5,7190
4356,5305,70,48,3360,Q1,7191
20238,23986,53,165,8745,Q2,7192
7896,13418,283,43,12169,Q3,7193
11184,16136,194,131,25414,Q4,7194
13989,19388,675,135,91125,Q5,7195
14101,24760,129,40,5160,Q1,7196
9119,19039,79,105,8295,Q2,7197
2716,13107,138,120,16560,Q3,7198
17925,25495,168,150,25200,Q4,7199
1786,23253,265,132,34980,Q5,7200
15048,18147,20,232,4640,Q1,7201
1055,21481,186,38,7068,Q2,7202
4890,17427,115,113,12995,Q3,7203
3138,4007,207,99,20493,Q4,7204
301,12911,914,130,118820,Q5,7205
2902,7419,407,12,4884,Q1,7206
16244,23270,33,232,7656,Q2,7207
4008,19614,117,97,11349,Q3,7208
2128,21598,161,147,23667,Q4,7209
3884,4995,266,196,52136,Q5,7210
9744,9924,8,78,624,Q1,7211
22095,22394,106,73,7738,Q2,7212
18137,20581,89,139,12371,Q3,7213
10977,24243,186,100,18600,Q4,7214
14084,20274,223,355,79165,Q5,7215
7441,23643,28,94,2632,Q1,7216
22680,23539,128,70,8960,Q2,7217
972,17373,164,85,13940,Q3,7218
16663,19036,290,65,18850,Q4,7219
8790,15775,327,115,37605,Q5,7220
7866,9616,23,49,1127,Q1,7221
5667,20754,115,53,6095,Q2,7222
15373,16500,139,88,12232,Q3,7223
2569,4842,193,115,22195,Q4,7224
1197,24166,245,187,45815,Q5,7225
9703,23814,45,52,2340,Q1,7226
1666,18542,69,105,7245,Q2,7227
24243,24707,100,132,13200,Q3,7228
8836,21152,250,95,23750,Q4,7229
4210,17937,185,371,68635,Q5,7230
5692,25231,60,66,3960,Q1,7231
12999,25528,68,146,9928,Q2,7232
14703,21432,177,77,13629,Q3,7233
16335,17458,135,155,20925,Q4,7234
4004,11156,364,460,167440,Q5,7235
1914,17360,204,25,5100,Q1,7236
6349,21427,187,39,7293,Q2,7237
4660,13141,82,203,16646,Q3,7238
19318,20960,251,81,20331,Q4,7239
4242,22476,442,111,49062,Q5,7240
7902,10960,59,90,5310,Q1,7241
8304,14842,80,86,6880,Q2,7242
4477,16548,178,70,12460,Q3,7243
7546,11644,202,115,23230,Q4,7244
7120,20100,396,117,46332,Q5,7245
2645,8341,133,27,3591,Q1,7246
2627,25486,108,62,6696,Q2,7247
3881,18282,120,133,15960,Q3,7248
9714,25382,276,115,31740,Q4,7249
1987,4120,69,1019,70311,Q5,7250
762,17737,20,49,980,Q1,7251
12197,21079,233,42,9786,Q2,7252
2556,19646,151,103,15553,Q3,7253
12498,18111,173,112,19376,Q4,7254
5040,6708,347,171,59337,Q5,7255
14044,22545,65,59,3835,Q1,7256
2219,8089,104,69,7176,Q2,7257
9142,20366,131,97,12707,Q3,7258
10571,10587,45,406,18270,Q4,7259
17101,18756,102,370,37740,Q5,7260
11231,23579,12,216,2592,Q1,7261
15519,16253,102,88,8976,Q2,7262
5598,20146,227,54,12258,Q3,7263
5078,10332,154,141,21714,Q4,7264
1628,1978,368,474,174432,Q5,7265
8568,14523,22,83,1826,Q1,7266
9822,24584,113,85,9605,Q2,7267
1651,12830,176,79,13904,Q3,7268
8014,16841,242,89,21538,Q4,7269
206,1740,178,204,36312,Q5,7270
9593,15514,46,104,4784,Q1,7271
2522,21048,170,53,9010,Q2,7272
8310,18680,68,228,15504,Q3,7273
4105,23690,65,327,21255,Q4,7274
5864,17206,436,85,37060,Q5,7275
10280,17362,94,21,1974,Q1,7276
3485,22433,88,76,6688,Q2,7277
14637,16889,149,78,11622,Q3,7278
1815,6337,57,442,25194,Q4,7279
313,25500,472,110,51920,Q5,7280
2035,13051,17,66,1122,Q1,7281
9600,17145,74,115,8510,Q2,7282
22304,24198,88,135,11880,Q3,7283
16644,25060,127,227,28829,Q4,7284
3071,15326,643,83,53369,Q5,7285
3417,8209,54,98,5292,Q1,7286
5704,5780,138,48,6624,Q2,7287
2672,15449,273,52,14196,Q3,7288
5689,14148,80,291,23280,Q4,7289
6233,10897,395,243,95985,Q5,7290
12281,22970,71,41,2911,Q1,7291
15077,15711,61,105,6405,Q2,7292
7343,12951,118,123,14514,Q3,7293
2884,13385,290,73,21170,Q4,7294
5593,8701,619,138,85422,Q5,7295
3578,6196,36,29,1044,Q1,7296
2550,22751,81,86,6966,Q2,7297
2969,20733,117,105,12285,Q3,7298
15942,23638,134,202,27068,Q4,7299
3747,22653,161,401,64561,Q5,7300
21212,21541,101,34,3434,Q1,7301
7598,17684,36,209,7524,Q2,7302
4784,24409,164,105,17220,Q3,7303
17850,22869,70,445,31150,Q4,7304
8042,11827,164,813,133332,Q5,7305
552,16394,70,61,4270,Q1,7306
7725,8664,115,68,7820,Q2,7307
4137,21340,114,111,12654,Q3,7308
20072,22790,113,243,27459,Q4,7309
3279,24305,717,125,89625,Q5,7310
9870,17213,106,27,2862,Q1,7311
8336,15999,120,59,7080,Q2,7312
18337,22890,145,78,11310,Q3,7313
7751,19615,261,80,20880,Q4,7314
6790,15256,193,310,59830,Q5,7315
4192,8052,66,84,5544,Q1,7316
5228,11937,116,60,6960,Q2,7317
1440,2640,119,117,13923,Q3,7318
4107,21335,201,107,21507,Q4,7319
18406,18489,180,224,40320,Q5,7320
7400,16706,9,76,684,Q1,7321
4447,23646,83,126,10458,Q2,7322
7084,13667,132,99,13068,Q3,7323
12535,22759,71,276,19596,Q4,7324
7113,21178,302,129,38958,Q5,7325
14821,20744,64,56,3584,Q1,7326
3192,6525,90,93,8370,Q2,7327
6161,11615,179,79,14141,Q3,7328
12579,20310,122,189,23058,Q4,7329
1664,18929,407,156,63492,Q5,7330
9138,24018,54,39,2106,Q1,7331
5841,12244,122,85,10370,Q2,7332
7190,23018,272,43,11696,Q3,7333
7124,24818,150,122,18300,Q4,7334
1336,14925,241,1107,266787,Q5,7335
8732,17839,36,49,1764,Q1,7336
15897,21894,116,65,7540,Q2,7337
4527,14869,105,134,14070,Q3,7338
4048,18701,151,180,27180,Q4,7339
4491,22617,575,225,129375,Q5,7340
219,15047,328,12,3936,Q1,7341
6048,11940,165,46,7590,Q2,7342
19639,21133,125,117,14625,Q3,7343
15582,25316,160,122,19520,Q4,7344
24736,25340,130,330,42900,Q5,7345
13977,23780,98,45,4410,Q1,7346
7758,19554,153,61,9333,Q2,7347
4596,6466,170,101,17170,Q3,7348
22175,22648,89,355,31595,Q4,7349
2328,15092,187,278,51986,Q5,7350
20181,25028,24,80,1920,Q1,7351
5621,13038,146,67,9782,Q2,7352
237,24181,107,125,13375,Q3,7353
4584,22932,177,145,25665,Q4,7354
104,15007,124,280,34720,Q5,7355
12614,19972,25,107,2675,Q1,7356
1131,5092,94,94,8836,Q2,7357
10857,11455,165,86,14190,Q3,7358
890,18021,160,127,20320,Q4,7359
4265,13776,205,170,34850,Q5,7360
10311,15811,32,60,1920,Q1,7361
673,24600,205,42,8610,Q2,7362
3203,14099,144,123,17712,Q3,7363
11499,22231,226,129,29154,Q4,7364
4914,6249,278,252,70056,Q5,7365
10142,12958,46,21,966,Q1,7366
4836,17076,131,66,8646,Q2,7367
5489,13052,140,129,18060,Q3,7368
829,12489,286,65,18590,Q4,7369
4115,14931,618,195,120510,Q5,7370
13726,16396,32,86,2752,Q1,7371
14329,21885,85,110,9350,Q2,7372
6921,17796,87,139,12093,Q3,7373
11356,22248,94,339,31866,Q4,7374
3846,21750,276,253,69828,Q5,7375
1315,23090,87,37,3219,Q1,7376
9481,15036,69,88,6072,Q2,7377
10658,16350,70,191,13370,Q3,7378
10306,14337,130,243,31590,Q4,7379
3273,6657,526,339,178314,Q5,7380
17824,18032,43,34,1462,Q1,7381
2219,8008,104,91,9464,Q2,7382
13827,25497,247,64,15808,Q3,7383
9641,12249,200,119,23800,Q4,7384
2066,6122,174,779,135546,Q5,7385
222,1459,20,73,1460,Q1,7386
3652,12884,135,49,6615,Q2,7387
9887,14456,81,150,12150,Q3,7388
8032,9678,82,299,24518,Q4,7389
19743,22840,322,221,71162,Q5,7390
1088,21928,108,41,4428,Q1,7391
2195,19429,74,115,8510,Q2,7392
4799,16895,87,134,11658,Q3,7393
6063,7159,194,106,20564,Q4,7394
1466,15400,150,224,33600,Q5,7395
14226,20107,144,19,2736,Q1,7396
5330,14314,77,116,8932,Q2,7397
2029,12839,148,77,11396,Q3,7398
10198,12982,127,241,30607,Q4,7399
5570,15252,157,470,73790,Q5,7400
11981,17202,154,37,5698,Q1,7401
1931,12065,124,79,9796,Q2,7402
13370,20233,254,64,16256,Q3,7403
21985,24623,24,1268,30432,Q4,7404
777,11131,123,510,62730,Q5,7405
6399,22664,55,62,3410,Q1,7406
5637,17703,114,84,9576,Q2,7407
5051,15703,203,81,16443,Q3,7408
6404,10022,201,113,22713,Q4,7409
8004,17085,668,123,82164,Q5,7410
712,17531,34,98,3332,Q1,7411
9180,17223,132,47,6204,Q2,7412
4974,14658,157,90,14130,Q3,7413
6410,18450,235,135,31725,Q4,7414
18678,24115,190,219,41610,Q5,7415
17582,21980,33,92,3036,Q1,7416
7485,14847,138,55,7590,Q2,7417
21591,22024,84,154,12936,Q3,7418
21720,24148,387,73,28251,Q4,7419
8027,14926,192,278,53376,Q5,7420
22333,22374,35,87,3045,Q1,7421
9958,24836,133,80,10640,Q2,7422
17668,18484,61,207,12627,Q3,7423
2125,18109,306,104,31824,Q4,7424
2358,8013,145,267,38715,Q5,7425
7189,21892,80,45,3600,Q1,7426
7186,24997,171,50,8550,Q2,7427
10204,15587,92,141,12972,Q3,7428
14870,15672,165,181,29865,Q4,7429
7302,25083,420,99,41580,Q5,7430
3723,5282,77,54,4158,Q1,7431
9185,19738,119,75,8925,Q2,7432
7922,18534,90,147,13230,Q3,7433
9864,16330,154,214,32956,Q4,7434
3440,5765,85,495,42075,Q5,7435
11235,19552,32,124,3968,Q1,7436
9918,12389,72,99,7128,Q2,7437
4921,8977,53,228,12084,Q3,7438
17934,24033,95,319,30305,Q4,7439
3480,6731,314,377,118378,Q5,7440
12060,16143,81,49,3969,Q1,7441
9139,11509,325,29,9425,Q2,7442
4903,23722,120,102,12240,Q3,7443
4652,17805,154,193,29722,Q4,7444
1416,23403,231,245,56595,Q5,7445
3359,18955,33,133,4389,Q1,7446
16648,22408,111,85,9435,Q2,7447
13425,22439,180,71,12780,Q3,7448
13968,15036,235,88,20680,Q4,7449
11180,23915,279,155,43245,Q5,7450
7455,23825,28,35,980,Q1,7451
3424,15527,90,82,7380,Q2,7452
2084,23942,178,85,15130,Q3,7453
11401,18861,192,170,32640,Q4,7454
10897,12553,243,195,47385,Q5,7455
23920,24849,44,123,5412,Q1,7456
8941,13932,97,85,8245,Q2,7457
21185,24699,57,197,11229,Q3,7458
2092,20680,252,122,30744,Q4,7459
3433,16062,244,149,36356,Q5,7460
17502,23509,28,110,3080,Q1,7461
18751,23480,84,80,6720,Q2,7462
20843,23516,73,180,13140,Q3,7463
16784,24446,224,83,18592,Q4,7464
8447,24008,267,361,96387,Q5,7465
12256,15251,84,52,4368,Q1,7466
3823,7036,112,89,9968,Q2,7467
1870,20581,100,139,13900,Q3,7468
9296,15186,130,157,20410,Q4,7469
680,15294,410,146,59860,Q5,7470
4959,7225,81,56,4536,Q1,7471
13052,20098,129,55,7095,Q2,7472
2570,15643,177,83,14691,Q3,7473
869,13965,254,76,19304,Q4,7474
2254,16734,214,299,63986,Q5,7475
1732,11525,42,42,1764,Q1,7476
9701,17062,104,76,7904,Q2,7477
2445,3153,92,120,11040,Q3,7478
829,10008,286,93,26598,Q4,7479
13119,20974,339,163,55257,Q5,7480
11237,13658,28,117,3276,Q1,7481
1649,9247,19,360,6840,Q2,7482
8861,19110,63,198,12474,Q3,7483
3416,16079,296,87,25752,Q4,7484
9620,25285,137,249,34113,Q5,7485
2593,19385,14,63,882,Q1,7486
6046,20206,66,103,6798,Q2,7487
6854,18889,148,123,18204,Q3,7488
12071,15654,85,356,30260,Q4,7489
14362,15907,233,342,79686,Q5,7490
7324,19930,12,24,288,Q1,7491
4364,25432,93,84,7812,Q2,7492
14370,16409,97,114,11058,Q3,7493
13288,18930,114,284,32376,Q4,7494
9581,13099,124,391,48484,Q5,7495
11137,20966,64,64,4096,Q1,7496
1226,9661,34,301,10234,Q2,7497
2033,12785,63,230,14490,Q3,7498
4819,12206,254,80,20320,Q4,7499
2570,11158,177,252,44604,Q5,7500
6839,19863,32,96,3072,Q1,7501
17211,19615,84,80,6720,Q2,7502
8245,16628,121,127,15367,Q3,7503
1047,9000,353,60,21180,Q4,7504
10029,13901,137,804,110148,Q5,7505
6100,17903,82,56,4592,Q1,7506
17229,22532,99,71,7029,Q2,7507
7786,11092,143,93,13299,Q3,7508
18402,19443,291,67,19497,Q4,7509
8580,21736,390,208,81120,Q5,7510
4146,7985,133,30,3990,Q1,7511
849,8622,136,74,10064,Q2,7512
17134,21376,150,74,11100,Q3,7513
21441,23177,150,129,19350,Q4,7514
7302,25382,420,115,48300,Q5,7515
14261,17382,102,45,4590,Q1,7516
5588,6105,175,37,6475,Q2,7517
5751,21021,176,103,18128,Q3,7518
11806,18521,341,95,32395,Q4,7519
14529,14857,147,307,45129,Q5,7520
1480,3272,54,65,3510,Q1,7521
7941,21872,75,95,7125,Q2,7522
2805,21200,249,53,13197,Q3,7523
18593,24480,74,329,24346,Q4,7524
22343,24623,76,1268,96368,Q5,7525
8055,21231,38,37,1406,Q1,7526
2039,23478,71,105,7455,Q2,7527
8773,14913,139,93,12927,Q3,7528
19318,20586,251,100,25100,Q4,7529
3062,11165,260,448,116480,Q5,7530
10751,16341,25,71,1775,Q1,7531
2090,18803,56,119,6664,Q2,7532
9273,20529,205,77,15785,Q3,7533
8459,22329,304,82,24928,Q4,7534
11846,15430,490,163,79870,Q5,7535
13586,20701,49,93,4557,Q1,7536
17176,18457,75,136,10200,Q2,7537
8466,12622,62,217,13454,Q3,7538
3464,15175,146,219,31974,Q4,7539
20005,23177,540,129,69660,Q5,7540
10951,16856,62,76,4712,Q1,7541
5418,18011,120,81,9720,Q2,7542
12813,20876,63,220,13860,Q3,7543
11946,17943,357,85,30345,Q4,7544
754,9078,88,516,45408,Q5,7545
23129,23775,66,58,3828,Q1,7546
14707,22575,108,100,10800,Q2,7547
10133,20477,235,66,15510,Q3,7548
405,24464,103,205,21115,Q4,7549
823,1214,285,278,79230,Q5,7550
11665,18165,42,56,2352,Q1,7551
5726,17857,127,51,6477,Q2,7552
370,11676,96,170,16320,Q3,7553
14282,24700,127,156,19812,Q4,7554
6014,9485,79,1079,85241,Q5,7555
11049,18032,83,34,2822,Q1,7556
17383,18755,117,70,8190,Q2,7557
9113,9273,62,205,12710,Q3,7558
9451,12397,227,140,31780,Q4,7559
23690,24274,327,161,52647,Q5,7560
15014,17916,101,55,5555,Q1,7561
5888,16883,69,124,8556,Q2,7562
478,18745,140,103,14420,Q3,7563
4599,25507,145,207,30015,Q4,7564
4757,5833,227,357,81039,Q5,7565
3558,16738,38,59,2242,Q1,7566
5100,18773,106,93,9858,Q2,7567
18181,20144,180,67,12060,Q3,7568
5998,12922,88,298,26224,Q4,7569
1628,11707,368,101,37168,Q5,7570
16869,21289,24,122,2928,Q1,7571
16148,22408,126,85,10710,Q2,7572
16322,24627,99,116,11484,Q3,7573
3083,7168,112,228,25536,Q4,7574
906,18439,405,170,68850,Q5,7575
3343,20061,48,70,3360,Q1,7576
10989,23410,71,100,7100,Q2,7577
7642,13679,37,424,15688,Q3,7578
12596,18837,158,169,26702,Q4,7579
5827,12902,215,196,42140,Q5,7580
11690,22026,29,25,725,Q1,7581
1969,22026,260,25,6500,Q2,7582
8955,23529,139,100,13900,Q3,7583
8741,9020,66,359,23694,Q4,7584
3416,10591,296,146,43216,Q5,7585
4860,12874,77,56,4312,Q1,7586
441,9806,48,163,7824,Q2,7587
1761,20411,211,55,11605,Q3,7588
9804,11546,152,155,23560,Q4,7589
2923,19324,669,165,110385,Q5,7590
7982,12886,23,161,3703,Q1,7591
2626,24515,37,242,8954,Q2,7592
3887,10472,148,118,17464,Q3,7593
7014,18719,152,191,29032,Q4,7594
3181,20599,97,1563,151611,Q5,7595
6436,17973,17,36,612,Q1,7596
14646,22095,73,106,7738,Q2,7597
2532,15880,162,100,16200,Q3,7598
2248,10831,55,476,26180,Q4,7599
19026,24682,241,152,36632,Q5,7600
7841,11414,23,233,5359,Q1,7601
18967,18982,110,97,10670,Q2,7602
8335,17618,503,26,13078,Q3,7603
12063,18953,163,154,25102,Q4,7604
4376,11421,644,170,109480,Q5,7605
504,6301,51,78,3978,Q1,7606
8294,21368,75,139,10425,Q2,7607
15941,21336,203,78,15834,Q3,7608
2637,10470,160,131,20960,Q4,7609
18267,24065,132,288,38016,Q5,7610
2061,12945,48,74,3552,Q1,7611
22269,22546,75,90,6750,Q2,7612
9070,9700,278,60,16680,Q3,7613
8812,8911,232,82,19024,Q4,7614
12413,20429,1808,174,314592,Q5,7615
12705,13640,46,14,644,Q1,7616
19030,24208,114,72,8208,Q2,7617
356,2213,29,403,11687,Q3,7618
4659,9563,165,114,18810,Q4,7619
1861,14966,194,698,135412,Q5,7620
8299,18006,31,86,2666,Q1,7621
5038,15815,76,86,6536,Q2,7622
1700,21161,62,178,11036,Q3,7623
24780,24845,225,101,22725,Q4,7624
2818,23120,536,122,65392,Q5,7625
6775,7415,114,49,5586,Q1,7626
3638,24274,46,161,7406,Q2,7627
9734,12062,79,138,10902,Q3,7628
20608,24394,192,145,27840,Q4,7629
10361,25213,196,194,38024,Q5,7630
3484,13928,18,223,4014,Q1,7631
13229,13265,52,168,8736,Q2,7632
14476,18206,130,128,16640,Q3,7633
9638,10458,71,319,22649,Q4,7634
7833,18427,111,588,65268,Q5,7635
8578,13513,119,46,5474,Q1,7636
3090,18918,168,57,9576,Q2,7637
852,12045,452,25,11300,Q3,7638
20655,20981,196,120,23520,Q4,7639
320,1760,312,266,82992,Q5,7640
2899,4444,145,34,4930,Q1,7641
22573,24334,66,95,6270,Q2,7642
1024,3807,284,54,15336,Q3,7643
2926,18911,232,92,21344,Q4,7644
11792,17913,228,175,39900,Q5,7645
7809,19237,96,37,3552,Q1,7646
12319,25028,92,80,7360,Q2,7647
11639,15172,77,151,11627,Q3,7648
5016,11851,136,238,32368,Q4,7649
4521,11974,248,345,85560,Q5,7650
4105,5305,65,48,3120,Q1,7651
2705,4178,65,140,9100,Q2,7652
7859,22726,242,63,15246,Q3,7653
5441,8250,396,61,24156,Q4,7654
9220,22894,317,141,44697,Q5,7655
15540,17903,80,56,4480,Q1,7656
13242,13271,107,73,7811,Q2,7657
13221,15947,105,110,11550,Q3,7658
7900,15788,243,116,28188,Q4,7659
11823,22931,157,289,45373,Q5,7660
10599,23512,97,40,3880,Q1,7661
17583,24408,120,74,8880,Q2,7662
1013,22606,205,67,13735,Q3,7663
4252,18881,266,76,20216,Q4,7664
7822,19969,365,211,77015,Q5,7665
14302,22305,59,26,1534,Q1,7666
21657,23481,131,75,9825,Q2,7667
4850,20203,235,56,13160,Q3,7668
10444,15352,373,54,20142,Q4,7669
12709,20447,226,176,39776,Q5,7670
4322,18632,98,37,3626,Q1,7671
8085,23991,102,63,6426,Q2,7672
14231,23770,84,185,15540,Q3,7673
2771,12433,291,77,22407,Q4,7674
3548,23486,316,151,47716,Q5,7675
9744,13896,8,24,192,Q1,7676
8930,15384,148,66,9768,Q2,7677
13500,22057,112,103,11536,Q3,7678
8999,10359,267,73,19491,Q4,7679
4750,24120,355,312,110760,Q5,7680
20936,23468,63,50,3150,Q1,7681
3635,23774,71,93,6603,Q2,7682
8605,14475,53,218,11554,Q3,7683
134,1507,55,448,24640,Q4,7684
319,18763,456,293,133608,Q5,7685
9721,23271,56,106,5936,Q1,7686
8395,9981,54,153,8262,Q2,7687
1454,14174,350,49,17150,Q3,7688
9830,24644,160,115,18400,Q4,7689
7639,20827,321,167,53607,Q5,7690
5351,11231,27,12,324,Q1,7691
5167,7012,97,81,7857,Q2,7692
2476,22513,103,114,11742,Q3,7693
8549,13017,78,303,23634,Q4,7694
10670,13619,107,359,38413,Q5,7695
11287,23064,175,31,5425,Q1,7696
17187,18123,171,56,9576,Q2,7697
1557,6080,154,92,14168,Q3,7698
8485,14851,161,146,23506,Q4,7699
9293,19877,484,70,33880,Q5,7700
3687,24302,36,144,5184,Q1,7701
18815,23109,140,62,8680,Q2,7702
7927,24231,108,129,13932,Q3,7703
4978,17808,154,121,18634,Q4,7704
6585,16049,307,129,39603,Q5,7705
5094,6941,113,40,4520,Q1,7706
13431,20664,44,146,6424,Q2,7707
5019,15064,100,118,11800,Q3,7708
10438,18586,205,133,27265,Q4,7709
14401,15009,567,177,100359,Q5,7710
9611,22359,51,54,2754,Q1,7711
8697,17566,206,43,8858,Q2,7712
1843,22705,166,74,12284,Q3,7713
18571,22626,60,349,20940,Q4,7714
19068,21945,174,311,54114,Q5,7715
5096,10771,217,26,5642,Q1,7716
16266,23043,119,84,9996,Q2,7717
12766,24342,91,120,10920,Q3,7718
18860,22323,221,105,23205,Q4,7719
18700,19070,166,573,95118,Q5,7720
16274,19200,51,61,3111,Q1,7721
1961,5306,182,49,8918,Q2,7722
61,24629,118,119,14042,Q3,7723
11602,21911,130,219,28470,Q4,7724
4063,19606,151,294,44394,Q5,7725
6061,19568,95,43,4085,Q1,7726
7659,9979,110,70,7700,Q2,7727
3652,14598,135,108,14580,Q3,7728
14704,23295,251,115,28865,Q4,7729
8522,9301,82,753,61746,Q5,7730
8319,19981,95,45,4275,Q1,7731
1731,14398,99,63,6237,Q2,7732
8846,10466,59,230,13570,Q3,7733
12901,18088,195,122,23790,Q4,7734
17486,24835,124,317,39308,Q5,7735
9162,17142,62,63,3906,Q1,7736
4984,7180,97,70,6790,Q2,7737
6525,15725,93,151,14043,Q3,7738
10945,24378,201,163,32763,Q4,7739
1381,24153,524,71,37204,Q5,7740
6530,10898,25,61,1525,Q1,7741
7860,14437,80,102,8160,Q2,7742
16330,23872,214,69,14766,Q3,7743
810,25270,422,58,24476,Q4,7744
12788,23150,219,455,99645,Q5,7745
11589,19782,48,114,5472,Q1,7746
22780,23596,92,67,6164,Q2,7747
1342,1784,147,101,14847,Q3,7748
5081,24078,162,115,18630,Q4,7749
2075,5906,454,210,95340,Q5,7750
4980,16786,24,75,1800,Q1,7751
7796,24052,71,142,10082,Q2,7752
3171,22108,82,211,17302,Q3,7753
22326,23967,85,267,22695,Q4,7754
15461,20557,341,121,41261,Q5,7755
10007,21596,65,16,1040,Q1,7756
2386,12111,109,82,8938,Q2,7757
6909,8729,203,59,11977,Q3,7758
9108,21156,167,121,20207,Q4,7759
6901,23334,988,75,74100,Q5,7760
17296,21102,44,112,4928,Q1,7761
17132,24919,109,62,6758,Q2,7762
11219,18857,79,158,12482,Q3,7763
2177,19922,216,120,25920,Q4,7764
14409,21129,134,336,45024,Q5,7765
7381,7641,36,65,2340,Q1,7766
576,13580,89,80,7120,Q2,7767
8782,17537,126,100,12600,Q3,7768
8189,8531,128,209,26752,Q4,7769
2156,2887,818,435,355830,Q5,7770
16527,25428,45,120,5400,Q1,7771
10573,12571,79,82,6478,Q2,7772
1763,14392,140,130,18200,Q3,7773
1958,18978,108,307,33156,Q4,7774
2939,6068,135,269,36315,Q5,7775
2789,19885,41,71,2911,Q1,7776
15503,16500,80,88,7040,Q2,7777
4820,19911,294,55,16170,Q3,7778
13620,21030,143,162,23166,Q4,7779
6891,24820,300,354,106200,Q5,7780
5622,9945,72,64,4608,Q1,7781
14643,15240,93,113,10509,Q2,7782
19819,22345,171,106,18126,Q3,7783
10492,14191,151,180,27180,Q4,7784
3838,15903,232,246,57072,Q5,7785
12646,24925,32,137,4384,Q1,7786
366,9742,61,127,7747,Q2,7787
16552,16945,79,184,14536,Q3,7788
4320,18662,140,151,21140,Q4,7789
11445,19978,110,705,77550,Q5,7790
9138,18610,54,75,4050,Q1,7791
3964,17436,125,58,7250,Q2,7792
1991,2378,75,192,14400,Q3,7793
4533,5046,175,168,29400,Q4,7794
2280,3766,552,98,54096,Q5,7795
7433,23113,34,165,5610,Q1,7796
3894,17668,136,61,8296,Q2,7797
7701,12323,212,53,11236,Q3,7798
3104,18540,232,84,19488,Q4,7799
4287,15426,251,429,107679,Q5,7800
3599,19848,94,47,4418,Q1,7801
9402,16773,140,49,6860,Q2,7802
3229,12139,105,142,14910,Q3,7803
7009,9796,272,72,19584,Q4,7804
14714,18478,183,277,50691,Q5,7805
2099,25496,27,71,1917,Q1,7806
6709,15493,88,75,6600,Q2,7807
733,15242,108,124,13392,Q3,7808
12513,18333,336,55,18480,Q4,7809
3844,8999,539,267,143913,Q5,7810
1355,20893,35,91,3185,Q1,7811
20451,21161,58,178,10324,Q2,7812
777,18581,123,98,12054,Q3,7813
10896,21622,323,58,18734,Q4,7814
10856,21651,1509,221,333489,Q5,7815
15506,24477,66,27,1782,Q1,7816
12452,23167,68,125,8500,Q2,7817
16424,22914,52,238,12376,Q3,7818
6532,12689,421,53,22313,Q4,7819
2294,12800,190,225,42750,Q5,7820
3805,12521,57,58,3306,Q1,7821
7381,18931,36,221,7956,Q2,7822
16450,18361,43,293,12599,Q3,7823
150,21610,257,102,26214,Q4,7824
14912,17245,152,242,36784,Q5,7825
19354,20752,216,27,5832,Q1,7826
1430,8285,147,57,8379,Q2,7827
16716,21583,109,117,12753,Q3,7828
5819,9214,230,116,26680,Q4,7829
6628,12404,188,320,60160,Q5,7830
14419,17212,47,107,5029,Q1,7831
929,21566,94,111,10434,Q2,7832
10242,12461,120,111,13320,Q3,7833
4449,18204,97,193,18721,Q4,7834
22358,23392,301,197,59297,Q5,7835
6507,20352,110,27,2970,Q1,7836
4625,19603,102,100,10200,Q2,7837
8069,9650,72,247,17784,Q3,7838
10138,16740,228,126,28728,Q4,7839
3291,20703,648,111,71928,Q5,7840
12018,15027,52,72,3744,Q1,7841
7180,16289,70,153,10710,Q2,7842
3527,14035,53,264,13992,Q3,7843
13325,24920,377,78,29406,Q4,7844
1306,13293,203,249,50547,Q5,7845
169,16916,70,84,5880,Q1,7846
10287,20895,129,68,8772,Q2,7847
18702,20412,97,143,13871,Q3,7848
9454,22336,83,227,18841,Q4,7849
12821,17498,809,99,80091,Q5,7850
8341,17810,27,158,4266,Q1,7851
12190,14715,105,58,6090,Q2,7852
5606,22024,113,154,17402,Q3,7853
14325,19171,102,315,32130,Q4,7854
3391,4522,387,282,109134,Q5,7855
3557,21143,45,79,3555,Q1,7856
3918,19818,81,75,6075,Q2,7857
9260,11810,190,68,12920,Q3,7858
5034,10220,120,256,30720,Q4,7859
20972,25420,232,174,40368,Q5,7860
18417,20307,32,115,3680,Q1,7861
19711,24810,56,110,6160,Q2,7862
6329,24410,184,85,15640,Q3,7863
20988,22924,270,97,26190,Q4,7864
4569,6795,404,176,71104,Q5,7865
14380,24258,41,130,5330,Q1,7866
10293,18779,139,50,6950,Q2,7867
18924,24292,104,155,16120,Q3,7868
13671,24115,145,219,31755,Q4,7869
3559,17800,240,238,57120,Q5,7870
401,20633,45,130,5850,Q1,7871
2609,12516,173,46,7958,Q2,7872
10715,22109,188,95,17860,Q3,7873
22428,22869,63,445,28035,Q4,7874
2089,16363,217,207,44919,Q5,7875
9425,25446,62,80,4960,Q1,7876
7931,20524,64,100,6400,Q2,7877
14171,19985,121,93,11253,Q3,7878
6336,23545,376,55,20680,Q4,7879
17242,24340,111,590,65490,Q5,7880
2085,9511,64,59,3776,Q1,7881
156,15946,153,44,6732,Q2,7882
12717,24825,92,188,17296,Q3,7883
700,14638,202,97,19594,Q4,7884
11685,22538,230,264,60720,Q5,7885
13,13491,48,59,2832,Q1,7886
19831,20578,88,85,7480,Q2,7887
1850,15763,114,104,11856,Q3,7888
6153,10407,240,102,24480,Q4,7889
4343,13652,322,190,61180,Q5,7890
7595,8705,3,219,657,Q1,7891
10089,25415,48,183,8784,Q2,7892
8345,20933,194,73,14162,Q3,7893
7009,14373,272,109,29648,Q4,7894
1043,5067,349,536,187064,Q5,7895
6878,15029,19,103,1957,Q1,7896
534,14017,204,41,8364,Q2,7897
1431,19329,132,112,14784,Q3,7898
325,21216,228,94,21432,Q4,7899
8713,18942,176,256,45056,Q5,7900
5269,17734,93,46,4278,Q1,7901
76,1323,223,34,7582,Q2,7902
2299,23948,129,116,14964,Q3,7903
11829,12621,139,170,23630,Q4,7904
11453,18696,901,85,76585,Q5,7905
1455,6919,119,30,3570,Q1,7906
20102,20207,149,64,9536,Q2,7907
14208,15714,109,118,12862,Q3,7908
18695,20282,274,118,32332,Q4,7909
13243,23509,366,110,40260,Q5,7910
11235,11799,32,113,3616,Q1,7911
4598,10322,75,93,6975,Q2,7912
15814,22134,48,234,11232,Q3,7913
6405,25311,161,189,30429,Q4,7914
3005,7255,163,207,33741,Q5,7915
12965,19933,81,44,3564,Q1,7916
21944,25413,34,261,8874,Q2,7917
2180,13400,83,135,11205,Q3,7918
15765,19315,98,212,20776,Q4,7919
9554,20966,2367,64,151488,Q5,7920
1002,18046,111,50,5550,Q1,7921
19941,25446,135,80,10800,Q2,7922
8377,10405,91,120,10920,Q3,7923
14522,15058,514,59,30326,Q4,7924
15729,18659,186,387,71982,Q5,7925
8985,11900,175,17,2975,Q1,7926
18383,22152,381,23,8763,Q2,7927
4966,7925,82,195,15990,Q3,7928
10338,20429,174,174,30276,Q4,7929
21092,25102,168,334,56112,Q5,7930
3378,16387,99,49,4851,Q1,7931
16344,20184,48,181,8688,Q2,7932
11742,15050,318,39,12402,Q3,7933
24240,24503,161,115,18515,Q4,7934
7328,15420,172,200,34400,Q5,7935
10290,24450,69,70,4830,Q1,7936
5241,12043,242,30,7260,Q2,7937
691,19674,87,193,16791,Q3,7938
9464,17980,238,96,22848,Q4,7939
281,11075,289,145,41905,Q5,7940
17769,17822,118,10,1180,Q1,7941
17330,18110,84,75,6300,Q2,7942
16489,17488,143,117,16731,Q3,7943
593,21422,101,221,22321,Q4,7944
1936,2002,262,149,39038,Q5,7945
23447,24801,55,91,5005,Q1,7946
670,17775,93,94,8742,Q2,7947
7662,23226,123,95,11685,Q3,7948
692,1678,141,184,25944,Q4,7949
9651,16842,591,102,60282,Q5,7950
5878,25194,73,52,3796,Q1,7951
2873,23759,70,120,8400,Q2,7952
18851,21315,158,94,14852,Q3,7953
99,3619,231,108,24948,Q4,7954
6577,16035,155,271,42005,Q5,7955
7041,23511,117,40,4680,Q1,7956
6101,17958,60,141,8460,Q2,7957
9962,16653,91,130,11830,Q3,7958
4251,24495,132,185,24420,Q4,7959
2213,14553,403,110,44330,Q5,7960
3205,8942,32,58,1856,Q1,7961
11428,24070,95,111,10545,Q2,7962
8634,20745,195,59,11505,Q3,7963
5381,25206,89,263,23407,Q4,7964
4549,22035,390,168,65520,Q5,7965
17565,25112,75,57,4275,Q1,7966
5660,20502,123,56,6888,Q2,7967
18439,24855,170,93,15810,Q3,7968
1838,4097,131,140,18340,Q4,7969
20640,21526,309,109,33681,Q5,7970
20567,21180,66,75,4950,Q1,7971
4634,23888,86,75,6450,Q2,7972
3748,16672,188,93,17484,Q3,7973
4076,4612,136,184,25024,Q4,7974
8502,24940,329,102,33558,Q5,7975
29,20559,77,62,4774,Q1,7976
10270,21117,69,107,7383,Q2,7977
11528,20240,48,250,12000,Q3,7978
11165,25345,448,74,33152,Q4,7979
3457,10363,288,214,61632,Q5,7980
2605,19289,21,150,3150,Q1,7981
11802,22545,142,59,8378,Q2,7982
11427,12799,179,71,12709,Q3,7983
14237,18205,165,124,20460,Q4,7984
11897,16838,334,103,34402,Q5,7985
8484,11588,103,43,4429,Q1,7986
8917,14418,484,21,10164,Q2,7987
17470,23550,117,135,15795,Q3,7988
8686,11921,137,159,21783,Q4,7989
11825,24649,177,283,50091,Q5,7990
5305,20139,48,37,1776,Q1,7991
4635,15707,86,110,9460,Q2,7992
4341,23308,142,78,11076,Q3,7993
10415,20840,211,100,21100,Q4,7994
13787,13925,267,321,85707,Q5,7995
6418,21047,115,34,3910,Q1,7996
3154,17048,100,73,7300,Q2,7997
2021,25229,87,154,13398,Q3,7998
626,15973,106,187,19822,Q4,7999
1604,8416,407,107,43549,Q5,8000
10927,22305,203,26,5278,Q1,8001
6447,13023,159,62,9858,Q2,8002
21335,21466,107,114,12198,Q3,8003
13660,23205,200,95,19000,Q4,8004
3551,15137,188,218,40984,Q5,8005
977,22712,42,73,3066,Q1,8006
1767,20954,70,89,6230,Q2,8007
11004,13549,156,88,13728,Q3,8008
2893,3997,106,288,30528,Q4,8009
786,18247,256,190,48640,Q5,8010
9265,11726,43,88,3784,Q1,8011
5030,14296,94,81,7614,Q2,8012
9307,24773,129,125,16125,Q3,8013
983,16053,225,87,19575,Q4,8014
7141,12701,189,192,36288,Q5,8015
8798,18314,31,124,3844,Q1,8016
20106,23455,118,60,7080,Q2,8017
6649,22559,382,41,15662,Q3,8018
11050,17637,247,76,18772,Q4,8019
437,16355,245,140,34300,Q5,8020
7243,22110,31,78,2418,Q1,8021
18316,20542,172,53,9116,Q2,8022
6857,18544,159,101,16059,Q3,8023
11526,23467,121,240,29040,Q4,8024
9547,18053,466,152,70832,Q5,8025
12164,19282,32,93,2976,Q1,8026
8487,9373,38,195,7410,Q2,8027
9795,21341,127,99,12573,Q3,8028
7833,17676,111,277,30747,Q4,8029
1575,5294,210,182,38220,Q5,8030
12067,21413,100,47,4700,Q1,8031
737,16405,239,37,8843,Q2,8032
2386,15830,109,108,11772,Q3,8033
11579,18674,31,600,18600,Q4,8034
13887,24984,535,87,46545,Q5,8035
5692,25155,60,57,3420,Q1,8036
3575,23225,82,110,9020,Q2,8037
2274,23587,152,86,13072,Q3,8038
14486,18052,150,154,23100,Q4,8039
9663,15764,207,181,37467,Q5,8040
7951,17307,81,49,3969,Q1,8041
18346,21578,92,97,8924,Q2,8042
12407,23592,149,119,17731,Q3,8043
9641,11741,200,103,20600,Q4,8044
3752,17699,130,286,37180,Q5,8045
9815,18138,32,62,1984,Q1,8046
14236,22889,120,70,8400,Q2,8047
6407,21949,111,144,15984,Q3,8048
6979,12214,203,139,28217,Q4,8049
7639,9081,321,187,60027,Q5,8050
20936,23187,63,90,5670,Q1,8051
6130,11653,68,96,6528,Q2,8052
10825,11217,139,113,15707,Q3,8053
11374,19463,227,124,28148,Q4,8054
6599,19437,55,805,44275,Q5,8055
8277,12008,43,42,1806,Q1,8056
15428,23458,173,40,6920,Q2,8057
584,2872,155,74,11470,Q3,8058
2162,16322,291,99,28809,Q4,8059
9178,22284,177,208,36816,Q5,8060
9705,16388,25,46,1150,Q1,8061
12976,23569,74,104,7696,Q2,8062
6648,7669,114,114,12996,Q3,8063
7149,23008,129,148,19092,Q4,8064
14266,24054,312,190,59280,Q5,8065
7814,21681,61,93,5673,Q1,8066
6769,8637,84,75,6300,Q2,8067
1456,25158,190,91,17290,Q3,8068
15101,22833,100,207,20700,Q4,8069
19836,24991,88,494,43472,Q5,8070
2370,13489,54,64,3456,Q1,8071
18042,23701,100,97,9700,Q2,8072
11919,22676,272,45,12240,Q3,8073
10600,21414,125,175,21875,Q4,8074
359,1972,263,323,84949,Q5,8075
12464,15627,45,85,3825,Q1,8076
5759,16608,37,169,6253,Q2,8077
6505,12732,218,76,16568,Q3,8078
9558,19602,270,113,30510,Q4,8079
13947,14376,331,124,41044,Q5,8080
20590,22087,71,70,4970,Q1,8081
21745,25100,86,102,8772,Q2,8082
3750,4863,92,119,10948,Q3,8083
15428,22689,173,143,24739,Q4,8084
865,8611,204,247,50388,Q5,8085
4322,17256,98,34,3332,Q1,8086
9194,22035,57,168,9576,Q2,8087
1141,15071,59,235,13865,Q3,8088
1353,22815,118,239,28202,Q4,8089
11057,14342,269,1277,343513,Q5,8090
22427,22690,39,103,4017,Q1,8091
17645,20905,121,53,6413,Q2,8092
9396,18432,90,179,16110,Q3,8093
7365,10404,104,184,19136,Q4,8094
9613,25227,382,142,54244,Q5,8095
195,8304,71,80,5680,Q1,8096
7177,23068,116,83,9628,Q2,8097
1311,5780,356,48,17088,Q3,8098
4079,7852,154,132,20328,Q4,8099
3874,22445,737,118,86966,Q5,8100
22051,24698,65,70,4550,Q1,8101
18183,22564,110,95,10450,Q2,8102
157,6947,191,71,13561,Q3,8103
9825,17498,249,99,24651,Q4,8104
3156,7046,177,327,57879,Q5,8105
16830,17076,82,66,5412,Q1,8106
24191,25528,48,146,7008,Q2,8107
3113,21628,116,132,15312,Q3,8108
16614,20756,249,125,31125,Q4,8109
6316,24832,633,85,53805,Q5,8110
10915,24069,45,113,5085,Q1,8111
13212,21752,74,95,7030,Q2,8112
10049,11316,85,129,10965,Q3,8113
3223,22092,84,319,26796,Q4,8114
4493,16328,306,134,41004,Q5,8115
5791,23659,205,26,5330,Q1,8116
1774,7995,110,96,10560,Q2,8117
447,25295,167,84,14028,Q3,8118
9167,15090,84,259,21756,Q4,8119
598,15480,161,279,44919,Q5,8120
15034,15565,199,18,3582,Q1,8121
933,1606,93,103,9579,Q2,8122
10518,22114,134,110,14740,Q3,8123
13018,21385,361,74,26714,Q4,8124
4374,7688,1212,126,152712,Q5,8125
12151,14102,74,69,5106,Q1,8126
5391,21154,103,91,9373,Q2,8127
8465,22538,45,264,11880,Q3,8128
18158,21998,117,270,31590,Q4,8129
9260,17995,190,332,63080,Q5,8130
3445,22477,66,25,1650,Q1,8131
11985,12484,280,26,7280,Q2,8132
4593,18206,122,128,15616,Q3,8133
8066,20414,219,124,27156,Q4,8134
8064,15755,318,196,62328,Q5,8135
10622,20223,75,61,4575,Q1,8136
9906,10647,55,126,6930,Q2,8137
1612,14767,77,190,14630,Q3,8138
469,17396,183,100,18300,Q4,8139
1145,14946,508,116,58928,Q5,8140
6750,7615,72,55,3960,Q1,8141
7028,23153,169,49,8281,Q2,8142
8513,25256,59,186,10974,Q3,8143
1650,18235,195,105,20475,Q4,8144
1112,9027,258,823,212334,Q5,8145
2219,22588,104,34,3536,Q1,8146
24280,25458,55,142,7810,Q2,8147
10478,21765,362,43,15566,Q3,8148
8703,24001,134,184,24656,Q4,8149
22314,22665,249,154,38346,Q5,8150
22371,22801,50,68,3400,Q1,8151
8521,11788,70,97,6790,Q2,8152
856,4186,130,120,15600,Q3,8153
3916,18251,120,163,19560,Q4,8154
6545,24488,302,111,33522,Q5,8155
6432,19720,29,87,2523,Q1,8156
20189,22284,48,208,9984,Q2,8157
11932,17993,425,41,17425,Q3,8158
9976,19340,122,157,19154,Q4,8159
4629,14084,249,223,55527,Q5,8160
7242,21176,45,98,4410,Q1,8161
6065,10069,124,61,7564,Q2,8162
12991,21186,170,70,11900,Q3,8163
5199,20875,382,61,23302,Q4,8164
10732,12495,238,276,65688,Q5,8165
294,18566,42,48,2016,Q1,8166
3201,23953,38,265,10070,Q2,8167
19285,22783,128,99,12672,Q3,8168
10489,25299,217,111,24087,Q4,8169
6636,24700,500,156,78000,Q5,8170
1644,11731,84,47,3948,Q1,8171
3412,23969,362,23,8326,Q2,8172
5773,17222,145,92,13340,Q3,8173
913,3163,224,128,28672,Q4,8174
5958,14126,165,235,38775,Q5,8175
17189,21251,88,62,5456,Q1,8176
12474,13880,50,141,7050,Q2,8177
16625,18727,125,114,14250,Q3,8178
2517,3799,136,173,23528,Q4,8179
2305,17168,197,460,90620,Q5,8180
11011,24280,40,55,2200,Q1,8181
18190,18886,128,79,10112,Q2,8182
4823,6676,77,215,16555,Q3,8183
9278,12909,90,305,27450,Q4,8184
216,14185,458,157,71906,Q5,8185
16833,24036,123,33,4059,Q1,8186
4619,19405,92,78,7176,Q2,8187
23136,24542,43,326,14018,Q3,8188
4724,19324,154,165,25410,Q4,8189
4376,5905,644,194,124936,Q5,8190
9798,15119,34,90,3060,Q1,8191
10381,12507,208,40,8320,Q2,8192
11547,20892,77,174,13398,Q3,8193
15552,15805,123,198,24354,Q4,8194
2787,3059,644,90,57960,Q5,8195
8286,12618,70,64,4480,Q1,8196
21909,22221,76,90,6840,Q2,8197
14708,15656,251,65,16315,Q3,8198
5420,20113,244,120,29280,Q4,8199
14534,24708,368,186,68448,Q5,8200
12101,23750,40,78,3120,Q1,8201
2151,23554,65,116,7540,Q2,8202
7498,15783,58,196,11368,Q3,8203
11878,18017,322,72,23184,Q4,8204
20517,22139,90,392,35280,Q5,8205
6499,7380,86,50,4300,Q1,8206
19016,19972,60,107,6420,Q2,8207
14266,22456,312,45,14040,Q3,8208
7850,21506,142,135,19170,Q4,8209
10791,14492,137,575,78775,Q5,8210
80,7078,281,15,4215,Q1,8211
8260,24557,113,68,7684,Q2,8212
10267,14473,126,94,11844,Q3,8213
10388,11087,146,125,18250,Q4,8214
13099,24213,391,237,92667,Q5,8215
120,4571,24,163,3912,Q1,8216
14429,22305,324,26,8424,Q2,8217
21812,23435,82,216,17712,Q3,8218
1643,8990,206,144,29664,Q4,8219
4376,11672,644,96,61824,Q5,8220
4322,16979,98,44,4312,Q1,8221
14594,24663,316,31,9796,Q2,8222
1728,14933,114,141,16074,Q3,8223
1902,11381,43,605,26015,Q4,8224
21508,24689,164,236,38704,Q5,8225
23118,23251,52,41,2132,Q1,8226
4468,12226,99,77,7623,Q2,8227
2763,24868,123,115,14145,Q3,8228
9686,10008,208,93,19344,Q4,8229
7285,19361,267,297,79299,Q5,8230
3555,9556,70,29,2030,Q1,8231
770,17442,152,69,10488,Q2,8232
673,6999,205,57,11685,Q3,8233
5490,12855,153,120,18360,Q4,8234
3335,10409,260,140,36400,Q5,8235
14949,16647,75,72,5400,Q1,8236
4661,17173,149,56,8344,Q2,8237
3517,13962,146,86,12556,Q3,8238
6065,13711,124,225,27900,Q4,8239
2373,20605,200,360,72000,Q5,8240
22074,25218,116,48,5568,Q1,8241
22064,23560,80,84,6720,Q2,8242
1911,9081,84,187,15708,Q3,8243
5468,10356,134,146,19564,Q4,8244
14004,16948,197,175,34475,Q5,8245
20098,21605,55,74,4070,Q1,8246
12218,22444,54,146,7884,Q2,8247
1855,8174,79,145,11455,Q3,8248
16799,21379,436,73,31828,Q4,8249
1053,4748,177,226,40002,Q5,8250
2936,6970,161,15,2415,Q1,8251
9449,10727,261,29,7569,Q2,8252
6520,24030,92,189,17388,Q3,8253
2535,4405,123,189,23247,Q4,8254
5431,5703,539,178,95942,Q5,8255
17015,22023,199,30,5970,Q1,8256
7484,9565,67,119,7973,Q2,8257
4434,15806,156,91,14196,Q3,8258
3252,8784,203,145,29435,Q4,8259
6857,23464,159,388,61692,Q5,8260
9289,13364,32,120,3840,Q1,8261
13426,16241,114,72,8208,Q2,8262
10371,10786,155,80,12400,Q3,8263
19186,24555,97,214,20758,Q4,8264
15122,21910,288,202,58176,Q5,8265
16388,24852,46,67,3082,Q1,8266
6381,7764,118,84,9912,Q2,8267
685,20089,133,101,13433,Q3,8268
2081,24961,241,100,24100,Q4,8269
15022,16129,299,415,124085,Q5,8270
17290,19029,62,74,4588,Q1,8271
11246,13158,81,117,9477,Q2,8272
6870,20539,116,131,15196,Q3,8273
17079,19258,94,200,18800,Q4,8274
2609,14824,173,317,54841,Q5,8275
13351,19563,44,104,4576,Q1,8276
635,17306,170,45,7650,Q2,8277
22687,24323,196,60,11760,Q3,8278
7364,13256,116,185,21460,Q4,8279
7784,15212,334,117,39078,Q5,8280
6876,12741,55,53,2915,Q1,8281
199,9325,171,45,7695,Q2,8282
964,25045,137,108,14796,Q3,8283
6053,16864,155,130,20150,Q4,8284
8853,22253,586,129,75594,Q5,8285
5295,9618,161,35,5635,Q1,8286
8434,14726,39,192,7488,Q2,8287
12763,20244,161,77,12397,Q3,8288
14620,15249,76,334,25384,Q4,8289
17931,18439,870,170,147900,Q5,8290
1602,9261,32,145,4640,Q1,8291
17513,20161,98,92,9016,Q2,8292
793,12465,95,146,13870,Q3,8293
6117,12429,117,200,23400,Q4,8294
11300,19358,454,136,61744,Q5,8295
5540,22980,44,86,3784,Q1,8296
18276,19443,160,67,10720,Q2,8297
4968,21654,96,158,15168,Q3,8298
8208,12298,125,190,23750,Q4,8299
5538,9284,288,159,45792,Q5,8300
4771,8406,55,103,5665,Q1,8301
4623,15495,84,94,7896,Q2,8302
1069,24346,175,67,11725,Q3,8303
10213,12072,152,154,23408,Q4,8304
6860,18469,179,416,74464,Q5,8305
7646,22520,63,65,4095,Q1,8306
15384,23789,66,131,8646,Q2,8307
1458,20492,107,141,15087,Q3,8308
15760,25275,156,206,32136,Q4,8309
16758,24139,77,514,39578,Q5,8310
5244,13351,58,44,2552,Q1,8311
665,5569,126,57,7182,Q2,8312
2783,10342,67,194,12998,Q3,8313
7294,18803,205,119,24395,Q4,8314
158,12231,377,110,41470,Q5,8315
14111,21071,104,52,5408,Q1,8316
12142,24842,73,129,9417,Q2,8317
8919,10525,190,85,16150,Q3,8318
2210,24857,305,74,22570,Q4,8319
9443,23663,235,171,40185,Q5,8320
6876,17336,55,49,2695,Q1,8321
10511,15246,78,112,8736,Q2,8322
1426,8400,169,107,18083,Q3,8323
20707,21763,114,210,23940,Q4,8324
5725,13805,102,521,53142,Q5,8325
7693,11081,50,37,1850,Q1,8326
10532,25456,142,44,6248,Q2,8327
16908,23416,100,160,16000,Q3,8328
10591,19452,146,207,30222,Q4,8329
4021,20918,186,281,52266,Q5,8330
20455,23271,51,106,5406,Q1,8331
2113,6133,311,20,6220,Q2,8332
14131,20221,184,64,11776,Q3,8333
13497,22272,130,187,24310,Q4,8334
781,25192,404,104,42016,Q5,8335
2614,21663,62,85,5270,Q1,8336
4989,23451,174,38,6612,Q2,8337
4852,14976,97,129,12513,Q3,8338
7513,10097,136,156,21216,Q4,8339
11193,22677,165,334,55110,Q5,8340
7518,12793,39,129,5031,Q1,8341
9848,16920,75,107,8025,Q2,8342
3541,25328,194,66,12804,Q3,8343
3977,22313,140,178,24920,Q4,8344
9515,21756,474,81,38394,Q5,8345
9507,23353,58,89,5162,Q1,8346
5475,11094,43,144,6192,Q2,8347
21935,24279,237,50,11850,Q3,8348
9803,25039,72,347,24984,Q4,8349
7560,23221,227,316,71732,Q5,8350
10965,25006,63,95,5985,Q1,8351
50,20716,74,88,6512,Q2,8352
422,17567,94,132,12408,Q3,8353
19008,21690,138,147,20286,Q4,8354
21829,25095,384,147,56448,Q5,8355
7829,19360,22,74,1628,Q1,8356
9017,23395,128,60,7680,Q2,8357
4984,17953,97,133,12901,Q3,8358
4922,18313,106,238,25228,Q4,8359
5216,7323,180,294,52920,Q5,8360
20958,21293,76,68,5168,Q1,8361
7820,13128,88,122,10736,Q2,8362
1953,12378,227,74,16798,Q3,8363
10695,14319,60,427,25620,Q4,8364
13989,22306,675,141,95175,Q5,8365
7262,17921,22,39,858,Q1,8366
8760,13043,109,65,7085,Q2,8367
4325,19254,93,193,17949,Q3,8368
17654,17995,87,332,28884,Q4,8369
1613,4556,237,395,93615,Q5,8370
9214,21557,116,45,5220,Q1,8371
7895,23837,65,121,7865,Q2,8372
4410,6038,107,159,17013,Q3,8373
12385,14036,136,177,24072,Q4,8374
17806,24398,126,274,34524,Q5,8375
22339,22432,136,38,5168,Q1,8376
7764,17855,84,79,6636,Q2,8377
9498,11361,75,149,11175,Q3,8378
14572,21204,106,212,22472,Q4,8379
1541,4828,155,221,34255,Q5,8380
16803,23338,38,102,3876,Q1,8381
8366,11536,43,217,9331,Q2,8382
14665,22806,124,88,10912,Q3,8383
2858,10794,373,71,26483,Q4,8384
14311,21236,587,126,73962,Q5,8385
11211,14871,115,21,2415,Q1,8386
1830,14166,52,173,8996,Q2,8387
3392,21325,232,50,11600,Q3,8388
3164,5841,177,122,21594,Q4,8389
2509,17747,296,136,40256,Q5,8390
10463,23553,79,57,4503,Q1,8391
17810,21915,158,65,10270,Q2,8392
4211,16163,109,102,11118,Q3,8393
9975,11057,97,269,26093,Q4,8394
4147,7530,104,697,72488,Q5,8395
128,16856,60,76,4560,Q1,8396
6721,10863,137,71,9727,Q2,8397
3366,6977,89,147,13083,Q3,8398
2694,20188,241,122,29402,Q4,8399
7800,9810,155,254,39370,Q5,8400
11734,22152,237,23,5451,Q1,8401
5970,23424,41,245,10045,Q2,8402
17911,21098,180,95,17100,Q3,8403
3270,25219,199,122,24278,Q4,8404
3715,16022,241,225,54225,Q5,8405
5222,15524,48,95,4560,Q1,8406
12720,22532,107,71,7597,Q2,8407
2169,8679,122,105,12810,Q3,8408
9512,12711,239,83,19837,Q4,8409
2887,6893,435,171,74385,Q5,8410
16179,17166,28,19,532,Q1,8411
18666,23277,127,52,6604,Q2,8412
9117,25347,124,102,12648,Q3,8413
20740,21451,126,181,22806,Q4,8414
17968,18402,192,291,55872,Q5,8415
18336,20391,38,74,2812,Q1,8416
12622,15861,217,43,9331,Q2,8417
6846,7045,32,354,11328,Q3,8418
21668,22189,105,204,21420,Q4,8419
680,14713,410,172,70520,Q5,8420
16538,24141,39,124,4836,Q1,8421
2329,15943,91,104,9464,Q2,8422
6408,6484,82,205,16810,Q3,8423
9818,23576,109,280,30520,Q4,8424
4432,14876,374,291,108834,Q5,8425
8843,24312,154,28,4312,Q1,8426
242,17800,41,238,9758,Q2,8427
6960,9721,204,56,11424,Q3,8428
1824,9940,178,130,23140,Q4,8429
12680,15127,306,202,61812,Q5,8430
3326,17365,27,145,3915,Q1,8431
16453,23771,101,80,8080,Q2,8432
264,3436,171,78,13338,Q3,8433
8903,18196,200,104,20800,Q4,8434
3546,20987,508,104,52832,Q5,8435
1733,23621,96,60,5760,Q1,8436
3715,8241,241,28,6748,Q2,8437
2184,14592,184,87,16008,Q3,8438
8843,20810,154,122,18788,Q4,8439
604,13923,155,341,52855,Q5,8440
15220,20451,55,58,3190,Q1,8441
16201,22210,118,65,7670,Q2,8442
6426,21880,222,50,11100,Q3,8443
2415,18649,297,108,32076,Q4,8444
10219,13462,296,114,33744,Q5,8445
7409,24974,36,24,864,Q1,8446
10705,13670,52,188,9776,Q2,8447
12929,19468,97,119,11543,Q3,8448
6048,25530,165,133,21945,Q4,8449
2779,23422,145,301,43645,Q5,8450
528,8355,176,29,5104,Q1,8451
19864,25280,122,86,10492,Q2,8452
1376,16043,168,96,16128,Q3,8453
1758,8997,112,228,25536,Q4,8454
781,13731,404,331,133724,Q5,8455
9507,20470,58,70,4060,Q1,8456
14192,23859,74,90,6660,Q2,8457
819,13120,88,175,15400,Q3,8458
13827,16594,247,114,28158,Q4,8459
4279,4788,519,152,78888,Q5,8460
23307,24603,52,109,5668,Q1,8461
6886,19040,85,75,6375,Q2,8462
7564,9388,153,117,17901,Q3,8463
8292,19455,77,315,24255,Q4,8464
1772,11281,246,456,112176,Q5,8465
4547,7966,71,59,4189,Q1,8466
362,21985,386,24,9264,Q2,8467
8209,21678,98,167,16366,Q3,8468
9108,17131,167,117,19539,Q4,8469
148,19289,310,150,46500,Q5,8470
4636,23221,6,316,1896,Q1,8471
3821,4418,142,54,7668,Q2,8472
6107,20365,201,73,14673,Q3,8473
1662,5386,254,105,26670,Q4,8474
5750,11065,426,164,69864,Q5,8475
12832,14305,77,39,3003,Q1,8476
12247,17172,113,92,10396,Q2,8477
349,19952,178,63,11214,Q3,8478
22508,25151,169,169,28561,Q4,8479
17938,21513,1209,134,162006,Q5,8480
5868,17174,65,60,3900,Q1,8481
3878,22539,79,110,8690,Q2,8482
2576,8805,121,106,12826,Q3,8483
4293,10647,205,126,25830,Q4,8484
1294,18583,654,176,115104,Q5,8485
21327,24230,45,105,4725,Q1,8486
5911,17055,165,58,9570,Q2,8487
4527,19236,105,106,11130,Q3,8488
688,24878,111,184,20424,Q4,8489
9544,22203,224,282,63168,Q5,8490
3213,25227,25,142,3550,Q1,8491
441,9594,48,127,6096,Q2,8492
21761,22938,199,66,13134,Q3,8493
8515,14069,132,152,20064,Q4,8494
8698,15712,978,38,37164,Q5,8495
11941,22327,31,146,4526,Q1,8496
16940,21584,120,53,6360,Q2,8497
14023,23555,149,80,11920,Q3,8498
720,19540,344,56,19264,Q4,8499
987,20737,307,130,39910,Q5,8500
12326,17105,18,113,2034,Q1,8501
5415,6794,54,122,6588,Q2,8502
6238,8065,157,85,13345,Q3,8503
2867,7349,237,112,26544,Q4,8504
731,19489,317,306,97002,Q5,8505
3720,4306,70,75,5250,Q1,8506
975,19349,45,191,8595,Q2,8507
14597,21418,125,118,14750,Q3,8508
11374,16998,227,105,23835,Q4,8509
11544,15789,225,156,35100,Q5,8510
4105,6951,65,89,5785,Q1,8511
11644,19625,115,68,7820,Q2,8512
14621,15563,191,65,12415,Q3,8513
2811,20357,470,53,24910,Q4,8514
2846,24462,519,110,57090,Q5,8515
9492,13514,76,67,5092,Q1,8516
10379,10940,107,64,6848,Q2,8517
9611,24913,51,237,12087,Q3,8518
15067,19320,150,151,22650,Q4,8519
1579,7578,496,104,51584,Q5,8520
8339,17004,30,49,1470,Q1,8521
11877,14951,41,153,6273,Q2,8522
11603,21854,141,95,13395,Q3,8523
19171,25006,315,95,29925,Q4,8524
11550,13809,238,180,42840,Q5,8525
11634,12052,69,76,5244,Q1,8526
64,3814,31,208,6448,Q2,8527
713,14692,168,70,11760,Q3,8528
9183,25213,101,194,19594,Q4,8529
5401,7337,85,431,36635,Q5,8530
11428,21660,95,27,2565,Q1,8531
8022,22114,83,110,9130,Q2,8532
5650,7435,492,25,12300,Q3,8533
407,13452,537,38,20406,Q4,8534
6254,15486,321,344,110424,Q5,8535
14862,20176,72,63,4536,Q1,8536
7520,21910,41,202,8282,Q2,8537
5527,8956,169,78,13182,Q3,8538
8550,20495,193,99,19107,Q4,8539
8189,21672,128,274,35072,Q5,8540
4046,17959,59,77,4543,Q1,8541
9406,11214,58,167,9686,Q2,8542
5496,8566,338,52,17576,Q3,8543
6757,21625,135,156,21060,Q4,8544
6584,10465,295,154,45430,Q5,8545
18791,24959,55,73,4015,Q1,8546
10530,18071,320,21,6720,Q2,8547
8067,8270,159,111,17649,Q3,8548
6949,17248,180,141,25380,Q4,8549
1231,3976,596,166,98936,Q5,8550
1238,10173,61,74,4514,Q1,8551
10756,15230,64,117,7488,Q2,8552
819,21010,88,129,11352,Q3,8553
9284,22354,159,126,20034,Q4,8554
941,17225,469,282,132258,Q5,8555
427,22503,33,145,4785,Q1,8556
9193,17725,55,169,9295,Q2,8557
11134,16465,182,99,18018,Q3,8558
410,17389,155,131,20305,Q4,8559
24174,24700,274,156,42744,Q5,8560
15183,25059,48,103,4944,Q1,8561
3232,5178,49,175,8575,Q2,8562
3395,11442,70,217,15190,Q3,8563
4193,11004,174,156,27144,Q4,8564
14429,16535,324,466,150984,Q5,8565
8110,14235,70,64,4480,Q1,8566
8545,10660,106,80,8480,Q2,8567
15393,23329,207,80,16560,Q3,8568
4372,7711,285,98,27930,Q4,8569
11062,25223,160,339,54240,Q5,8570
4962,20238,26,53,1378,Q1,8571
2520,25438,154,57,8778,Q2,8572
11050,23085,247,45,11115,Q3,8573
9364,20956,195,141,27495,Q4,8574
5996,21164,195,217,42315,Q5,8575
12172,13416,38,30,1140,Q1,8576
3743,6688,150,70,10500,Q2,8577
18698,23467,62,240,14880,Q3,8578
22782,25487,302,77,23254,Q4,8579
1750,3631,209,197,41173,Q5,8580
9214,10036,116,50,5800,Q1,8581
20454,20528,117,93,10881,Q2,8582
3423,13592,147,82,12054,Q3,8583
2446,6656,91,305,27755,Q4,8584
11372,22457,422,141,59502,Q5,8585
15516,18979,55,46,2530,Q1,8586
15408,18880,103,64,6592,Q2,8587
11230,21709,83,176,14608,Q3,8588
22246,24043,72,260,18720,Q4,8589
293,4461,271,200,54200,Q5,8590
3620,12997,111,42,4662,Q1,8591
7068,14860,103,77,7931,Q2,8592
13905,24417,212,80,16960,Q3,8593
3317,5393,324,80,25920,Q4,8594
4631,12180,130,270,35100,Q5,8595
2658,18609,45,95,4275,Q1,8596
8472,24137,135,70,9450,Q2,8597
1659,24804,157,84,13188,Q3,8598
10914,20188,172,122,20984,Q4,8599
10948,18668,254,224,56896,Q5,8600
7488,21507,60,96,5760,Q1,8601
6762,16222,99,93,9207,Q2,8602
13241,15139,62,183,11346,Q3,8603
4422,9189,138,149,20562,Q4,8604
9485,10347,1079,83,89557,Q5,8605
19003,20150,31,29,899,Q1,8606
1537,24020,101,103,10403,Q2,8607
13,4822,48,242,11616,Q3,8608
8707,23452,118,218,25724,Q4,8609
5253,10706,391,131,51221,Q5,8610
4267,16240,22,82,1804,Q1,8611
4151,19898,57,128,7296,Q2,8612
777,17066,123,111,13653,Q3,8613
964,1269,137,225,30825,Q4,8614
5941,6774,180,218,39240,Q5,8615
7271,13875,53,78,4134,Q1,8616
2126,20410,103,64,6592,Q2,8617
5751,23735,176,71,12496,Q3,8618
5668,6437,166,139,23074,Q4,8619
3172,7141,198,189,37422,Q5,8620
17293,17987,14,247,3458,Q1,8621
24574,24892,122,50,6100,Q2,8622
2295,15812,159,86,13674,Q3,8623
3295,8243,546,41,22386,Q4,8624
15090,18128,259,164,42476,Q5,8625
15245,18952,62,44,2728,Q1,8626
2953,24929,198,40,7920,Q2,8627
6010,8338,133,121,16093,Q3,8628
13727,21243,134,156,20904,Q4,8629
23914,24687,352,237,83424,Q5,8630
773,16903,24,91,2184,Q1,8631
6991,11370,69,136,9384,Q2,8632
2292,23084,102,122,12444,Q3,8633
10978,22762,653,51,33303,Q4,8634
1829,14682,164,310,50840,Q5,8635
13193,20357,47,53,2491,Q1,8636
2109,25260,95,77,7315,Q2,8637
19959,23843,134,99,13266,Q3,8638
14925,17154,1107,21,23247,Q4,8639
132,4451,511,226,115486,Q5,8640
11150,14976,40,129,5160,Q1,8641
11045,20987,86,104,8944,Q2,8642
23235,24756,175,70,12250,Q3,8643
17939,24292,153,155,23715,Q4,8644
4725,18182,509,110,55990,Q5,8645
1923,7829,127,22,2794,Q1,8646
14110,24245,90,115,10350,Q2,8647
2726,7187,120,112,13440,Q3,8648
18720,24097,103,205,21115,Q4,8649
717,7173,1127,105,118335,Q5,8650
2348,5714,36,138,4968,Q1,8651
15420,17370,200,33,6600,Q2,8652
15611,24878,76,184,13984,Q3,8653
6242,14912,203,152,30856,Q4,8654
10372,14435,192,204,39168,Q5,8655
1107,9867,42,70,2940,Q1,8656
601,24084,71,108,7668,Q2,8657
5332,7947,196,68,13328,Q3,8658
10347,11107,83,348,28884,Q4,8659
2672,10536,273,267,72891,Q5,8660
17209,21802,21,140,2940,Q1,8661
1160,6266,133,61,8113,Q2,8662
8226,19778,126,95,11970,Q3,8663
1655,22273,110,274,30140,Q4,8664
2438,3710,234,193,45162,Q5,8665
7539,10399,51,94,4794,Q1,8666
10626,21805,132,80,10560,Q2,8667
10646,21429,99,131,12969,Q3,8668
2982,14955,121,172,20812,Q4,8669
9301,23156,753,48,36144,Q5,8670
3860,12280,71,71,5041,Q1,8671
6197,15367,67,110,7370,Q2,8672
15802,24256,124,120,14880,Q3,8673
11050,21978,247,118,29146,Q4,8674
1647,2903,284,987,280308,Q5,8675
10109,17846,41,104,4264,Q1,8676
4908,25106,146,61,8906,Q2,8677
18309,21398,202,68,13736,Q3,8678
8011,24047,72,345,24840,Q4,8679
861,18984,941,80,75280,Q5,8680
20641,23643,35,94,3290,Q1,8681
12898,13817,148,45,6660,Q2,8682
3910,21340,107,111,11877,Q3,8683
17691,23718,209,106,22154,Q4,8684
14836,19171,184,315,57960,Q5,8685
17618,20929,26,140,3640,Q1,8686
5978,8898,157,60,9420,Q2,8687
7934,13372,163,71,11573,Q3,8688
19466,20228,309,91,28119,Q4,8689
3197,8769,204,200,40800,Q5,8690
9539,14418,258,21,5418,Q1,8691
5173,21653,92,116,10672,Q2,8692
24017,25520,66,182,12012,Q3,8693
1894,20754,480,53,25440,Q4,8694
92,3073,152,311,47272,Q5,8695
5528,13002,232,16,3712,Q1,8696
7142,18479,128,76,9728,Q2,8697
2084,5664,178,79,14062,Q3,8698
4166,24026,319,74,23606,Q4,8699
13171,24109,205,316,64780,Q5,8700
2001,19017,106,52,5512,Q1,8701
7857,24905,85,89,7565,Q2,8702
4868,21800,183,76,13908,Q3,8703
4748,18887,226,91,20566,Q4,8704
8230,19364,382,345,131790,Q5,8705
12161,14169,47,123,5781,Q1,8706
24287,24692,101,103,10403,Q2,8707
715,10097,94,156,14664,Q3,8708
3552,16053,351,87,30537,Q4,8709
5044,8811,170,317,53890,Q5,8710
21704,21781,43,8,344,Q1,8711
5181,24045,144,63,9072,Q2,8712
1722,6138,79,145,11455,Q3,8713
9188,14568,183,118,21594,Q4,8714
2010,19243,559,102,57018,Q5,8715
17472,21969,35,102,3570,Q1,8716
9795,15319,127,64,8128,Q2,8717
11162,22102,180,84,15120,Q3,8718
6494,21987,245,90,22050,Q4,8719
5036,16273,429,309,132561,Q5,8720
2129,20368,53,104,5512,Q1,8721
18948,22709,82,125,10250,Q2,8722
2146,18060,109,143,15587,Q3,8723
40,7338,80,327,26160,Q4,8724
11981,23496,154,426,65604,Q5,8725
17955,23991,94,63,5922,Q1,8726
7121,16290,111,93,10323,Q2,8727
485,24637,515,31,15965,Q3,8728
12508,15536,276,67,18492,Q4,8729
651,4931,457,178,81346,Q5,8730
7972,8767,100,56,5600,Q1,8731
16721,24269,103,95,9785,Q2,8732
463,10821,120,123,14760,Q3,8733
6911,12387,63,323,20349,Q4,8734
1492,19445,240,281,67440,Q5,8735
13804,13811,55,83,4565,Q1,8736
15164,21308,123,78,9594,Q2,8737
1686,20733,119,105,12495,Q3,8738
10202,10567,176,174,30624,Q4,8739
3431,14754,182,354,64428,Q5,8740
9573,15594,69,59,4071,Q1,8741
7778,8269,61,159,9699,Q2,8742
8215,22501,52,348,18096,Q3,8743
13077,13700,161,171,27531,Q4,8744
1452,18518,318,261,82998,Q5,8745
22704,25286,85,51,4335,Q1,8746
1546,15947,99,110,10890,Q2,8747
21246,25204,61,263,16043,Q3,8748
848,24153,304,71,21584,Q4,8749
12598,15782,140,258,36120,Q5,8750
5970,19864,41,122,5002,Q1,8751
314,3149,27,349,9423,Q2,8752
13796,24540,89,194,17266,Q3,8753
1282,23271,194,106,20564,Q4,8754
6103,12227,187,325,60775,Q5,8755
6810,15772,104,32,3328,Q1,8756
3401,16633,86,125,10750,Q2,8757
14250,20209,62,178,11036,Q3,8758
4257,17953,241,133,32053,Q4,8759
13642,19771,189,752,142128,Q5,8760
11625,22949,61,65,3965,Q1,8761
21169,22861,81,78,6318,Q2,8762
12662,20049,126,105,13230,Q3,8763
1526,13159,170,123,20910,Q4,8764
13375,24651,292,175,51100,Q5,8765
762,2927,20,211,4220,Q1,8766
13470,19757,132,53,6996,Q2,8767
6994,12258,159,84,13356,Q3,8768
1642,12579,218,122,26596,Q4,8769
9267,21214,233,156,36348,Q5,8770
13452,20516,38,66,2508,Q1,8771
10688,25283,206,49,10094,Q2,8772
8685,25172,119,146,17374,Q3,8773
16903,19912,91,214,19474,Q4,8774
14368,17722,1353,69,93357,Q5,8775
9281,17835,59,50,2950,Q1,8776
11604,23443,52,125,6500,Q2,8777
20429,25266,174,89,15486,Q3,8778
14833,18794,234,78,18252,Q4,8779
6861,16040,166,312,51792,Q5,8780
2541,14979,59,63,3717,Q1,8781
16450,16782,43,168,7224,Q2,8782
19276,20564,152,83,12616,Q3,8783
226,12624,452,60,27120,Q4,8784
6557,9487,168,477,80136,Q5,8785
21366,24057,42,45,1890,Q1,8786
13499,14640,145,71,10295,Q2,8787
9524,17005,187,88,16456,Q3,8788
5292,13460,99,192,19008,Q4,8789
2366,22916,537,492,264204,Q5,8790
94,4046,18,59,1062,Q1,8791
15738,19369,117,58,6786,Q2,8792
1381,12307,524,31,16244,Q3,8793
3520,13655,147,162,23814,Q4,8794
2366,2372,537,110,59070,Q5,8795
11927,21101,59,70,4130,Q1,8796
2368,6759,128,77,9856,Q2,8797
8226,12208,126,91,11466,Q3,8798
12293,22249,103,307,31621,Q4,8799
331,14126,481,235,113035,Q5,8800
7,12235,27,116,3132,Q1,8801
13423,20499,65,123,7995,Q2,8802
6114,10905,268,53,14204,Q3,8803
2617,8811,82,317,25994,Q4,8804
3668,7130,262,474,124188,Q5,8805
10988,21599,67,34,2278,Q1,8806
11436,23057,204,42,8568,Q2,8807
12186,15834,166,103,17098,Q3,8808
17305,23020,74,260,19240,Q4,8809
10250,15588,351,113,39663,Q5,8810
7266,22412,267,22,5874,Q1,8811
16572,23703,92,70,6440,Q2,8812
4005,12090,214,69,14766,Q3,8813
2936,17669,161,185,29785,Q4,8814
1293,4431,196,173,33908,Q5,8815
9500,12146,32,118,3776,Q1,8816
13103,18769,50,187,9350,Q2,8817
6399,10081,55,224,12320,Q3,8818
10456,11868,200,102,20400,Q4,8819
8991,24319,1114,35,38990,Q5,8820
9601,19224,36,122,4392,Q1,8821
8032,20494,82,112,9184,Q2,8822
1741,18858,175,99,17325,Q3,8823
2406,5750,48,426,20448,Q4,8824
8038,9069,707,565,399455,Q5,8825
3436,21645,78,73,5694,Q1,8826
8082,9856,31,205,6355,Q2,8827
8658,20845,82,153,12546,Q3,8828
1093,4126,128,151,19328,Q4,8829
1488,9629,262,159,41658,Q5,8830
4248,8412,45,133,5985,Q1,8831
5075,25241,57,119,6783,Q2,8832
9337,19284,78,226,17628,Q3,8833
3593,8720,122,160,19520,Q4,8834
7000,7747,180,333,59940,Q5,8835
6883,17664,42,125,5250,Q1,8836
4976,24593,137,70,9590,Q2,8837
15873,19142,87,186,16182,Q3,8838
5436,19866,129,238,30702,Q4,8839
2924,7334,317,160,50720,Q5,8840
3422,8568,152,22,3344,Q1,8841
9173,16278,217,29,6293,Q2,8842
8026,14767,78,190,14820,Q3,8843
17859,19189,51,502,25602,Q4,8844
100,21845,210,217,45570,Q5,8845
2085,21531,64,43,2752,Q1,8846
162,18028,88,79,6952,Q2,8847
4076,16797,136,88,11968,Q3,8848
573,22536,152,181,27512,Q4,8849
5914,24882,458,80,36640,Q5,8850
3419,12417,110,47,5170,Q1,8851
157,10295,191,55,10505,Q2,8852
9350,24371,325,40,13000,Q3,8853
1361,13134,186,107,19902,Q4,8854
4154,14740,279,139,38781,Q5,8855
15174,20661,50,75,3750,Q1,8856
1283,19926,37,181,6697,Q2,8857
2746,5005,114,123,14022,Q3,8858
8386,13169,168,169,28392,Q4,8859
1970,22469,188,256,48128,Q5,8860
15183,20904,48,118,5664,Q1,8861
5924,7224,199,38,7562,Q2,8862
9316,16392,89,128,11392,Q3,8863
18241,18565,180,108,19440,Q4,8864
5389,19299,375,254,95250,Q5,8865
9865,22640,38,88,3344,Q1,8866
2388,12711,90,83,7470,Q2,8867
2140,20381,170,100,17000,Q3,8868
16660,24777,218,117,25506,Q4,8869
810,2702,422,90,37980,Q5,8870
6310,12684,99,48,4752,Q1,8871
1218,20598,86,104,8944,Q2,8872
3642,23942,138,85,11730,Q3,8873
2088,10317,122,180,21960,Q4,8874
12061,24515,153,242,37026,Q5,8875
2011,23659,10,26,260,Q1,8876
1949,23591,137,68,9316,Q2,8877
2869,19832,240,54,12960,Q3,8878
7918,23698,63,319,20097,Q4,8879
5347,12337,1297,177,229569,Q5,8880
6709,10410,88,53,4664,Q1,8881
13816,19149,31,286,8866,Q2,8882
5665,22167,119,145,17255,Q3,8883
17761,25153,210,98,20580,Q4,8884
9257,10405,346,120,41520,Q5,8885
359,4319,263,15,3945,Q1,8886
1011,18639,105,74,7770,Q2,8887
5676,12179,80,193,15440,Q3,8888
1264,20633,190,130,24700,Q4,8889
12235,14571,116,370,42920,Q5,8890
8133,20667,101,59,5959,Q1,8891
3491,15240,74,113,8362,Q2,8892
4535,20328,120,125,15000,Q3,8893
13597,24686,134,243,32562,Q4,8894
5491,23221,148,316,46768,Q5,8895
11938,21824,19,53,1007,Q1,8896
6274,16209,46,146,6716,Q2,8897
10149,22701,177,78,13806,Q3,8898
10250,22943,351,55,19305,Q4,8899
914,16032,155,272,42160,Q5,8900
8665,23752,142,34,4828,Q1,8901
15628,24802,89,77,6853,Q2,8902
3560,13727,133,134,17822,Q3,8903
22801,23862,68,403,27404,Q4,8904
1857,9776,196,226,44296,Q5,8905
1398,18794,39,78,3042,Q1,8906
3206,16567,39,183,7137,Q2,8907
4605,25423,161,105,16905,Q3,8908
6252,7562,335,71,23785,Q4,8909
5442,10272,326,105,34230,Q5,8910
3819,20641,108,35,3780,Q1,8911
3531,13071,52,124,6448,Q2,8912
19467,20783,201,88,17688,Q3,8913
3352,7329,252,115,28980,Q4,8914
704,24173,350,107,37450,Q5,8915
1461,7462,116,30,3480,Q1,8916
23259,24894,82,85,6970,Q2,8917
1402,3715,67,241,16147,Q3,8918
6583,12315,197,95,18715,Q4,8919
12443,23005,91,370,33670,Q5,8920
7006,18560,61,84,5124,Q1,8921
7351,21121,78,88,6864,Q2,8922
5817,24175,205,87,17835,Q3,8923
11924,19310,78,290,22620,Q4,8924
5108,20891,133,295,39235,Q5,8925
17479,21163,107,55,5885,Q1,8926
13174,19120,42,188,7896,Q2,8927
2194,23790,120,96,11520,Q3,8928
21177,24432,114,180,20520,Q4,8929
572,2965,180,310,55800,Q5,8930
13800,23531,88,40,3520,Q1,8931
4352,13863,70,112,7840,Q2,8932
8956,23291,78,142,11076,Q3,8933
24964,25005,65,283,18395,Q4,8934
3963,4312,401,99,39699,Q5,8935
12156,21148,48,94,4512,Q1,8936
9781,14651,81,105,8505,Q2,8937
3441,12838,215,59,12685,Q3,8938
3174,6515,200,112,22400,Q4,8939
1030,20509,410,165,67650,Q5,8940
599,16427,36,71,2556,Q1,8941
437,13701,245,31,7595,Q2,8942
11598,12740,151,116,17516,Q3,8943
2786,8617,236,118,27848,Q4,8944
470,16205,181,220,39820,Q5,8945
11259,13188,20,41,820,Q1,8946
24275,25092,108,84,9072,Q2,8947
10809,14467,260,70,18200,Q3,8948
8332,14966,38,698,26524,Q4,8949
5276,10584,113,350,39550,Q5,8950
7278,19064,63,81,5103,Q1,8951
8901,21716,91,87,7917,Q2,8952
265,18768,344,38,13072,Q3,8953
29,10729,77,393,30261,Q4,8954
11195,17464,534,407,217338,Q5,8955
505,21920,19,87,1653,Q1,8956
6465,7251,82,112,9184,Q2,8957
6098,6260,104,165,17160,Q3,8958
8580,10145,390,80,31200,Q4,8959
8909,14840,227,249,56523,Q5,8960
7223,16448,26,60,1560,Q1,8961
7332,15442,69,130,8970,Q2,8962
9163,11598,87,151,13137,Q3,8963
6996,7293,251,103,25853,Q4,8964
9225,19959,292,134,39128,Q5,8965
8541,22419,131,32,4192,Q1,8966
2511,11177,200,36,7200,Q2,8967
2731,4630,61,196,11956,Q3,8968
15119,23778,90,234,21060,Q4,8969
717,2902,1127,407,458689,Q5,8970
17401,24230,44,105,4620,Q1,8971
14518,17488,71,117,8307,Q2,8972
14919,19677,151,90,13590,Q3,8973
9166,16782,109,168,18312,Q4,8974
17676,19313,277,151,41827,Q5,8975
6203,19309,30,101,3030,Q1,8976
17981,23515,120,79,9480,Q2,8977
21165,24696,217,78,16926,Q3,8978
14788,16891,182,114,20748,Q4,8979
8923,20730,354,190,67260,Q5,8980
12479,17518,43,24,1032,Q1,8981
6356,14545,102,98,9996,Q2,8982
3657,22848,206,65,13390,Q3,8983
6482,8313,208,160,33280,Q4,8984
9508,14616,258,148,38184,Q5,8985
11969,19419,94,44,4136,Q1,8986
3591,22574,39,166,6474,Q2,8987
2204,7694,155,99,15345,Q3,8988
776,3177,140,153,21420,Q4,8989
22670,23038,514,100,51400,Q5,8990
15938,21403,138,23,3174,Q1,8991
9387,15742,71,109,7739,Q2,8992
1455,2262,119,152,18088,Q3,8993
3886,8715,168,128,21504,Q4,8994
8997,11317,228,184,41952,Q5,8995
2200,17920,109,44,4796,Q1,8996
5013,21511,136,56,7616,Q2,8997
9929,23656,68,222,15096,Q3,8998
2138,11262,104,237,24648,Q4,8999
10427,13669,993,225,223425,Q5,9000
1696,11348,48,90,4320,Q1,9001
11014,14778,41,265,10865,Q2,9002
21820,22824,57,198,11286,Q3,9003
1501,12726,81,234,18954,Q4,9004
5785,15012,470,305,143350,Q5,9005
18553,20069,45,81,3645,Q1,9006
7805,21617,111,77,8547,Q2,9007
15839,17339,147,78,11466,Q3,9008
4315,13925,93,321,29853,Q4,9009
8493,18926,310,153,47430,Q5,9010
18123,21132,56,52,2912,Q1,9011
16738,22339,59,136,8024,Q2,9012
290,8377,189,91,17199,Q3,9013
360,9262,127,179,22733,Q4,9014
20642,25191,227,279,63333,Q5,9015
10818,12522,56,97,5432,Q1,9016
6525,16916,93,84,7812,Q2,9017
2021,18412,87,135,11745,Q3,9018
10487,22697,87,273,23751,Q4,9019
176,15905,341,277,94457,Q5,9020
10212,19535,19,220,4180,Q1,9021
20939,21844,106,76,8056,Q2,9022
816,9383,180,96,17280,Q3,9023
3851,5203,162,192,31104,Q4,9024
6601,17942,141,452,63732,Q5,9025
12212,14860,35,77,2695,Q1,9026
1956,19465,147,73,10731,Q2,9027
7138,18272,69,172,11868,Q3,9028
5033,24064,89,262,23318,Q4,9029
8156,17844,197,190,37430,Q5,9030
16027,23732,16,99,1584,Q1,9031
14993,20969,203,49,9947,Q2,9032
1851,11239,113,113,12769,Q3,9033
3474,14154,225,119,26775,Q4,9034
4024,9485,79,1079,85241,Q5,9035
21747,25291,80,49,3920,Q1,9036
750,9908,128,72,9216,Q2,9037
2136,21153,85,163,13855,Q3,9038
2663,3689,289,73,21097,Q4,9039
385,15005,260,293,76180,Q5,9040
6606,16981,64,94,6016,Q1,9041
9019,22959,84,90,7560,Q2,9042
12918,23019,347,51,17697,Q3,9043
8263,22995,130,186,24180,Q4,9044
5379,17708,144,237,34128,Q5,9045
22351,23545,77,55,4235,Q1,9046
16545,20379,73,85,6205,Q2,9047
13436,17016,282,42,11844,Q3,9048
1036,21023,222,126,27972,Q4,9049
9484,16976,534,111,59274,Q5,9050
1402,21343,67,27,1809,Q1,9051
341,9925,80,78,6240,Q2,9052
9462,19759,108,126,13608,Q3,9053
13136,18967,174,110,19140,Q4,9054
16634,21641,299,168,50232,Q5,9055
13151,14473,51,94,4794,Q1,9056
1899,20337,169,59,9971,Q2,9057
3214,24900,169,73,12337,Q3,9058
11116,22426,348,81,28188,Q4,9059
17807,23756,162,288,46656,Q5,9060
10627,17346,116,28,3248,Q1,9061
3642,22159,138,60,8280,Q2,9062
7343,22345,118,106,12508,Q3,9063
262,19894,106,226,23956,Q4,9064
13289,15962,331,112,37072,Q5,9065
12166,23277,93,52,4836,Q1,9066
594,19646,80,103,8240,Q2,9067
15455,24212,189,66,12474,Q3,9068
1843,3033,166,143,23738,Q4,9069
10059,17895,147,300,44100,Q5,9070
60,1384,139,23,3197,Q1,9071
14982,23237,94,90,8460,Q2,9072
6924,10670,133,107,14231,Q3,9073
9661,11896,301,110,33110,Q4,9074
1527,22284,245,208,50960,Q5,9075
10531,11286,45,20,900,Q1,9076
12276,14355,60,118,7080,Q2,9077
23415,25379,160,88,14080,Q3,9078
16656,23186,181,110,19910,Q4,9079
11402,24119,213,225,47925,Q5,9080
2234,18823,31,110,3410,Q1,9081
6197,18021,67,127,8509,Q2,9082
15881,18425,116,112,12992,Q3,9083
4119,10682,362,70,25340,Q4,9084
2417,19326,163,248,40424,Q5,9085
2873,13484,70,41,2870,Q1,9086
8718,19221,30,202,6060,Q2,9087
12831,15847,102,110,11220,Q3,9088
14481,22807,238,93,22134,Q4,9089
22108,23150,211,455,96005,Q5,9090
9768,23785,18,258,4644,Q1,9091
1268,20907,92,90,8280,Q2,9092
6655,18369,59,211,12449,Q3,9093
3194,5709,118,266,31388,Q4,9094
9366,16734,352,299,105248,Q5,9095
10217,12426,71,56,3976,Q1,9096
12396,19680,100,81,8100,Q2,9097
12986,16617,74,163,12062,Q3,9098
3997,24136,288,71,20448,Q4,9099
4693,18808,158,218,34444,Q5,9100
6937,25119,19,51,969,Q1,9101
19648,23166,86,93,7998,Q2,9102
5409,5725,163,102,16626,Q3,9103
9961,19372,87,210,18270,Q4,9104
7929,18705,415,162,67230,Q5,9105
7479,12836,50,97,4850,Q1,9106
7616,19324,49,165,8085,Q2,9107
15666,25374,87,132,11484,Q3,9108
6690,16136,141,131,18471,Q4,9109
12512,22962,358,102,36516,Q5,9110
44,23022,40,48,1920,Q1,9111
1798,25521,101,89,8989,Q2,9112
19718,21564,111,139,15429,Q3,9113
1498,9369,147,167,24549,Q4,9114
13925,14533,321,188,60348,Q5,9115
9668,25488,203,20,4060,Q1,9116
12589,22755,201,42,8442,Q2,9117
17949,25248,103,124,12772,Q3,9118
41,24515,113,242,27346,Q4,9119
18628,22297,116,330,38280,Q5,9120
16897,20895,46,68,3128,Q1,9121
18565,21528,108,61,6588,Q2,9122
16708,25254,105,138,14490,Q3,9123
2366,14961,537,56,30072,Q4,9124
9031,17937,235,371,87185,Q5,9125
94,5522,18,102,1836,Q1,9126
1659,24977,157,53,8321,Q2,9127
5310,21680,145,105,15225,Q3,9128
14163,25392,107,215,23005,Q4,9129
7560,10637,227,287,65149,Q5,9130
1633,4928,53,109,5777,Q1,9131
15496,23670,95,110,10450,Q2,9132
3508,7220,216,59,12744,Q3,9133
17684,21094,209,93,19437,Q4,9134
4343,19151,322,173,55706,Q5,9135
10490,25030,60,92,5520,Q1,9136
311,6137,24,267,6408,Q2,9137
13948,21733,252,68,17136,Q3,9138
1535,13678,80,302,24160,Q4,9139
12366,13787,136,267,36312,Q5,9140
8445,23483,53,111,5883,Q1,9141
9650,11200,247,34,8398,Q2,9142
10158,10590,248,49,12152,Q3,9143
14370,19804,97,238,23086,Q4,9144
3427,10292,176,464,81664,Q5,9145
13726,15500,32,98,3136,Q1,9146
12694,16274,157,51,8007,Q2,9147
5329,5715,88,129,11352,Q3,9148
3379,7057,237,77,18249,Q4,9149
14326,21169,678,81,54918,Q5,9150
12100,21350,64,79,5056,Q1,9151
1445,7635,71,97,6887,Q2,9152
15209,22580,410,31,12710,Q3,9153
11421,21074,170,131,22270,Q4,9154
2310,24816,177,366,64782,Q5,9155
14936,22352,47,55,2585,Q1,9156
3019,17456,200,37,7400,Q2,9157
248,15362,103,139,14317,Q3,9158
3463,12758,108,179,19332,Q4,9159
285,19334,320,270,86400,Q5,9160
17469,17539,20,58,1160,Q1,9161
16906,18559,85,97,8245,Q2,9162
12582,22893,255,52,13260,Q3,9163
4779,6949,112,180,20160,Q4,9164
13266,13905,409,212,86708,Q5,9165
3424,5734,90,33,2970,Q1,9166
14982,18640,94,112,10528,Q2,9167
10535,19580,102,157,16014,Q3,9168
10957,19169,324,77,24948,Q4,9169
3863,16368,351,270,94770,Q5,9170
20233,20544,64,88,5632,Q1,9171
3757,18989,48,147,7056,Q2,9172
10273,19127,88,162,14256,Q3,9173
6145,24302,198,144,28512,Q4,9174
5558,11878,287,322,92414,Q5,9175
10089,21540,48,99,4752,Q1,9176
2587,5548,114,81,9234,Q2,9177
12759,15819,97,173,16781,Q3,9178
4569,5184,404,66,26664,Q4,9179
19944,20350,176,195,34320,Q5,9180
10045,21417,57,64,3648,Q1,9181
20457,21440,42,151,6342,Q2,9182
9114,11375,207,70,14490,Q3,9183
16430,19638,71,382,27122,Q4,9184
2310,7050,177,213,37701,Q5,9185
608,11778,25,37,925,Q1,9186
1984,9764,124,75,9300,Q2,9187
10945,25324,201,70,14070,Q3,9188
2497,9071,225,116,26100,Q4,9189
3631,15264,197,170,33490,Q5,9190
15862,21777,84,26,2184,Q1,9191
7776,16076,154,40,6160,Q2,9192
2020,15858,36,336,12096,Q3,9193
2184,8848,184,109,20056,Q4,9194
5833,16164,357,135,48195,Q5,9195
1361,18635,186,17,3162,Q1,9196
5081,20035,162,59,9558,Q2,9197
8772,13423,184,65,11960,Q3,9198
2730,21224,128,196,25088,Q4,9199
6557,25402,168,267,44856,Q5,9200
2198,11479,82,39,3198,Q1,9201
3989,23461,97,65,6305,Q2,9202
5025,17900,294,46,13524,Q3,9203
6439,7239,74,337,24938,Q4,9204
13256,18323,185,292,54020,Q5,9205
5649,24911,96,55,5280,Q1,9206
3386,13450,92,106,9752,Q2,9207
6527,11226,87,178,15486,Q3,9208
751,1023,102,275,28050,Q4,9209
19152,24023,721,333,240093,Q5,9210
57,16840,37,135,4995,Q1,9211
16922,25510,62,107,6634,Q2,9212
21705,23700,57,287,16359,Q3,9213
12933,23505,168,144,24192,Q4,9214
12059,24590,125,382,47750,Q5,9215
8545,20870,106,21,2226,Q1,9216
4078,4474,33,315,10395,Q2,9217
8558,17765,105,121,12705,Q3,9218
23320,25072,99,188,18612,Q4,9219
7241,8420,223,201,44823,Q5,9220
10441,17166,95,19,1805,Q1,9221
1276,14186,109,70,7630,Q2,9222
9406,18418,58,195,11310,Q3,9223
5462,9657,492,61,30012,Q4,9224
2818,20375,536,172,92192,Q5,9225
2121,5487,38,121,4598,Q1,9226
5330,20622,77,82,6314,Q2,9227
5214,6712,56,322,18032,Q3,9228
8813,9457,165,141,23265,Q4,9229
19192,23405,100,371,37100,Q5,9230
533,12045,34,25,850,Q1,9231
4463,9254,47,189,8883,Q2,9232
13347,22307,204,82,16728,Q3,9233
8207,25100,318,102,32436,Q4,9234
8995,22044,576,249,143424,Q5,9235
24019,25021,39,85,3315,Q1,9236
1248,13467,69,121,8349,Q2,9237
9263,25449,131,137,17947,Q3,9238
2241,16622,119,180,21420,Q4,9239
8506,11654,434,184,79856,Q5,9240
617,23780,22,45,990,Q1,9241
8171,9638,114,71,8094,Q2,9242
9509,15078,319,51,16269,Q3,9243
17123,19033,161,117,18837,Q4,9244
8230,21529,382,234,89388,Q5,9245
4517,10762,80,33,2640,Q1,9246
14606,21249,113,83,9379,Q2,9247
3556,18987,167,70,11690,Q3,9248
15508,17429,200,135,27000,Q4,9249
14833,24431,234,285,66690,Q5,9250
7026,22351,32,77,2464,Q1,9251
9560,9783,164,65,10660,Q2,9252
15032,21609,94,124,11656,Q3,9253
2353,18123,511,56,28616,Q4,9254
3627,15820,114,418,47652,Q5,9255
2042,3339,64,52,3328,Q1,9256
1016,6375,77,88,6776,Q2,9257
8508,20045,166,83,13778,Q3,9258
9053,16489,139,143,19877,Q4,9259
7955,18222,107,340,36380,Q5,9260
935,21727,14,266,3724,Q1,9261
9616,19294,49,222,10878,Q2,9262
3732,17915,122,93,11346,Q3,9263
11841,22810,275,105,28875,Q4,9264
13857,16108,438,84,36792,Q5,9265
22412,23320,22,99,2178,Q1,9266
8614,15156,136,64,8704,Q2,9267
2172,9343,182,86,15652,Q3,9268
8030,19241,170,161,27370,Q4,9269
14769,25244,509,95,48355,Q5,9270
12295,16508,131,14,1834,Q1,9271
8697,20430,206,32,6592,Q2,9272
16410,21693,73,159,11607,Q3,9273
6731,13875,377,78,29406,Q4,9274
1875,13665,322,210,67620,Q5,9275
6158,16424,20,52,1040,Q1,9276
15448,18589,97,77,7469,Q2,9277
19019,25061,269,50,13450,Q3,9278
18087,18318,173,162,28026,Q4,9279
10852,13275,157,311,48827,Q5,9280
4861,24916,84,54,4536,Q1,9281
3750,11140,92,109,10028,Q2,9282
1194,19144,140,101,14140,Q3,9283
3827,11782,305,73,22265,Q4,9284
16,4709,72,485,34920,Q5,9285
2260,16276,33,113,3729,Q1,9286
15015,15999,145,59,8555,Q2,9287
5392,17789,198,57,11286,Q3,9288
435,12497,95,246,23370,Q4,9289
1042,16343,423,216,91368,Q5,9290
11780,25193,162,29,4698,Q1,9291
22113,23369,80,88,7040,Q2,9292
8280,23730,91,121,11011,Q3,9293
7252,23580,273,85,23205,Q4,9294
2521,15674,308,112,34496,Q5,9295
4385,25061,92,50,4600,Q1,9296
1279,21782,135,75,10125,Q2,9297
13952,20387,140,78,10920,Q3,9298
22951,24103,74,263,19462,Q4,9299
23925,25389,544,164,89216,Q5,9300
10271,23593,51,93,4743,Q1,9301
12059,22389,125,63,7875,Q2,9302
7244,15490,167,79,13193,Q3,9303
3198,9911,171,169,28899,Q4,9304
7604,23697,292,460,134320,Q5,9305
14144,15392,59,94,5546,Q1,9306
7799,16218,129,57,7353,Q2,9307
14693,15240,142,113,16046,Q3,9308
500,10100,422,61,25742,Q4,9309
11,21113,594,82,48708,Q5,9310
13936,17098,89,38,3382,Q1,9311
21190,21297,164,59,9676,Q2,9312
11385,22878,170,67,11390,Q3,9313
5560,18046,388,50,19400,Q4,9314
1565,16361,352,147,51744,Q5,9315
6196,8101,29,62,1798,Q1,9316
6107,24782,201,32,6432,Q2,9317
3193,24125,189,74,13986,Q3,9318
4446,13975,253,72,18216,Q4,9319
3004,7914,321,388,124548,Q5,9320
12223,17599,25,101,2525,Q1,9321
7107,25399,41,248,10168,Q2,9322
519,12766,181,91,16471,Q3,9323
1787,10770,99,309,30591,Q4,9324
6023,25495,403,150,60450,Q5,9325
2748,7024,33,174,5742,Q1,9326
1350,15875,63,109,6867,Q2,9327
18184,20669,146,102,14892,Q3,9328
6725,12252,53,420,22260,Q4,9329
14565,17353,296,282,83472,Q5,9330
3495,12120,17,88,1496,Q1,9331
13411,16116,93,116,10788,Q2,9332
10911,23324,137,115,15755,Q3,9333
1190,10896,73,323,23579,Q4,9334
3797,25255,475,217,103075,Q5,9335
11901,12955,10,46,460,Q1,9336
10189,15431,174,51,8874,Q2,9337
8125,23694,99,121,11979,Q3,9338
8440,18302,111,188,20868,Q4,9339
10860,14341,335,213,71355,Q5,9340
5338,9710,85,33,2805,Q1,9341
7821,13980,264,37,9768,Q2,9342
6357,9046,172,85,14620,Q3,9343
12855,15852,120,192,23040,Q4,9344
6278,10978,88,653,57464,Q5,9345
20090,22396,66,77,5082,Q1,9346
9677,22633,195,55,10725,Q2,9347
350,21563,288,47,13536,Q3,9348
12808,21657,152,131,19912,Q4,9349
22203,23202,282,279,78678,Q5,9350
20749,21972,39,118,4602,Q1,9351
8581,24660,97,95,9215,Q2,9352
16655,23580,172,85,14620,Q3,9353
5538,25022,288,96,27648,Q4,9354
4886,7312,94,468,43992,Q5,9355
14194,18097,40,76,3040,Q1,9356
4874,22010,212,34,7208,Q2,9357
5060,20789,141,104,14664,Q3,9358
10227,20606,126,248,31248,Q4,9359
7443,18512,419,167,69973,Q5,9360
12836,24496,97,61,5917,Q1,9361
1568,22023,214,30,6420,Q2,9362
21152,21508,95,164,15580,Q3,9363
16881,18660,108,236,25488,Q4,9364
11383,20074,169,262,44278,Q5,9365
15118,25521,43,89,3827,Q1,9366
2885,18714,73,131,9563,Q2,9367
1763,13684,140,78,10920,Q3,9368
17799,24354,208,144,29952,Q4,9369
1810,14317,299,234,69966,Q5,9370
434,6829,27,24,648,Q1,9371
6098,13048,104,59,6136,Q2,9372
3965,14149,135,110,14850,Q3,9373
9790,15355,241,98,23618,Q4,9374
3338,8000,363,1077,390951,Q5,9375
4350,5305,94,48,4512,Q1,9376
8740,23428,59,168,9912,Q2,9377
8934,24397,128,117,14976,Q3,9378
4361,25037,186,162,30132,Q4,9379
6258,8986,411,713,293043,Q5,9380
10350,19795,70,58,4060,Q1,9381
4419,17637,120,76,9120,Q2,9382
7665,13047,130,126,16380,Q3,9383
18432,25382,179,115,20585,Q4,9384
4157,5526,509,219,111471,Q5,9385
1258,15345,55,98,5390,Q1,9386
7239,7243,337,31,10447,Q2,9387
22028,23071,118,124,14632,Q3,9388
8535,24320,107,237,25359,Q4,9389
13938,22006,703,380,267140,Q5,9390
15647,16547,37,57,2109,Q1,9391
11208,16742,102,92,9384,Q2,9392
7088,14500,62,270,16740,Q3,9393
16593,25060,97,227,22019,Q4,9394
13675,19652,205,403,82615,Q5,9395
20041,24026,76,74,5624,Q1,9396
18511,20663,121,64,7744,Q2,9397
5177,14331,125,137,17125,Q3,9398
8501,15058,550,59,32450,Q4,9399
4801,11062,284,160,45440,Q5,9400
1815,21099,57,78,4446,Q1,9401
2187,24677,80,105,8400,Q2,9402
13793,24173,113,107,12091,Q3,9403
23634,25541,182,112,20384,Q4,9404
4476,7241,226,223,50398,Q5,9405
8735,23752,139,34,4726,Q1,9406
3312,14071,82,75,6150,Q2,9407
2207,4314,67,168,11256,Q3,9408
2364,14679,163,195,31785,Q4,9409
8628,19968,128,286,36608,Q5,9410
5642,18008,46,91,4186,Q1,9411
9936,13146,40,264,10560,Q2,9412
5727,15352,272,54,14688,Q3,9413
402,3623,123,154,18942,Q4,9414
2396,10435,184,272,50048,Q5,9415
3611,15053,36,97,3492,Q1,9416
20228,24297,91,115,10465,Q2,9417
11745,21974,136,123,16728,Q3,9418
5643,14661,183,103,18849,Q4,9419
6479,6557,231,168,38808,Q5,9420
2859,8822,54,64,3456,Q1,9421
9310,17171,96,97,9312,Q2,9422
3912,25142,158,79,12482,Q3,9423
18225,19820,222,136,30192,Q4,9424
3029,19149,652,286,186472,Q5,9425
17469,20862,20,69,1380,Q1,9426
13344,24310,236,42,9912,Q2,9427
1668,16593,119,97,11543,Q3,9428
19308,24426,100,223,22300,Q4,9429
6667,14737,141,376,53016,Q5,9430
7834,15686,24,215,5160,Q1,9431
21057,25297,105,83,8715,Q2,9432
776,12099,140,90,12600,Q3,9433
1574,7103,210,150,31500,Q4,9434
14540,15252,124,470,58280,Q5,9435
10531,19449,45,89,4005,Q1,9436
8866,15133,189,32,6048,Q2,9437
6849,17129,44,274,12056,Q3,9438
20195,25212,91,264,24024,Q4,9439
9490,16806,422,111,46842,Q5,9440
16292,23215,39,121,4719,Q1,9441
8163,16786,89,75,6675,Q2,9442
8902,9955,151,77,11627,Q3,9443
17854,19904,150,160,24000,Q4,9444
2187,22118,80,645,51600,Q5,9445
10304,20289,57,91,5187,Q1,9446
8248,16961,75,90,6750,Q2,9447
11644,17169,115,145,16675,Q3,9448
6008,7071,144,134,19296,Q4,9449
4094,22039,508,215,109220,Q5,9450
2444,17917,125,44,5500,Q1,9451
6386,11190,134,54,7236,Q2,9452
5129,24668,126,100,12600,Q3,9453
12287,24363,563,43,24209,Q4,9454
12227,18634,325,107,34775,Q5,9455
5701,8378,58,83,4814,Q1,9456
11304,12404,29,320,9280,Q2,9457
5277,5645,86,183,15738,Q3,9458
480,805,380,84,31920,Q4,9459
1692,24870,206,239,49234,Q5,9460
14987,17861,44,56,2464,Q1,9461
773,3147,24,274,6576,Q2,9462
5294,18121,182,90,16380,Q3,9463
4109,16336,161,177,28497,Q4,9464
13453,19744,297,235,69795,Q5,9465
14398,17482,63,79,4977,Q1,9466
4162,15078,186,51,9486,Q2,9467
4413,6333,92,121,11132,Q3,9468
7746,24653,71,415,29465,Q4,9469
8801,8826,182,261,47502,Q5,9470
6780,13475,12,77,924,Q1,9471
6031,9995,111,78,8658,Q2,9472
15052,20468,130,115,14950,Q3,9473
12600,17380,198,105,20790,Q4,9474
10032,11915,162,238,38556,Q5,9475
1184,10905,90,53,4770,Q1,9476
826,7384,285,25,7125,Q2,9477
5852,21100,130,92,11960,Q3,9478
4344,7651,106,290,30740,Q4,9479
3351,8550,328,193,63304,Q5,9480
23028,23779,41,60,2460,Q1,9481
5918,24836,135,80,10800,Q2,9482
549,24142,114,115,13110,Q3,9483
14406,16399,689,46,31694,Q4,9484
2353,18056,511,134,68474,Q5,9485
13699,21279,66,59,3894,Q1,9486
405,21054,103,60,6180,Q2,9487
12150,23730,121,121,14641,Q3,9488
6159,7203,179,171,30609,Q4,9489
4677,17653,344,143,49192,Q5,9490
134,17539,55,58,3190,Q1,9491
7241,20335,223,37,8251,Q2,9492
1266,11792,77,228,17556,Q3,9493
9677,11430,195,102,19890,Q4,9494
4305,18477,276,167,46092,Q5,9495
7491,19916,71,82,5822,Q1,9496
10767,18223,56,188,10528,Q2,9497
4734,21506,92,135,12420,Q3,9498
2312,12317,76,268,20368,Q4,9499
8966,20383,545,107,58315,Q5,9500
22012,23898,20,55,1100,Q1,9501
5164,14651,62,105,6510,Q2,9502
11873,13171,81,205,16605,Q3,9503
18225,18836,222,137,30414,Q4,9504
17692,22856,195,995,194025,Q5,9505
17726,23787,25,99,2475,Q1,9506
9783,21089,65,163,10595,Q2,9507
12319,15304,92,128,11776,Q3,9508
14889,23751,275,83,22825,Q4,9509
17089,19675,164,247,40508,Q5,9510
16596,19034,97,56,5432,Q1,9511
4456,8689,80,131,10480,Q2,9512
6149,18428,210,58,12180,Q3,9513
7968,12659,250,81,20250,Q4,9514
1231,7803,596,106,63176,Q5,9515
12799,24090,71,30,2130,Q1,9516
25046,25477,113,95,10735,Q2,9517
2839,11528,239,48,11472,Q3,9518
9217,23107,160,125,20000,Q4,9519
840,11433,326,199,64874,Q5,9520
1739,4146,30,133,3990,Q1,9521
1608,25205,87,80,6960,Q2,9522
9340,21208,186,61,11346,Q3,9523
12736,21753,138,154,21252,Q4,9524
825,6007,111,304,33744,Q5,9525
21690,22958,147,34,4998,Q1,9526
15876,23128,86,77,6622,Q2,9527
6197,17002,67,214,14338,Q3,9528
8033,12019,118,185,21830,Q4,9529
2797,19899,224,165,36960,Q5,9530
8359,10912,118,27,3186,Q1,9531
11635,20705,75,120,9000,Q2,9532
11498,20715,279,50,13950,Q3,9533
2309,7998,74,285,21090,Q4,9534
743,7149,318,129,41022,Q5,9535
1644,23798,84,55,4620,Q1,9536
2001,19870,106,87,9222,Q2,9537
11374,14835,227,60,13620,Q3,9538
4239,25333,128,159,20352,Q4,9539
2657,5226,134,326,43684,Q5,9540
15493,20895,75,68,5100,Q1,9541
14112,15233,63,152,9576,Q2,9542
25390,25394,211,71,14981,Q3,9543
11825,18503,177,108,19116,Q4,9544
1409,22799,133,584,77672,Q5,9545
13274,17393,181,33,5973,Q1,9546
8022,20799,83,85,7055,Q2,9547
16816,24241,68,165,11220,Q3,9548
1641,2944,228,92,20976,Q4,9549
71,7255,166,207,34362,Q5,9550
11624,16295,43,78,3354,Q1,9551
2316,9887,90,81,7290,Q2,9552
3783,20552,153,93,14229,Q3,9553
15935,18636,162,151,24462,Q4,9554
10427,22320,993,261,259173,Q5,9555
13166,22219,56,35,1960,Q1,9556
739,24694,72,130,9360,Q2,9557
19776,22413,165,91,15015,Q3,9558
4589,10003,373,67,24991,Q4,9559
1145,13961,508,167,84836,Q5,9560
5641,10764,112,43,4816,Q1,9561
16266,18643,119,55,6545,Q2,9562
4274,6225,367,35,12845,Q3,9563
1505,16053,218,87,18966,Q4,9564
5442,19835,326,103,33578,Q5,9565
9492,22286,76,69,5244,Q1,9566
9520,10923,198,37,7326,Q2,9567
7162,24809,94,139,13066,Q3,9568
20915,22942,196,93,18228,Q4,9569
4671,15106,385,169,65065,Q5,9570
7884,8332,120,38,4560,Q1,9571
209,21318,125,73,9125,Q2,9572
15023,17871,139,104,14456,Q3,9573
1196,1499,246,133,32718,Q4,9574
2846,6923,519,126,65394,Q5,9575
9414,11232,168,22,3696,Q1,9576
17894,24250,62,113,7006,Q2,9577
4652,18690,154,91,14014,Q3,9578
1621,7868,133,187,24871,Q4,9579
9688,13177,546,82,44772,Q5,9580
2197,15789,16,156,2496,Q1,9581
13993,23553,174,57,9918,Q2,9582
11009,22101,108,115,12420,Q3,9583
8812,11852,232,127,29464,Q4,9584
14773,22722,162,276,44712,Q5,9585
311,15291,24,201,4824,Q1,9586
14660,25541,83,112,9296,Q2,9587
347,8906,122,116,14152,Q3,9588
18797,19942,64,379,24256,Q4,9589
20197,22782,164,302,49528,Q5,9590
19571,23809,24,109,2616,Q1,9591
10491,23236,72,90,6480,Q2,9592
6098,19938,104,133,13832,Q3,9593
4224,9889,283,71,20093,Q4,9594
8561,14390,105,433,45465,Q5,9595
21064,22878,56,67,3752,Q1,9596
6677,8844,55,182,10010,Q2,9597
674,10538,104,117,12168,Q3,9598
6586,16383,298,84,25032,Q4,9599
8998,9022,678,166,112548,Q5,9600
19476,25247,70,80,5600,Q1,9601
4397,8387,52,191,9932,Q2,9602
11324,19331,151,120,18120,Q3,9603
13744,20686,76,316,24016,Q4,9604
446,5036,394,429,169026,Q5,9605
128,13724,60,80,4800,Q1,9606
7690,20101,138,59,8142,Q2,9607
2376,14854,94,166,15604,Q3,9608
1277,7906,92,207,19044,Q4,9609
11501,13899,148,298,44104,Q5,9610
12941,15692,57,97,5529,Q1,9611
9422,16256,127,65,8255,Q2,9612
8598,20970,75,223,16725,Q3,9613
2987,25037,166,162,26892,Q4,9614
1943,13772,233,188,43804,Q5,9615
13421,13902,33,147,4851,Q1,9616
8389,23413,77,103,7931,Q2,9617
1142,20156,128,97,12416,Q3,9618
6066,14457,142,201,28542,Q4,9619
11445,25120,110,454,49940,Q5,9620
10482,16724,76,65,4940,Q1,9621
5468,12110,134,45,6030,Q2,9622
11138,21387,169,66,11154,Q3,9623
6042,7759,100,197,19700,Q4,9624
4936,13461,620,138,85560,Q5,9625
12098,25091,41,121,4961,Q1,9626
9000,11431,60,170,10200,Q2,9627
14425,15063,116,121,14036,Q3,9628
1642,13597,218,134,29212,Q4,9629
3867,11915,307,238,73066,Q5,9630
215,16677,4,199,796,Q1,9631
8706,25526,73,96,7008,Q2,9632
14438,21132,259,52,13468,Q3,9633
18783,23408,215,115,24725,Q4,9634
11338,25374,302,132,39864,Q5,9635
4962,18632,26,37,962,Q1,9636
6410,7598,235,36,8460,Q2,9637
3798,18586,82,133,10906,Q3,9638
5774,24620,92,319,29348,Q4,9639
13561,17997,88,538,47344,Q5,9640
9519,23494,83,65,5395,Q1,9641
1985,9515,16,474,7584,Q2,9642
131,8416,122,107,13054,Q3,9643
7618,12037,102,237,24174,Q4,9644
13570,23502,112,305,34160,Q5,9645
11014,17194,41,21,861,Q1,9646
16857,25169,80,117,9360,Q2,9647
11337,13066,159,72,11448,Q3,9648
19724,25352,259,71,18389,Q4,9649
6617,8485,556,161,89516,Q5,9650
12254,16007,39,142,5538,Q1,9651
16154,18670,156,61,9516,Q2,9652
2615,22337,92,122,11224,Q3,9653
9533,23701,299,97,29003,Q4,9654
6062,9538,112,298,33376,Q5,9655
22382,23396,32,123,3936,Q1,9656
8894,17370,292,33,9636,Q2,9657
9068,10800,99,154,15246,Q3,9658
1083,16073,205,116,23780,Q4,9659
13924,13958,380,102,38760,Q5,9660
2607,15459,55,106,5830,Q1,9661
3048,14252,117,68,7956,Q2,9662
914,1304,155,97,15035,Q3,9663
5570,14275,157,136,21352,Q4,9664
1540,6095,307,300,92100,Q5,9665
18720,21661,103,37,3811,Q1,9666
7876,11161,50,178,8900,Q2,9667
3840,4297,95,157,14915,Q3,9668
15033,24245,195,115,22425,Q4,9669
6252,6553,335,129,43215,Q5,9670
1351,16862,55,56,3080,Q1,9671
2584,5745,71,120,8520,Q2,9672
5736,20593,119,133,15827,Q3,9673
15926,18398,527,45,23715,Q4,9674
725,25508,573,273,156429,Q5,9675
14129,23152,100,53,5300,Q1,9676
17407,20916,78,92,7176,Q2,9677
11368,14835,235,60,14100,Q3,9678
13172,20163,150,151,22650,Q4,9679
4120,11659,1019,142,144698,Q5,9680
3236,18041,34,82,2788,Q1,9681
11527,15732,130,63,8190,Q2,9682
2457,7235,147,119,17493,Q3,9683
12288,22439,310,71,22010,Q4,9684
14284,24910,486,195,94770,Q5,9685
13489,23659,64,26,1664,Q1,9686
3366,14550,89,118,10502,Q2,9687
1980,14221,293,49,14357,Q3,9688
2971,10417,87,213,18531,Q4,9689
2947,5555,127,360,45720,Q5,9690
7449,16021,37,112,4144,Q1,9691
7926,19684,137,52,7124,Q2,9692
8148,23454,145,80,11600,Q3,9693
1,8725,241,100,24100,Q4,9694
1912,9530,118,305,35990,Q5,9695
7470,7653,52,89,4628,Q1,9696
15064,21197,118,83,9794,Q2,9697
2756,18239,93,120,11160,Q3,9698
2743,24222,134,147,19698,Q4,9699
340,11417,326,116,37816,Q5,9700
2607,15104,55,93,5115,Q1,9701
21461,25328,123,66,8118,Q2,9702
7612,24554,66,248,16368,Q3,9703
2290,4197,123,207,25461,Q4,9704
9053,13846,139,675,93825,Q5,9705
16464,20339,70,35,2450,Q1,9706
3128,12930,163,64,10432,Q2,9707
2242,6321,151,97,14647,Q3,9708
18067,22643,103,295,30385,Q4,9709
488,8324,545,73,39785,Q5,9710
7801,19898,43,128,5504,Q1,9711
9495,14893,32,230,7360,Q2,9712
15551,20320,87,136,11832,Q3,9713
18679,20283,273,74,20202,Q4,9714
5799,14788,468,182,85176,Q5,9715
4495,15501,50,85,4250,Q1,9716
18880,23189,64,161,10304,Q2,9717
4312,19222,99,125,12375,Q3,9718
16647,25413,72,261,18792,Q4,9719
3900,20224,461,211,97271,Q5,9720
16542,22251,48,92,4416,Q1,9721
11819,17943,81,85,6885,Q2,9722
10130,14673,122,106,12932,Q3,9723
7035,20294,295,81,23895,Q4,9724
658,17907,200,270,54000,Q5,9725
1534,7436,148,28,4144,Q1,9726
19161,25260,118,77,9086,Q2,9727
10236,21964,168,80,13440,Q3,9728
79,13766,77,265,20405,Q4,9729
3512,10384,92,480,44160,Q5,9730
5940,10539,57,104,5928,Q1,9731
11510,17426,101,79,7979,Q2,9732
3555,9708,70,161,11270,Q3,9733
235,14400,123,189,23247,Q4,9734
15461,25135,341,166,56606,Q5,9735
8945,10824,71,58,4118,Q1,9736
14672,16069,186,39,7254,Q2,9737
5832,6121,89,160,14240,Q3,9738
5303,16837,126,147,18522,Q4,9739
10963,12864,535,306,163710,Q5,9740
20538,24077,31,60,1860,Q1,9741
5824,12772,109,60,6540,Q2,9742
20482,24755,123,97,11931,Q3,9743
1885,20013,127,194,24638,Q4,9744
15012,19396,305,129,39345,Q5,9745
1954,20021,161,37,5957,Q1,9746
8214,10830,132,80,10560,Q2,9747
15834,21005,103,149,15347,Q3,9748
15148,25055,118,260,30680,Q4,9749
3502,14727,250,610,152500,Q5,9750
3637,8897,46,116,5336,Q1,9751
4507,11886,54,153,8262,Q2,9752
17805,18775,193,82,15826,Q3,9753
8045,21674,247,83,20501,Q4,9754
2830,4575,155,259,40145,Q5,9755
3938,21548,141,26,3666,Q1,9756
2309,7353,74,133,9842,Q2,9757
3273,22380,526,30,15780,Q3,9758
169,6684,70,330,23100,Q4,9759
4993,5892,226,361,81586,Q5,9760
3221,20454,36,117,4212,Q1,9761
6944,17070,72,99,7128,Q2,9762
2466,10013,263,44,11572,Q3,9763
17099,21017,95,236,22420,Q4,9764
10456,16299,200,229,45800,Q5,9765
5987,21438,62,51,3162,Q1,9766
9222,16935,143,45,6435,Q2,9767
1042,8300,423,41,17343,Q3,9768
9053,24871,139,147,20433,Q4,9769
1331,12441,170,232,39440,Q5,9770
16601,24267,58,80,4640,Q1,9771
15492,24922,76,100,7600,Q2,9772
21109,24175,164,87,14268,Q3,9773
19927,22468,195,116,22620,Q4,9774
12436,19335,210,253,53130,Q5,9775
7718,24674,38,121,4598,Q1,9776
8262,14659,87,79,6873,Q2,9777
5969,8935,105,125,13125,Q3,9778
5211,23257,124,195,24180,Q4,9779
15124,18496,118,351,41418,Q5,9780
2701,23158,65,46,2990,Q1,9781
16560,18794,82,78,6396,Q2,9782
3363,6854,83,148,12284,Q3,9783
14215,24778,116,160,18560,Q4,9784
4832,15375,181,316,57196,Q5,9785
12260,16402,192,28,5376,Q1,9786
618,19490,37,216,7992,Q2,9787
5092,11804,94,121,11374,Q3,9788
13323,16493,139,144,20016,Q4,9789
18372,19861,68,1002,68136,Q5,9790
20404,22753,46,102,4692,Q1,9791
1550,22951,126,74,9324,Q2,9792
7639,12204,321,50,16050,Q3,9793
7103,10200,150,146,21900,Q4,9794
10414,20819,248,217,53816,Q5,9795
9815,12735,32,78,2496,Q1,9796
20516,23356,66,97,6402,Q2,9797
3638,18047,46,266,12236,Q3,9798
12804,18668,109,224,24416,Q4,9799
15127,21469,202,269,54338,Q5,9800
19568,21855,43,40,1720,Q1,9801
10329,13994,74,89,6586,Q2,9802
512,21600,167,72,12024,Q3,9803
14590,16383,264,84,22176,Q4,9804
9159,13036,390,101,39390,Q5,9805
382,14302,39,59,2301,Q1,9806
16626,24288,87,102,8874,Q2,9807
60,19688,139,115,15985,Q3,9808
4085,20423,267,69,18423,Q4,9809
10071,18946,115,344,39560,Q5,9810
1349,4402,14,229,3206,Q1,9811
6450,21978,66,118,7788,Q2,9812
8461,11240,170,77,13090,Q3,9813
8826,12445,261,109,28449,Q4,9814
12294,12701,348,192,66816,Q5,9815
1424,18848,38,107,4066,Q1,9816
9586,22168,139,61,8479,Q2,9817
646,24350,97,127,12319,Q3,9818
14178,24622,114,268,30552,Q4,9819
13991,18910,265,142,37630,Q5,9820
2238,24270,43,139,5977,Q1,9821
21782,23418,75,112,8400,Q2,9822
4307,14869,127,134,17018,Q3,9823
8647,23639,150,216,32400,Q4,9824
7048,10087,200,360,72000,Q5,9825
16921,21502,28,120,3360,Q1,9826
3749,24676,96,75,7200,Q2,9827
2726,13873,120,95,11400,Q3,9828
14409,15223,134,167,22378,Q4,9829
2943,14358,486,126,61236,Q5,9830
17319,24192,99,43,4257,Q1,9831
1584,8008,85,91,7735,Q2,9832
12722,20510,128,105,13440,Q3,9833
1339,14840,112,249,27888,Q4,9834
1896,16048,488,460,224480,Q5,9835
5277,17861,86,56,4816,Q1,9836
20267,22832,44,157,6908,Q2,9837
11475,22946,158,86,13588,Q3,9838
13281,23962,196,140,27440,Q4,9839
14042,23498,559,255,142545,Q5,9840
4359,24113,215,19,4085,Q1,9841
4613,22934,86,71,6106,Q2,9842
8033,21488,118,148,17464,Q3,9843
838,15970,85,287,24395,Q4,9844
15453,18119,267,156,41652,Q5,9845
19952,20308,63,69,4347,Q1,9846
19067,25228,112,93,10416,Q2,9847
1946,22401,173,101,17473,Q3,9848
6744,10789,174,149,25926,Q4,9849
2184,18154,184,268,49312,Q5,9850
4122,24643,123,22,2706,Q1,9851
6626,19514,109,84,9156,Q2,9852
5103,16867,111,164,18204,Q3,9853
15932,19827,128,144,18432,Q4,9854
3622,5699,192,292,56064,Q5,9855
12629,13174,54,42,2268,Q1,9856
14748,19010,83,91,7553,Q2,9857
1472,20754,226,53,11978,Q3,9858
592,3881,174,120,20880,Q4,9859
3801,4274,554,367,203318,Q5,9860
10929,24966,27,136,3672,Q1,9861
15211,20072,68,113,7684,Q2,9862
15880,18021,100,127,12700,Q3,9863
642,22017,134,177,23718,Q4,9864
4988,9273,321,205,65805,Q5,9865
20549,21366,80,42,3360,Q1,9866
2069,14314,86,116,9976,Q2,9867
14275,23774,136,93,12648,Q3,9868
18929,19313,156,151,23556,Q4,9869
7859,15428,242,173,41866,Q5,9870
309,20975,31,135,4185,Q1,9871
16865,25233,48,221,10608,Q2,9872
3208,11226,81,178,14418,Q3,9873
2627,5948,108,271,29268,Q4,9874
12453,18655,397,311,123467,Q5,9875
9692,24370,94,43,4042,Q1,9876
9507,18287,58,108,6264,Q2,9877
9692,14851,94,146,13724,Q3,9878
1995,12609,181,155,28055,Q4,9879
4196,23824,451,93,41943,Q5,9880
6566,20491,187,16,2992,Q1,9881
20331,25271,57,136,7752,Q2,9882
3007,13858,171,71,12141,Q3,9883
738,20768,234,119,27846,Q4,9884
6259,17874,336,117,39312,Q5,9885
1012,16922,76,62,4712,Q1,9886
17425,22078,111,55,6105,Q2,9887
11819,22348,81,200,16200,Q3,9888
6414,19889,216,114,24624,Q4,9889
19712,21689,342,160,54720,Q5,9890
12586,20294,51,81,4131,Q1,9891
2660,10083,109,80,8720,Q2,9892
11841,17460,275,61,16775,Q3,9893
7304,17797,230,115,26450,Q4,9894
8917,16851,484,109,52756,Q5,9895
21332,22229,18,150,2700,Q1,9896
21588,23951,71,150,10650,Q2,9897
5234,21656,133,87,11571,Q3,9898
8103,11799,223,113,25199,Q4,9899
1782,23244,327,140,45780,Q5,9900
13187,14218,37,85,3145,Q1,9901
8187,19663,104,97,10088,Q2,9902
1261,22546,181,90,16290,Q3,9903
9577,9826,278,81,22518,Q4,9904
14177,14480,128,444,56832,Q5,9905
13852,20327,63,62,3906,Q1,9906
7911,17140,59,102,6018,Q2,9907
1143,6395,153,81,12393,Q3,9908
12946,16704,328,99,32472,Q4,9909
1568,10778,214,190,40660,Q5,9910
5805,25028,30,80,2400,Q1,9911
5781,20233,135,64,8640,Q2,9912
16440,20493,99,113,11187,Q3,9913
15923,24891,149,182,27118,Q4,9914
9544,16153,224,157,35168,Q5,9915
10763,15635,26,121,3146,Q1,9916
8933,13721,223,42,9366,Q2,9917
11343,23600,88,144,12672,Q3,9918
2075,8641,454,43,19522,Q4,9919
16257,24400,167,252,42084,Q5,9920
22290,24036,76,33,2508,Q1,9921
6525,24615,93,67,6231,Q2,9922
451,8555,215,65,13975,Q3,9923
7821,10982,264,120,31680,Q4,9924
13177,13686,82,411,33702,Q5,9925
7519,9587,23,49,1127,Q1,9926
16189,20586,90,100,9000,Q2,9927
841,10810,100,169,16900,Q3,9928
2755,14487,220,98,21560,Q4,9929
12136,14012,431,175,75425,Q5,9930
1384,12930,23,64,1472,Q1,9931
3558,10331,38,229,8702,Q2,9932
12754,19769,89,142,12638,Q3,9933
23723,23754,275,110,30250,Q4,9934
3364,13435,270,208,56160,Q5,9935
24417,24888,80,40,3200,Q1,9936
4812,8328,106,68,7208,Q2,9937
7811,12293,169,103,17407,Q3,9938
10342,20503,194,97,18818,Q4,9939
2397,21750,149,253,37697,Q5,9940
6773,12129,30,85,2550,Q1,9941
12501,15940,90,110,9900,Q2,9942
1763,7543,140,84,11760,Q3,9943
7872,16882,232,115,26680,Q4,9944
8047,12028,407,165,67155,Q5,9945
3686,12784,43,42,1806,Q1,9946
1568,6085,214,43,9202,Q2,9947
5583,6883,318,42,13356,Q3,9948
1021,17081,343,76,26068,Q4,9949
3848,17128,288,227,65376,Q5,9950
7756,20294,65,81,5265,Q1,9951
6950,13402,70,91,6370,Q2,9952
2920,17277,71,184,13064,Q3,9953
4930,20615,181,106,19186,Q4,9954
1369,23289,231,254,58674,Q5,9955
7209,10212,43,19,817,Q1,9956
2158,19654,81,118,9558,Q2,9957
21529,22147,234,65,15210,Q3,9958
19664,23007,261,118,30798,Q4,9959
5617,17110,445,286,127270,Q5,9960
18272,21332,172,18,3096,Q1,9961
6427,19091,114,95,10830,Q2,9962
15234,18642,77,193,14861,Q3,9963
17176,19741,75,247,18525,Q4,9964
65,13606,458,255,116790,Q5,9965
6361,17447,108,47,5076,Q1,9966
5212,9001,64,116,7424,Q2,9967
6401,19112,140,128,17920,Q3,9968
8868,21652,180,112,20160,Q4,9969
11658,14047,535,324,173340,Q5,9970
4417,20107,312,19,5928,Q1,9971
8746,15881,57,116,6612,Q2,9972
371,24295,427,35,14945,Q3,9973
9567,11850,107,258,27606,Q4,9974
4674,21473,214,159,34026,Q5,9975
15874,17537,49,100,4900,Q1,9976
12931,15688,106,93,9858,Q2,9977
1149,15431,341,51,17391,Q3,9978
10110,12886,177,161,28497,Q4,9979
3263,8789,264,279,73656,Q5,9980
15155,19798,103,15,1545,Q1,9981
14856,24922,91,100,9100,Q2,9982
9845,12818,62,179,11098,Q3,9983
1976,16242,241,97,23377,Q4,9984
1828,18059,185,191,35335,Q5,9985
9902,11122,70,63,4410,Q1,9986
7243,22292,31,204,6324,Q2,9987
5358,5882,89,154,13706,Q3,9988
2118,15769,149,128,19072,Q4,9989
10630,15695,720,244,175680,Q5,9990
12559,13511,161,35,5635,Q1,9991
1175,18340,368,23,8464,Q2,9992
6787,14227,87,176,15312,Q3,9993
5361,17991,76,408,31008,Q4,9994
4115,16158,618,60,37080,Q5,9995
1027,10723,156,25,3900,Q1,9996
15338,21903,158,39,6162,Q2,9997
19790,23955,65,217,14105,Q3,9998
10165,17759,270,110,29700,Q4,9999
13783,18671,191,586,111926,Q5,10000
